-------------------------------
-- Daten für Projekt Baalbek --
-------------------------------

--------------------
-- Daten von Lisa --
--------------------

--Einfügen der lokalisierten Zeichenketten für Testdaten
INSERT INTO "localized_character_string" VALUES ('478ff120-5bb6-4e59-9748-47e9d2435441','c0d76ff3-a711-42af-920d-09132a287015','testExt_Geometrie');
INSERT INTO "localized_character_string" VALUES ('4d408203-ba21-45bd-ae43-44cc5c347d4c','c0d76ff3-a711-42af-920d-09132a287015','testExt_Beschreibung Werteliste 1');
INSERT INTO "localized_character_string" VALUES ('e569fd56-1f1f-4d0e-8bad-1ae60d43ae8a','c0d76ff3-a711-42af-920d-09132a287015','testExt_Beschreibung Werteliste 2');
INSERT INTO "localized_character_string" VALUES ('2548a902-cf79-4542-916a-3ae2b617480b','c0d76ff3-a711-42af-920d-09132a287015','testExt_Beschreibung Werteliste 3');
INSERT INTO "localized_character_string" VALUES ('af7669c5-6832-4fe6-8e78-36330818deaa','c0d76ff3-a711-42af-920d-09132a287015','testExt_Beschreibung Werteliste 4');
INSERT INTO "localized_character_string" VALUES ('9496a736-d8b1-4fef-bd4b-f49c2a832dd1','c0d76ff3-a711-42af-920d-09132a287015','testExt_Beschreibung Werteliste 5');
INSERT INTO "localized_character_string" VALUES ('74eb3a8d-72fa-4222-bb30-02f32ea5fc47','c0d76ff3-a711-42af-920d-09132a287015','testExt_Beschreibung Werteliste 6');
INSERT INTO "localized_character_string" VALUES ('a28036ef-24c1-47dc-81f8-144693e618ff','c0d76ff3-a711-42af-920d-09132a287015','testExt_Beschreibung Werteliste 7');
INSERT INTO "localized_character_string" VALUES ('ae006600-87d4-4af4-900d-b72c83320416','c0d76ff3-a711-42af-920d-09132a287015','testExt_Beschreibung Werteliste 8');
INSERT INTO "localized_character_string" VALUES ('f04fb5f6-df10-4b8a-9f81-5d06b8ae0991','c0d76ff3-a711-42af-920d-09132a287015','testExt_Beschreibung Werteliste 9');
INSERT INTO "localized_character_string" VALUES ('4ec7838d-d225-4b9b-a176-cbba1be997bc','c0d76ff3-a711-42af-920d-09132a287015','testExt_Beschreibung Werteliste 10');
INSERT INTO "localized_character_string" VALUES ('7a1ec481-008b-41b6-bb60-c4d26098567c','c0d76ff3-a711-42af-920d-09132a287015','testExt_Beschreibung Werteliste 11');
INSERT INTO "localized_character_string" VALUES ('55a9a327-13ee-4515-805b-0eb5ac26f56c','c0d76ff3-a711-42af-920d-09132a287015','testExt_Beschreibung Werteliste 12');
INSERT INTO "localized_character_string" VALUES ('5cacdec2-5825-4c18-a513-ceb0d9f9eede','c0d76ff3-a711-42af-920d-09132a287015','testExt_Beschreibung Werteliste 13');
INSERT INTO "localized_character_string" VALUES ('6cadb9b3-2e49-433a-94bd-2fe53116ac13','c0d76ff3-a711-42af-920d-09132a287015','testExt_Beschreibung Werteliste 14');
INSERT INTO "localized_character_string" VALUES ('77357ccd-1dd6-4b89-b555-a4e5e4bf08a1','c0d76ff3-a711-42af-920d-09132a287015','testExt_Beschreibung Werteliste 15');
INSERT INTO "localized_character_string" VALUES ('3a9bccd0-342e-4862-beb2-ae069ff42641','c0d76ff3-a711-42af-920d-09132a287015','testExt_Beschreibung Werteliste 16');
INSERT INTO "localized_character_string" VALUES ('2560ee25-5d85-44d4-b4dd-6a2f5556fcf3','c0d76ff3-a711-42af-920d-09132a287015','testExt_Beschreibung Werteliste 17');
INSERT INTO "localized_character_string" VALUES ('601113fc-f737-49a5-8ea8-a6590f9e8405','c0d76ff3-a711-42af-920d-09132a287015','testExt_Beschreibung Werteliste 18');
INSERT INTO "localized_character_string" VALUES ('c6df9591-fe0b-4814-9e69-c4cc04555c6e','c0d76ff3-a711-42af-920d-09132a287015','testExt_Beschreibung Werteliste 19');
INSERT INTO "localized_character_string" VALUES ('1eafd560-1a82-42ae-b4d3-7afc679949cf','c0d76ff3-a711-42af-920d-09132a287015','testExt_Beschreibung Werteliste 20');
INSERT INTO "localized_character_string" VALUES ('2027d357-5af7-4cda-9c74-d939ce24d696','c0d76ff3-a711-42af-920d-09132a287015','testExt_Beschreibung Werteliste 21');
INSERT INTO "localized_character_string" VALUES ('820b358f-29f5-47cf-bba3-924516babe87','c0d76ff3-a711-42af-920d-09132a287015','testExt_Beschreibung Werteliste 22');
INSERT INTO "localized_character_string" VALUES ('0a3e8a10-7ba1-4ed7-bb7c-1d552e36ed83','c0d76ff3-a711-42af-920d-09132a287015','testExt_Beschreibung Werteliste 23');
INSERT INTO "localized_character_string" VALUES ('cd9db63d-fe9e-4cf0-9a00-1b5eb934305a','c0d76ff3-a711-42af-920d-09132a287015','testExt_Beschreibung Werteliste 24');
INSERT INTO "localized_character_string" VALUES ('3f8c351f-bb43-4cf5-b554-5df7d937c289','c0d76ff3-a711-42af-920d-09132a287015','testExt_Beschreibung Werteliste 25');
INSERT INTO "localized_character_string" VALUES ('c1533cce-726a-4d71-8700-9d87fa6f028d','c0d76ff3-a711-42af-920d-09132a287015','testExt_Beschreibung Werteliste 26');
INSERT INTO "localized_character_string" VALUES ('85a0e18d-2981-454f-bd42-7b6cd9450f5f','c0d76ff3-a711-42af-920d-09132a287015','testExt_Beschreibung Werteliste 27');
INSERT INTO "localized_character_string" VALUES ('51243d36-e6be-4586-a9f1-1e65168e245d','c0d76ff3-a711-42af-920d-09132a287015','testExt_Beschreibung Werteliste 28');
INSERT INTO "localized_character_string" VALUES ('b9bb6c8b-8653-4424-95d1-0e3cafc0f6f1','c0d76ff3-a711-42af-920d-09132a287015','testExt_Beschreibung Werteliste 29');
INSERT INTO "localized_character_string" VALUES ('a559d9c7-0b17-423a-851d-b101d905edef','c0d76ff3-a711-42af-920d-09132a287015','testExt_Beschreibung Werteliste 30');
INSERT INTO "localized_character_string" VALUES ('df36f934-0f2c-463b-9637-b5a5405a35bb','c0d76ff3-a711-42af-920d-09132a287015','testExt_Beschreibung Werteliste 31');
INSERT INTO "localized_character_string" VALUES ('95123aae-337a-423d-b571-734f59b45236','c0d76ff3-a711-42af-920d-09132a287015','testExt_Beschreibung Werteliste 32');
INSERT INTO "localized_character_string" VALUES ('ec2751ea-7544-4ece-8755-c0a77e2438e0','c0d76ff3-a711-42af-920d-09132a287015','testExt_Beschreibung Werteliste 33');
INSERT INTO "localized_character_string" VALUES ('6d5dd06d-35a2-4299-9cbb-7beddba809d2','c0d76ff3-a711-42af-920d-09132a287015','testExt_Beschreibung Werteliste 34');
INSERT INTO "localized_character_string" VALUES ('ebef9f55-4e9b-406f-8c85-01d4e1287d30','c0d76ff3-a711-42af-920d-09132a287015','testExt_Beschreibung Werteliste 35');
INSERT INTO "localized_character_string" VALUES ('2bc8b0f2-217a-44b6-a77d-d637cf174e5c','c0d76ff3-a711-42af-920d-09132a287015','testExt_Beschreibung Werteliste 36');
INSERT INTO "localized_character_string" VALUES ('41a3fa81-3928-4b48-b1cc-acc8ce450d73','c0d76ff3-a711-42af-920d-09132a287015','testExt_Beschreibung Werteliste 37');
INSERT INTO "localized_character_string" VALUES ('bd279295-2ff0-44e7-9698-21f75accee42','c0d76ff3-a711-42af-920d-09132a287015','testExt_Beschreibung Werteliste 38');
INSERT INTO "localized_character_string" VALUES ('69b0d2c3-4644-4a00-9886-c884f7647abc','c0d76ff3-a711-42af-920d-09132a287015','testExt_Beschreibung Werteliste 39');
INSERT INTO "localized_character_string" VALUES ('2452f1b3-e375-4706-a63d-6e655d88e60f','c0d76ff3-a711-42af-920d-09132a287015','testExt_Beschreibung Werteliste 40');
INSERT INTO "localized_character_string" VALUES ('519fa3d0-87b1-4305-822e-5a5bbd2d7881','c0d76ff3-a711-42af-920d-09132a287015','testExt_Beschreibung Werteliste 41');
INSERT INTO "localized_character_string" VALUES ('4aac8ccd-9751-4b5f-8761-d3f102f15b58','c0d76ff3-a711-42af-920d-09132a287015','testExt_Beschreibung Werteliste 42');
INSERT INTO "localized_character_string" VALUES ('37a1a7d4-d6ba-4948-90c9-71b33e41eea4','c0d76ff3-a711-42af-920d-09132a287015','testExt_Beschreibung Werteliste 43');
INSERT INTO "localized_character_string" VALUES ('69feb6ab-af20-4d34-8743-5b55743392f0','c0d76ff3-a711-42af-920d-09132a287015','testExt_Beschreibung Werteliste 44');
INSERT INTO "localized_character_string" VALUES ('df4ec7f6-8bec-4c17-89ca-5b2a40b85f8e','c0d76ff3-a711-42af-920d-09132a287015','testExt_Beschreibung Werteliste 45');
INSERT INTO "localized_character_string" VALUES ('60bed548-dd07-4157-b69c-204694386369','c0d76ff3-a711-42af-920d-09132a287015','testExt_Beschreibung Werteliste 46');
INSERT INTO "localized_character_string" VALUES ('8d8c31aa-fdb2-45b2-87a4-84a955da6d6e','c0d76ff3-a711-42af-920d-09132a287015','testExt_Beschreibung Werteliste 47');
INSERT INTO "localized_character_string" VALUES ('4a9ae271-c13d-486e-be57-3dd24a00058a','c0d76ff3-a711-42af-920d-09132a287015','testExt_Beschreibung Werteliste 48');
INSERT INTO "localized_character_string" VALUES ('14081f20-9c71-4d45-b0ca-08c009b122cb','c0d76ff3-a711-42af-920d-09132a287015','testExt_Beschreibung Werteliste 49');
INSERT INTO "localized_character_string" VALUES ('f97c80b4-d516-4160-97df-55f9495de8ba','c0d76ff3-a711-42af-920d-09132a287015','testExt_Beschreibung Werteliste 50');
INSERT INTO "localized_character_string" VALUES ('8bcd6afd-528b-4eee-b43c-b954de1ff3b0','c0d76ff3-a711-42af-920d-09132a287015','testExt_Beschreibung Werteliste 51');
INSERT INTO "localized_character_string" VALUES ('20899d66-d7ac-45cf-8dab-702897cc3589','c0d76ff3-a711-42af-920d-09132a287015','testExt_Beschreibung Werteliste 52');
INSERT INTO "localized_character_string" VALUES ('4e3b5fb4-ff3f-46ba-afe3-797510af07cc','c0d76ff3-a711-42af-920d-09132a287015','testExt_Beschreibung Werteliste 53');
INSERT INTO "localized_character_string" VALUES ('0b6be398-5b27-4e17-a9fd-aebc1c0c7ea2','c0d76ff3-a711-42af-920d-09132a287015','testExt_Beschreibung Werteliste 54');
INSERT INTO "localized_character_string" VALUES ('16b65735-1d89-411d-b57c-1cc20fd9a83c','c0d76ff3-a711-42af-920d-09132a287015','testExt_Beschreibung Werteliste 55');
INSERT INTO "localized_character_string" VALUES ('0be8796c-6da0-4082-a532-72c940fc9973','c0d76ff3-a711-42af-920d-09132a287015','testExt_Beschreibung Werteliste 56');
INSERT INTO "localized_character_string" VALUES ('2ced6b65-9ecb-4752-883f-ae230a2f9b61','c0d76ff3-a711-42af-920d-09132a287015','testExt_Beschreibung Werteliste 57');
INSERT INTO "localized_character_string" VALUES ('ad40c1e7-f759-437c-affe-1dd770f80485','c0d76ff3-a711-42af-920d-09132a287015','testExt_Beschreibung Werteliste 58');
INSERT INTO "localized_character_string" VALUES ('f42874a3-d0ec-4c30-8f99-26b50900f3a5','c0d76ff3-a711-42af-920d-09132a287015','testExt_Beschreibung Werteliste 59');
INSERT INTO "localized_character_string" VALUES ('5f055adc-49e9-4c1c-899e-5e9df7ceb682','c0d76ff3-a711-42af-920d-09132a287015','testExt_Beschreibung Werteliste 60');
INSERT INTO "localized_character_string" VALUES ('00689d02-5740-4ff9-9f71-591a3cba196c','c0d76ff3-a711-42af-920d-09132a287015','testExt_Beschreibung Werteliste 61');
INSERT INTO "localized_character_string" VALUES ('357c35e8-2a3c-4040-bb85-cd172e0d5590','c0d76ff3-a711-42af-920d-09132a287015','testExt_Beschreibung Werteliste 62');
INSERT INTO "localized_character_string" VALUES ('e7c0735d-5c1a-4a51-8edc-bc7b223b77fc','c0d76ff3-a711-42af-920d-09132a287015','testExt_Beschreibung Werteliste 63');
INSERT INTO "localized_character_string" VALUES ('0191239a-b8f3-458d-bf89-daa010c0e0aa','c0d76ff3-a711-42af-920d-09132a287015','testExt_Beschreibung Werteliste 64');
INSERT INTO "localized_character_string" VALUES ('910a4790-1baf-483d-9583-47cdbab2bf9d','c0d76ff3-a711-42af-920d-09132a287015','testExt_Beschreibung Werteliste 65');
INSERT INTO "localized_character_string" VALUES ('7f2c1b9c-1d62-4061-a9d3-c2d42b1162d5','c0d76ff3-a711-42af-920d-09132a287015','testExt_Beschreibung Werteliste 66');
INSERT INTO "localized_character_string" VALUES ('1943fdcf-3d5e-4133-9739-146390e9baf3','c0d76ff3-a711-42af-920d-09132a287015','testExt_Beschreibung Werteliste 67');
INSERT INTO "localized_character_string" VALUES ('6323badc-db8b-49b4-b0dc-7b2f131ea5fb','c0d76ff3-a711-42af-920d-09132a287015','testExt_Beschreibung Werteliste 68');
INSERT INTO "localized_character_string" VALUES ('32efccd3-6d41-491c-bc23-0d005004b0a2','c0d76ff3-a711-42af-920d-09132a287015','testExt_Beschreibung Werteliste 69');
INSERT INTO "localized_character_string" VALUES ('9375ccb8-b8a3-4aa8-8f07-86c9ebf82139','c0d76ff3-a711-42af-920d-09132a287015','testExt_Beschreibung Werteliste 70');
INSERT INTO "localized_character_string" VALUES ('362a8e8d-c990-43aa-8226-b18ecae31ffb','c0d76ff3-a711-42af-920d-09132a287015','testExt_Beschreibung Werteliste 71');
INSERT INTO "localized_character_string" VALUES ('e0db184a-1c15-44c5-8d20-d34ad5cc2d99','c0d76ff3-a711-42af-920d-09132a287015','testExt_Beschreibung Werteliste 72');
INSERT INTO "localized_character_string" VALUES ('8afe071f-bd50-413f-82ae-72671132fe9a','c0d76ff3-a711-42af-920d-09132a287015','testExt_Beschreibung Werteliste 73');
INSERT INTO "localized_character_string" VALUES ('d0f3a11e-11b4-452c-bebd-2413f7fb699c','c0d76ff3-a711-42af-920d-09132a287015','testExt_Beschreibung Werteliste 74');
INSERT INTO "localized_character_string" VALUES ('13896834-ec32-465e-9979-116f7f5b9285','c0d76ff3-a711-42af-920d-09132a287015','testExt_Beschreibung Werteliste 75');
INSERT INTO "localized_character_string" VALUES ('b71e8268-f0e3-41f3-9118-856cb652519c','c0d76ff3-a711-42af-920d-09132a287015','testExt_Beschreibung Werteliste 76');
INSERT INTO "localized_character_string" VALUES ('f66fd770-2937-4dda-a1f9-9ac0bc30e146','c0d76ff3-a711-42af-920d-09132a287015','testExt_Beschreibung Werteliste 77');
INSERT INTO "localized_character_string" VALUES ('21ba23e2-15e5-4e38-81c6-62b7e842eeaa','c0d76ff3-a711-42af-920d-09132a287015','testExt_Beschreibung Werteliste 78');
INSERT INTO "localized_character_string" VALUES ('eaeb148a-e30a-4416-b310-138840964860','c0d76ff3-a711-42af-920d-09132a287015','testExt_Beschreibung Werteliste 79');
INSERT INTO "localized_character_string" VALUES ('cb0656be-71a6-44a8-ba2b-c2d23d27782c','c0d76ff3-a711-42af-920d-09132a287015','testExt_Beschreibung Werteliste 80');
INSERT INTO "localized_character_string" VALUES ('f7fcd25d-8f75-481f-98b4-e9daec201fbf','c0d76ff3-a711-42af-920d-09132a287015','testExt_Beschreibung Werteliste 81');
INSERT INTO "localized_character_string" VALUES ('ff600870-e33b-48c4-9a14-ed850268829c','c0d76ff3-a711-42af-920d-09132a287015','testExt_Beschreibung Werteliste 82');
INSERT INTO "localized_character_string" VALUES ('dddf98ee-371a-4286-aafe-546b24817109','c0d76ff3-a711-42af-920d-09132a287015','testExt_Beschreibung Werteliste 83');
INSERT INTO "localized_character_string" VALUES ('ad2c170d-c662-46fa-bfe0-af9019b2e3c4','c0d76ff3-a711-42af-920d-09132a287015','testExt_Beschreibung Werteliste 84');
INSERT INTO "localized_character_string" VALUES ('3d486689-195b-4ce9-bbc9-3c5628e400fe','c0d76ff3-a711-42af-920d-09132a287015','testExt_Beschreibung Werteliste 85');
INSERT INTO "localized_character_string" VALUES ('06764bc8-20c8-4400-a82b-2629846302da','c0d76ff3-a711-42af-920d-09132a287015','testExt_Beschreibung Werteliste 86');
INSERT INTO "localized_character_string" VALUES ('62f9d1b5-8c87-4a27-b237-dd8be3839b3e','c0d76ff3-a711-42af-920d-09132a287015','testExt_Beschreibung Werteliste 87');
INSERT INTO "localized_character_string" VALUES ('5d0f7360-1aec-4100-b398-343b488347bc','c0d76ff3-a711-42af-920d-09132a287015','testExt_Beschreibung Werteliste 88');
INSERT INTO "localized_character_string" VALUES ('90ac0a7a-db8e-40b6-a58e-64343cb8fed8','c0d76ff3-a711-42af-920d-09132a287015','testExt_Beschreibung Werteliste 89');
INSERT INTO "localized_character_string" VALUES ('c7ef2ca5-e064-484e-b3d5-95bab0f7af70','c0d76ff3-a711-42af-920d-09132a287015','testExt_Beschreibung Werteliste 90');
INSERT INTO "localized_character_string" VALUES ('4cc6920e-b6a4-46ba-9473-18857e5dd16b','c0d76ff3-a711-42af-920d-09132a287015','testExt_Beschreibung Werteliste 91');
INSERT INTO "localized_character_string" VALUES ('a09dfcbe-8a2e-44e5-8563-5df39260bc9e','c0d76ff3-a711-42af-920d-09132a287015','testExt_Beschreibung Werteliste 92');
INSERT INTO "localized_character_string" VALUES ('9c306a6a-e5e8-442c-a4ed-fb769112fb10','c0d76ff3-a711-42af-920d-09132a287015','testExt_Beschreibung Werteliste 93');
INSERT INTO "localized_character_string" VALUES ('5bbff865-3717-474f-b1c0-1a8bac58a57f','c0d76ff3-a711-42af-920d-09132a287015','testExt_Beschreibung Werteliste 94');
INSERT INTO "localized_character_string" VALUES ('3655ff16-6638-4aad-a8be-6764acb31355','c0d76ff3-a711-42af-920d-09132a287015','testExt_Beschreibung Werteliste 95');
INSERT INTO "localized_character_string" VALUES ('7402556d-a568-49e0-86a7-4b3dde89cf72','c0d76ff3-a711-42af-920d-09132a287015','testExt_Beschreibung Werteliste 96');
INSERT INTO "localized_character_string" VALUES ('32a1ed98-2b57-4735-993a-414584e52dee','c0d76ff3-a711-42af-920d-09132a287015','testExt_Beschreibung Werteliste 97');
INSERT INTO "localized_character_string" VALUES ('cd13f356-c245-4705-a169-d5512e7bca4f','c0d76ff3-a711-42af-920d-09132a287015','testExt_Beschreibung Werteliste 98');
INSERT INTO "localized_character_string" VALUES ('c08cf650-af01-49c4-b702-74c3df8ed88a','c0d76ff3-a711-42af-920d-09132a287015','testExt_Beschreibung Werteliste 99');
INSERT INTO "localized_character_string" VALUES ('134ee7fc-3a7a-4b45-975c-8338e5ff69a8','c0d76ff3-a711-42af-920d-09132a287015','testExt_Beschreibung Werteliste 100');
INSERT INTO "localized_character_string" VALUES ('ce68479a-d795-4cdf-96e7-52a399ea2f62','c0d76ff3-a711-42af-920d-09132a287015','testExt_Beschreibung Werteliste 101');
INSERT INTO "localized_character_string" VALUES ('de511cd9-7cc8-46a6-bc33-bd794e7d5a07','c0d76ff3-a711-42af-920d-09132a287015','testExt_Beschreibung Werteliste 102');
INSERT INTO "localized_character_string" VALUES ('a252a452-ceac-4e2c-a458-f4f93545d805','c0d76ff3-a711-42af-920d-09132a287015','testExt_Beschreibung Werteliste 103');
INSERT INTO "localized_character_string" VALUES ('4ea76fcb-5162-4475-8817-2a3dfe59f490','c0d76ff3-a711-42af-920d-09132a287015','testExt_Beschreibung Werteliste 104');
INSERT INTO "localized_character_string" VALUES ('8e042b29-ba4f-4f17-996a-02bed613b2c7','c0d76ff3-a711-42af-920d-09132a287015','testExt_Beschreibung Werteliste 105');
INSERT INTO "localized_character_string" VALUES ('595173cf-2910-4766-82a1-6ba5d5985b09','c0d76ff3-a711-42af-920d-09132a287015','testExt_Beschreibung Werteliste 106');
INSERT INTO "localized_character_string" VALUES ('808c3ae3-1552-47f9-a4d0-ac08dcad3a24','c0d76ff3-a711-42af-920d-09132a287015','testExt_Beschreibung Werteliste 107');
INSERT INTO "localized_character_string" VALUES ('9db93a06-50f5-4a7f-acfd-8f72aaf44d95','c0d76ff3-a711-42af-920d-09132a287015','testExt_Beschreibung Werteliste 108');
INSERT INTO "localized_character_string" VALUES ('4f5b554c-aec1-49cc-9efb-849426a44164','c0d76ff3-a711-42af-920d-09132a287015','testExt_Beschreibung Werteliste 109');
INSERT INTO "localized_character_string" VALUES ('e9805c30-a0ec-4634-9205-a6b962c70dee','c0d76ff3-a711-42af-920d-09132a287015','testExt_Beschreibung Werteliste 110');
INSERT INTO "localized_character_string" VALUES ('86a9eda2-0b66-48e6-b257-f95561763bd7','c0d76ff3-a711-42af-920d-09132a287015','testExt_Beschreibung Werteliste 111');
INSERT INTO "localized_character_string" VALUES ('46175325-3d6b-484a-9286-72147e9c3b6d','c0d76ff3-a711-42af-920d-09132a287015','testExt_Beschreibung Werteliste 112');
INSERT INTO "localized_character_string" VALUES ('9d0bed8c-bfdb-442e-b21b-241407832869','c0d76ff3-a711-42af-920d-09132a287015','testExt_Beschreibung Werteliste 113');
INSERT INTO "localized_character_string" VALUES ('f6cc9483-0c4e-467d-ba71-ae1c24e62ea3','c0d76ff3-a711-42af-920d-09132a287015','testExt_Beschreibung Werteliste 114');
INSERT INTO "localized_character_string" VALUES ('9bc668cb-30a8-4249-9f22-71b17b8239bf','c0d76ff3-a711-42af-920d-09132a287015','testExt_Beschreibung Werteliste 115');
INSERT INTO "localized_character_string" VALUES ('d4143ac9-43d7-4d6a-8353-0c05f584e356','c0d76ff3-a711-42af-920d-09132a287015','testExt_Beschreibung Werteliste 116');
INSERT INTO "localized_character_string" VALUES ('33b92983-c072-4783-abbb-c0df6bf28fb9','c0d76ff3-a711-42af-920d-09132a287015','testExt_Beschreibung Werteliste 117');
INSERT INTO "localized_character_string" VALUES ('7a9a4517-6769-4ee9-986c-f11de8cc9333','c0d76ff3-a711-42af-920d-09132a287015','testExt_Beschreibung Werteliste 118');
INSERT INTO "localized_character_string" VALUES ('e3b200ae-97fa-4418-9e0d-4e4691c53946','c0d76ff3-a711-42af-920d-09132a287015','testExt_Beschreibung Werteliste 119');
INSERT INTO "localized_character_string" VALUES ('5cf4976f-8dea-4b36-8118-50bb4e7df16c','c0d76ff3-a711-42af-920d-09132a287015','testExt_Beschreibung Werteliste 120');
INSERT INTO "localized_character_string" VALUES ('ca8d5a94-6592-4429-878d-1b235ee1ac39','c0d76ff3-a711-42af-920d-09132a287015','testExt_Beschreibung Werteliste 121');
INSERT INTO "localized_character_string" VALUES ('101dc0bf-4f41-41af-98e6-2d2d2aff688d','c0d76ff3-a711-42af-920d-09132a287015','testExt_Beschreibung Werteliste 122');
INSERT INTO "localized_character_string" VALUES ('f8e20dd2-4c8d-4dee-9386-2d54dab8c300','c0d76ff3-a711-42af-920d-09132a287015','testExt_Beschreibung Werteliste 123');
INSERT INTO "localized_character_string" VALUES ('3f09bcee-67ff-40e1-8e17-0480761b59b0','c0d76ff3-a711-42af-920d-09132a287015','testExt_Beschreibung Werteliste 124');
INSERT INTO "localized_character_string" VALUES ('0a887947-cc87-4cca-9fa5-7985610fe046','c0d76ff3-a711-42af-920d-09132a287015','testExt_Beschreibung Werteliste 125');
INSERT INTO "localized_character_string" VALUES ('00266014-6131-49fe-8b43-b3da47c7a95d','c0d76ff3-a711-42af-920d-09132a287015','testExt_Beschreibung Werteliste 126');
INSERT INTO "localized_character_string" VALUES ('b4aebfa0-5b64-4ceb-997e-52293015e751','c0d76ff3-a711-42af-920d-09132a287015','testExt_Beschreibung Werteliste 127');
INSERT INTO "localized_character_string" VALUES ('c0f9ef1a-0140-490c-818a-0369bd159560','c0d76ff3-a711-42af-920d-09132a287015','testExt_Beschreibung Werteliste 128');
INSERT INTO "localized_character_string" VALUES ('b47924cf-bb7f-4b4d-bf30-96a101bd9976','c0d76ff3-a711-42af-920d-09132a287015','testExt_Beschreibung Werteliste 129');
INSERT INTO "localized_character_string" VALUES ('b1c87600-2a16-47d3-b901-6b4528614c47','c0d76ff3-a711-42af-920d-09132a287015','testExt_Beschreibung Werteliste 130');
INSERT INTO "localized_character_string" VALUES ('60da1cc4-ef2a-4051-9087-259f9aca5fb7','c0d76ff3-a711-42af-920d-09132a287015','testExt_Beschreibung Werteliste 131');
INSERT INTO "localized_character_string" VALUES ('a36c34f9-0290-4d5c-a70b-469d062154e4','c0d76ff3-a711-42af-920d-09132a287015','testExt_Beschreibung Werteliste 132');
INSERT INTO "localized_character_string" VALUES ('2542b3ac-25fa-4b90-8b8e-0df227338448','c0d76ff3-a711-42af-920d-09132a287015','testExt_Beschreibung Werteliste 133');
INSERT INTO "localized_character_string" VALUES ('659a1aee-c8dd-479a-8531-b76efee2f24b','c0d76ff3-a711-42af-920d-09132a287015','testExt_Beschreibung Werteliste 134');
INSERT INTO "localized_character_string" VALUES ('f3000ccb-ee1b-4d9c-9511-e50dbd849c44','c0d76ff3-a711-42af-920d-09132a287015','testExt_Beschreibung Werteliste 135');
INSERT INTO "localized_character_string" VALUES ('72924521-6061-41f3-ab6d-8ef009105af0','c0d76ff3-a711-42af-920d-09132a287015','testExt_Beschreibung Werteliste 136');
INSERT INTO "localized_character_string" VALUES ('baf9b24b-f794-4ed5-9a41-8984be4ac78d','c0d76ff3-a711-42af-920d-09132a287015','testExt_Beschreibung Werteliste 137');
INSERT INTO "localized_character_string" VALUES ('86458571-7419-4659-ab8d-6556dd1db767','c0d76ff3-a711-42af-920d-09132a287015','testExt_Beschreibung Werteliste 138');
INSERT INTO "localized_character_string" VALUES ('8ab4bf09-2685-44c4-8190-a88e6cb4810f','c0d76ff3-a711-42af-920d-09132a287015','testExt_Beschreibung Werteliste 139');
INSERT INTO "localized_character_string" VALUES ('a4227857-0580-4f6e-9d0a-3a9dc20be6f6','c0d76ff3-a711-42af-920d-09132a287015','testExt_Beschreibung Werteliste 140');
INSERT INTO "localized_character_string" VALUES ('a12a37f6-efe8-4c15-9915-682d17ab2ac2','c0d76ff3-a711-42af-920d-09132a287015','testExt_Beschreibung Werteliste 141');
INSERT INTO "localized_character_string" VALUES ('fb35feb0-4511-404c-92c3-8ea18f956c5e','c0d76ff3-a711-42af-920d-09132a287015','testExt_Beschreibung Werteliste 142');
INSERT INTO "localized_character_string" VALUES ('90a13fec-0564-4d47-b02a-b11348002387','c0d76ff3-a711-42af-920d-09132a287015','testExt_Beschreibung Werteliste 143');
INSERT INTO "localized_character_string" VALUES ('de46b823-364e-4014-a210-afba7a22f452','c0d76ff3-a711-42af-920d-09132a287015','testExt_Beschreibung Werteliste 144');
INSERT INTO "localized_character_string" VALUES ('0e83d93e-bbe6-4f8c-8f62-90ab4d3e7220','c0d76ff3-a711-42af-920d-09132a287015','testExt_Beschreibung Werteliste 145');
INSERT INTO "localized_character_string" VALUES ('a0c95d3d-de93-4c71-ab01-1e755b8c1023','c0d76ff3-a711-42af-920d-09132a287015','testExt_Beschreibung Werteliste 146');
INSERT INTO "localized_character_string" VALUES ('3190689a-f811-404b-847f-a3a7d207b669','c0d76ff3-a711-42af-920d-09132a287015','testExt_Beschreibung Werteliste 147');
INSERT INTO "localized_character_string" VALUES ('d454700a-4483-47a9-9268-8899163ecb1e','c0d76ff3-a711-42af-920d-09132a287015','testExt_Beschreibung Werteliste 148');
INSERT INTO "localized_character_string" VALUES ('4ade05a8-216c-4352-973f-cf7b82643f7f','c0d76ff3-a711-42af-920d-09132a287015','testExt_Beschreibung Werteliste 149');
INSERT INTO "localized_character_string" VALUES ('499889fb-64e7-4c83-a09b-163d902e8c19','c0d76ff3-a711-42af-920d-09132a287015','testExt_Beschreibung Werteliste 150');
INSERT INTO "localized_character_string" VALUES ('ef290b8d-1932-4ab5-8cf2-0371fc56256f','c0d76ff3-a711-42af-920d-09132a287015','testExt_Beschreibung Werteliste 151');
INSERT INTO "localized_character_string" VALUES ('507e66df-952e-4d9e-ac8b-6a6d1a1d5fef','c0d76ff3-a711-42af-920d-09132a287015','testExt_Beschreibung Werteliste 152');
INSERT INTO "localized_character_string" VALUES ('e59079eb-4878-4471-9fa9-24b505b8d608','c0d76ff3-a711-42af-920d-09132a287015','testExt_Beschreibung Werteliste 153');
INSERT INTO "localized_character_string" VALUES ('1c7f4898-b2c2-446a-9639-ad2955f84120','c0d76ff3-a711-42af-920d-09132a287015','testExt_Beschreibung Werteliste 154');
INSERT INTO "localized_character_string" VALUES ('63eb30f0-184f-44db-a076-5c0fdb62c56d','c0d76ff3-a711-42af-920d-09132a287015','testExt_Beschreibung Werteliste 155');
INSERT INTO "localized_character_string" VALUES ('861ad925-0fc7-4df3-9dee-0a0d630bc65b','c0d76ff3-a711-42af-920d-09132a287015','testExt_Beschreibung Werteliste 156');
INSERT INTO "localized_character_string" VALUES ('ad5c70f4-4009-475e-afae-0f6aeec7c92a','c0d76ff3-a711-42af-920d-09132a287015','testExt_Beschreibung Werteliste 157');
INSERT INTO "localized_character_string" VALUES ('410114a8-9e3f-49e1-a914-da3ffc1b891d','c0d76ff3-a711-42af-920d-09132a287015','testExt_Beschreibung Werteliste 158');
INSERT INTO "localized_character_string" VALUES ('02350c5b-cd6a-413a-86bf-98ee51e371c4','c0d76ff3-a711-42af-920d-09132a287015','testExt_Beschreibung Werteliste 159');
INSERT INTO "localized_character_string" VALUES ('d95ee82e-8a6e-4f51-bd26-71bb6f4376ad','c0d76ff3-a711-42af-920d-09132a287015','testExt_Beschreibung Werteliste 160');
INSERT INTO "localized_character_string" VALUES ('bfe508a2-f9c8-41b1-b944-20677e479f71','c0d76ff3-a711-42af-920d-09132a287015','testExt_Beschreibung Werteliste 161');
INSERT INTO "localized_character_string" VALUES ('7d2611b9-d2a0-4a9c-9c8a-33700b459bc6','c0d76ff3-a711-42af-920d-09132a287015','testExt_Beschreibung Werteliste 162');
INSERT INTO "localized_character_string" VALUES ('65dc1449-acd7-40ea-8fe0-05dd8414fb3e','c0d76ff3-a711-42af-920d-09132a287015','testExt_Beschreibung Werteliste 163');
INSERT INTO "localized_character_string" VALUES ('7fc2c9df-f7c8-47a6-8b62-8bf6929fa3e9','c0d76ff3-a711-42af-920d-09132a287015','testExt_Beschreibung Werteliste 164');
INSERT INTO "localized_character_string" VALUES ('7b9ad721-14e0-45d9-8e64-94f093b2dad4','c0d76ff3-a711-42af-920d-09132a287015','testExt_Beschreibung Werteliste 165');
INSERT INTO "localized_character_string" VALUES ('498c81e2-c39f-48ff-9f06-ca0f28570e56','c0d76ff3-a711-42af-920d-09132a287015','testExt_Beschreibung Werteliste 166');
INSERT INTO "localized_character_string" VALUES ('4bc74d77-f673-43e5-b35d-04ddddf4fc28','c0d76ff3-a711-42af-920d-09132a287015','testExt_Beschreibung Werteliste 167');
INSERT INTO "localized_character_string" VALUES ('38f229fb-13df-48e6-9fa3-d022215030e6','c0d76ff3-a711-42af-920d-09132a287015','testExt_Beschreibung Werteliste 168');
INSERT INTO "localized_character_string" VALUES ('1c48d0c4-2f27-4729-b3c1-966cf26bb37a','c0d76ff3-a711-42af-920d-09132a287015','testExt_Beschreibung Werteliste 169');
INSERT INTO "localized_character_string" VALUES ('efb4e393-4985-4860-b11f-262461ff8388','c0d76ff3-a711-42af-920d-09132a287015','testExt_Beschreibung Werteliste 170');
INSERT INTO "localized_character_string" VALUES ('347b69ea-b40a-4933-b03a-589cdd36979b','c0d76ff3-a711-42af-920d-09132a287015','testExt_Beschreibung Werteliste 171');
INSERT INTO "localized_character_string" VALUES ('67996f08-4f9d-45f7-b666-514c3451884c','c0d76ff3-a711-42af-920d-09132a287015','testExt_Beschreibung Werteliste 172');
INSERT INTO "localized_character_string" VALUES ('4c0a2b25-d7bd-4489-aa8a-31ab46dc80f9','c0d76ff3-a711-42af-920d-09132a287015','testExt_Beschreibung Werteliste 173');
INSERT INTO "localized_character_string" VALUES ('867adf7e-af06-4e42-bc6e-ead999a1a454','c0d76ff3-a711-42af-920d-09132a287015','testExt_Beschreibung Werteliste 174');
INSERT INTO "localized_character_string" VALUES ('dd27d4ae-d46b-453f-b814-f358e68fdc9b','c0d76ff3-a711-42af-920d-09132a287015','testExt_Beschreibung Werteliste 175');
INSERT INTO "localized_character_string" VALUES ('e5c1a9d8-515a-4db0-a4aa-5feb3682261c','c0d76ff3-a711-42af-920d-09132a287015','testExt_Beschreibung Werteliste 176');
INSERT INTO "localized_character_string" VALUES ('00f549d2-eb61-4559-acdd-2051340edfcc','c0d76ff3-a711-42af-920d-09132a287015','testExt_Beschreibung Werteliste 177');
INSERT INTO "localized_character_string" VALUES ('4c88783a-f081-44a5-975f-921dd2004214','c0d76ff3-a711-42af-920d-09132a287015','testExt_Beschreibung Werteliste 178');
INSERT INTO "localized_character_string" VALUES ('c0b280c9-02d6-4bd9-ab52-7983e616dca6','c0d76ff3-a711-42af-920d-09132a287015','testExt_Beschreibung Werteliste 179');
INSERT INTO "localized_character_string" VALUES ('0257109d-4071-4e54-9d6e-6ee4a4b5e441','c0d76ff3-a711-42af-920d-09132a287015','testExt_Beschreibung Werteliste 180');
INSERT INTO "localized_character_string" VALUES ('6b584c6f-c544-4c73-8e11-a4c499f016b0','c0d76ff3-a711-42af-920d-09132a287015','testExt_Beschreibung Werteliste 181');
INSERT INTO "localized_character_string" VALUES ('e1698ff6-198e-43f1-bcc1-a8d7910ba8e2','c0d76ff3-a711-42af-920d-09132a287015','testExt_Beschreibung Werteliste 182');
INSERT INTO "localized_character_string" VALUES ('3bae1513-f536-4b15-a7f3-118f49ea592e','c0d76ff3-a711-42af-920d-09132a287015','testExt_Beschreibung Werteliste 183');
INSERT INTO "localized_character_string" VALUES ('af5df297-26db-473c-a5a2-2f567970443a','c0d76ff3-a711-42af-920d-09132a287015','testExt_Beschreibung Werteliste 184');
INSERT INTO "localized_character_string" VALUES ('b35bb9f3-2574-43bf-82ed-5d183c0c15b5','c0d76ff3-a711-42af-920d-09132a287015','testExt_Beschreibung Werteliste 185');
INSERT INTO "localized_character_string" VALUES ('a7e02de8-c304-433a-9a55-c55d8ad917e8','c0d76ff3-a711-42af-920d-09132a287015','testExt_Beschreibung Werteliste 186');
INSERT INTO "localized_character_string" VALUES ('f627e78e-d71d-465b-b825-4250a86e41c6','c0d76ff3-a711-42af-920d-09132a287015','testExt_Beschreibung Werteliste 187');
INSERT INTO "localized_character_string" VALUES ('00e59cac-79b6-4185-802f-eb0fdfb864b7','c0d76ff3-a711-42af-920d-09132a287015','testExt_Beschreibung Werteliste 188');
INSERT INTO "localized_character_string" VALUES ('1a647518-5e14-4dfb-a424-301b1a0f4b07','c0d76ff3-a711-42af-920d-09132a287015','testExt_Beschreibung Werteliste 189');
INSERT INTO "localized_character_string" VALUES ('fc8212ef-4603-46c7-9d49-eac11fa4c182','c0d76ff3-a711-42af-920d-09132a287015','testExt_Beschreibung Werteliste 190');
INSERT INTO "localized_character_string" VALUES ('b42bd308-acf1-4490-8d05-1c81f453e3e0','c0d76ff3-a711-42af-920d-09132a287015','testExt_Beschreibung Werteliste 191');
INSERT INTO "localized_character_string" VALUES ('d63e219f-c0db-40e0-94ce-5b74cc507d91','c0d76ff3-a711-42af-920d-09132a287015','testExt_Beschreibung Werteliste 192');
INSERT INTO "localized_character_string" VALUES ('43d587bf-1c6f-4bd3-b49d-cede0c6d4523','c0d76ff3-a711-42af-920d-09132a287015','testExt_Beschreibung Werteliste 193');
INSERT INTO "localized_character_string" VALUES ('e37c35a1-88bc-4023-bc71-e01b978817d9','c0d76ff3-a711-42af-920d-09132a287015','testExt_Beschreibung Werteliste 194');
INSERT INTO "localized_character_string" VALUES ('49204899-5972-4330-acf0-81c68066da21','c0d76ff3-a711-42af-920d-09132a287015','testExt_Beschreibung Werteliste 195');
INSERT INTO "localized_character_string" VALUES ('3fba8044-2445-4997-a721-d0d9f44fbea8','c0d76ff3-a711-42af-920d-09132a287015','testExt_Beschreibung Werteliste 196');
INSERT INTO "localized_character_string" VALUES ('0f9a423d-527d-4e07-9a6c-1f72100f5d44','c0d76ff3-a711-42af-920d-09132a287015','testExt_Beschreibung Werteliste 197');
INSERT INTO "localized_character_string" VALUES ('1e893b99-37ce-4150-a265-15d2588945f8','c0d76ff3-a711-42af-920d-09132a287015','testExt_Beschreibung Werteliste 198');

--Hinzufügen der Testdaten (Beschreibungen) zu den Wertelisten
UPDATE "value_list" SET "description"='4d408203-ba21-45bd-ae43-44cc5c347d4c' WHERE "id"='0007cdc1-41c7-4237-841f-af6b63bc6c85';
UPDATE "value_list" SET "description"='e569fd56-1f1f-4d0e-8bad-1ae60d43ae8a' WHERE "id"='00b216ee-9d4b-4313-80be-2775bec4ba94';
UPDATE "value_list" SET "description"='2548a902-cf79-4542-916a-3ae2b617480b' WHERE "id"='0416e9fb-055d-4dc7-9305-83f7d0839ccf';
UPDATE "value_list" SET "description"='af7669c5-6832-4fe6-8e78-36330818deaa' WHERE "id"='059fef24-35c6-4fa2-b6d3-df1e3ee3df25';
UPDATE "value_list" SET "description"='9496a736-d8b1-4fef-bd4b-f49c2a832dd1' WHERE "id"='06459c16-25ed-454c-a641-933a09a7f3cf';
UPDATE "value_list" SET "description"='74eb3a8d-72fa-4222-bb30-02f32ea5fc47' WHERE "id"='067a320b-23fb-4604-9627-56735d50a838';
UPDATE "value_list" SET "description"='a28036ef-24c1-47dc-81f8-144693e618ff' WHERE "id"='07fd9576-089f-4793-bb44-5edf525ada47';
UPDATE "value_list" SET "description"='ae006600-87d4-4af4-900d-b72c83320416' WHERE "id"='086d3c1d-2928-4ac0-a85c-ceda4c88e2b0';
UPDATE "value_list" SET "description"='f04fb5f6-df10-4b8a-9f81-5d06b8ae0991' WHERE "id"='08baaef0-3f17-4cac-9e2f-7353d151020e';
UPDATE "value_list" SET "description"='4ec7838d-d225-4b9b-a176-cbba1be997bc' WHERE "id"='09799f81-c2d7-405d-b8ef-8bbe110a8baa';
UPDATE "value_list" SET "description"='7a1ec481-008b-41b6-bb60-c4d26098567c' WHERE "id"='0addbd39-b1ec-4beb-b465-0d9f17c2c15e';
UPDATE "value_list" SET "description"='55a9a327-13ee-4515-805b-0eb5ac26f56c' WHERE "id"='0b86e4ac-4f19-47f3-9ceb-af8f102fa8bf';
UPDATE "value_list" SET "description"='5cacdec2-5825-4c18-a513-ceb0d9f9eede' WHERE "id"='0dbab2ea-4e36-4557-b5af-ff1c2f31d8b1';
UPDATE "value_list" SET "description"='6cadb9b3-2e49-433a-94bd-2fe53116ac13' WHERE "id"='1077d5dd-5dd7-45d6-a71b-3b5082f1bb67';
UPDATE "value_list" SET "description"='77357ccd-1dd6-4b89-b555-a4e5e4bf08a1' WHERE "id"='14336503-48cb-47c8-80cb-03990e2e32bb';
UPDATE "value_list" SET "description"='3a9bccd0-342e-4862-beb2-ae069ff42641' WHERE "id"='15f5a061-5c7a-40d9-8a91-8ee980b4d1a9';
UPDATE "value_list" SET "description"='2560ee25-5d85-44d4-b4dd-6a2f5556fcf3' WHERE "id"='16461064-ff17-4f80-9113-7835f33169ec';
UPDATE "value_list" SET "description"='601113fc-f737-49a5-8ea8-a6590f9e8405' WHERE "id"='190007f9-eea3-434a-94e1-42428d82053c';
UPDATE "value_list" SET "description"='c6df9591-fe0b-4814-9e69-c4cc04555c6e' WHERE "id"='1c3102bb-b081-400d-a332-4659b6cdc764';
UPDATE "value_list" SET "description"='1eafd560-1a82-42ae-b4d3-7afc679949cf' WHERE "id"='1c7f7373-e42c-486f-b2a0-0106ad6abaf0';
UPDATE "value_list" SET "description"='2027d357-5af7-4cda-9c74-d939ce24d696' WHERE "id"='1cddbcf7-dc41-400d-8b1b-40503705f91d';
UPDATE "value_list" SET "description"='820b358f-29f5-47cf-bba3-924516babe87' WHERE "id"='1d575318-aac5-410c-9990-71e59da28b11';
UPDATE "value_list" SET "description"='0a3e8a10-7ba1-4ed7-bb7c-1d552e36ed83' WHERE "id"='1d6b16cd-a72e-4765-ad9f-ac8983296df7';
UPDATE "value_list" SET "description"='cd9db63d-fe9e-4cf0-9a00-1b5eb934305a' WHERE "id"='1d8f0ee4-2489-40f1-b99b-5063ddce4642';
UPDATE "value_list" SET "description"='3f8c351f-bb43-4cf5-b554-5df7d937c289' WHERE "id"='1f020d20-d77d-4bdd-a35d-d6410278fc53';
UPDATE "value_list" SET "description"='c1533cce-726a-4d71-8700-9d87fa6f028d' WHERE "id"='214e3cbc-c635-448d-8c42-2e908606637b';
UPDATE "value_list" SET "description"='85a0e18d-2981-454f-bd42-7b6cd9450f5f' WHERE "id"='220d19f4-d92a-410c-83a0-6c7e62ad1958';
UPDATE "value_list" SET "description"='51243d36-e6be-4586-a9f1-1e65168e245d' WHERE "id"='224c65f6-09e3-44d0-869a-def61c12f9f7';
UPDATE "value_list" SET "description"='b9bb6c8b-8653-4424-95d1-0e3cafc0f6f1' WHERE "id"='232155bb-9955-4e2d-9aa4-9168ff0ff762';
UPDATE "value_list" SET "description"='a559d9c7-0b17-423a-851d-b101d905edef' WHERE "id"='2400b1a0-bbab-4ccd-b906-f854e30b0f00';
UPDATE "value_list" SET "description"='df36f934-0f2c-463b-9637-b5a5405a35bb' WHERE "id"='240b5841-dba4-4680-b1d4-688b3a6741f4';
UPDATE "value_list" SET "description"='95123aae-337a-423d-b571-734f59b45236' WHERE "id"='285305ed-75ef-4b80-94c4-1cab0a729a0c';
UPDATE "value_list" SET "description"='ec2751ea-7544-4ece-8755-c0a77e2438e0' WHERE "id"='2867a82b-7759-4dbf-ac4b-127c6707dcc5';
UPDATE "value_list" SET "description"='6d5dd06d-35a2-4299-9cbb-7beddba809d2' WHERE "id"='28894751-ec32-4fe1-8b9c-fa8b3077256c';
UPDATE "value_list" SET "description"='ebef9f55-4e9b-406f-8c85-01d4e1287d30' WHERE "id"='2930193c-a3e0-4b27-8c44-558981a203d5';
UPDATE "value_list" SET "description"='2bc8b0f2-217a-44b6-a77d-d637cf174e5c' WHERE "id"='2abad95f-14bf-4bb0-bbbf-4ad32b4aedd1';
UPDATE "value_list" SET "description"='41a3fa81-3928-4b48-b1cc-acc8ce450d73' WHERE "id"='2bed67e9-6400-4e86-a48b-d7cda1d58d2e';
UPDATE "value_list" SET "description"='bd279295-2ff0-44e7-9698-21f75accee42' WHERE "id"='2e565482-dc31-4df3-8ab1-660da36ec27a';
UPDATE "value_list" SET "description"='69b0d2c3-4644-4a00-9886-c884f7647abc' WHERE "id"='2ff7674d-e545-4620-bd53-f61668b22446';
UPDATE "value_list" SET "description"='2452f1b3-e375-4706-a63d-6e655d88e60f' WHERE "id"='30b2e6a1-80f3-4e6c-848e-ae7d83468088';
UPDATE "value_list" SET "description"='519fa3d0-87b1-4305-822e-5a5bbd2d7881' WHERE "id"='331d0f75-c8dc-4d38-9f40-fdd3167fe61b';
UPDATE "value_list" SET "description"='4aac8ccd-9751-4b5f-8761-d3f102f15b58' WHERE "id"='357fc234-9535-412c-913a-03fa68f1caf9';
UPDATE "value_list" SET "description"='37a1a7d4-d6ba-4948-90c9-71b33e41eea4' WHERE "id"='37a8ef1f-fd59-4fad-aed8-7d3e5349f391';
UPDATE "value_list" SET "description"='69feb6ab-af20-4d34-8743-5b55743392f0' WHERE "id"='38160a3c-ca17-45c5-8076-569f7a68ddea';
UPDATE "value_list" SET "description"='df4ec7f6-8bec-4c17-89ca-5b2a40b85f8e' WHERE "id"='3833c5a1-edb6-4c5d-9e58-8e4efb819419';
UPDATE "value_list" SET "description"='60bed548-dd07-4157-b69c-204694386369' WHERE "id"='389896f1-f28c-4e45-a0e5-946ffbe8d012';
UPDATE "value_list" SET "description"='8d8c31aa-fdb2-45b2-87a4-84a955da6d6e' WHERE "id"='39629f6e-01c5-41a1-a17c-9ac178e8faff';
UPDATE "value_list" SET "description"='4a9ae271-c13d-486e-be57-3dd24a00058a' WHERE "id"='3999454a-c82c-4ca7-9114-f427dec39bae';
UPDATE "value_list" SET "description"='14081f20-9c71-4d45-b0ca-08c009b122cb' WHERE "id"='3bd19384-9c10-4c37-b278-2df6704355e2';
UPDATE "value_list" SET "description"='f97c80b4-d516-4160-97df-55f9495de8ba' WHERE "id"='3c367594-c3c7-49e2-9e16-7f2eb4e8d3c3';
UPDATE "value_list" SET "description"='8bcd6afd-528b-4eee-b43c-b954de1ff3b0' WHERE "id"='3d9fcf09-f13f-47ac-92f5-baeccbc59699';
UPDATE "value_list" SET "description"='20899d66-d7ac-45cf-8dab-702897cc3589' WHERE "id"='3f218ea6-e50b-42c8-9c42-a2ad5d2d0ade';
UPDATE "value_list" SET "description"='4e3b5fb4-ff3f-46ba-afe3-797510af07cc' WHERE "id"='413bb058-bcbc-4da5-aac9-7d1805f3815b';
UPDATE "value_list" SET "description"='0b6be398-5b27-4e17-a9fd-aebc1c0c7ea2' WHERE "id"='42a417e1-6fee-44f6-8f9f-1b90b1ec6518';
UPDATE "value_list" SET "description"='16b65735-1d89-411d-b57c-1cc20fd9a83c' WHERE "id"='42b40e2a-dff9-44eb-919c-65f191c36cdf';
UPDATE "value_list" SET "description"='0be8796c-6da0-4082-a532-72c940fc9973' WHERE "id"='468a6c8f-8b6f-4bd1-88f1-bfe113ad0aee';
UPDATE "value_list" SET "description"='2ced6b65-9ecb-4752-883f-ae230a2f9b61' WHERE "id"='47d0cabd-b122-4cc6-b012-b165cc7effd6';
UPDATE "value_list" SET "description"='ad40c1e7-f759-437c-affe-1dd770f80485' WHERE "id"='47d1a9ac-c34b-45d5-bd6d-ab7d15f3adfa';
UPDATE "value_list" SET "description"='f42874a3-d0ec-4c30-8f99-26b50900f3a5' WHERE "id"='491f9c63-a0fe-49c6-b7f9-ac2b4814c9b2';
UPDATE "value_list" SET "description"='5f055adc-49e9-4c1c-899e-5e9df7ceb682' WHERE "id"='4a4f2a8c-e6e1-4b08-838d-87b9e9a23153';
UPDATE "value_list" SET "description"='00689d02-5740-4ff9-9f71-591a3cba196c' WHERE "id"='4ec0cd9e-5255-42d9-b780-4cfc7678694e';
UPDATE "value_list" SET "description"='357c35e8-2a3c-4040-bb85-cd172e0d5590' WHERE "id"='4ecce6ec-3458-4bb0-9137-b340d52ec1b5';
UPDATE "value_list" SET "description"='e7c0735d-5c1a-4a51-8edc-bc7b223b77fc' WHERE "id"='4f27ca4a-511f-44d2-a117-b786286c0ec2';
UPDATE "value_list" SET "description"='0191239a-b8f3-458d-bf89-daa010c0e0aa' WHERE "id"='4fba695a-a73e-4c15-bf2e-f4376eda1692';
UPDATE "value_list" SET "description"='910a4790-1baf-483d-9583-47cdbab2bf9d' WHERE "id"='51ceed3c-5a28-4c4f-82fc-489a8e76734c';
UPDATE "value_list" SET "description"='7f2c1b9c-1d62-4061-a9d3-c2d42b1162d5' WHERE "id"='5596495c-b88b-41ae-81f5-e2ed9b2be3a0';
UPDATE "value_list" SET "description"='1943fdcf-3d5e-4133-9739-146390e9baf3' WHERE "id"='5696a36e-13fc-4968-a819-878d7b086ed0';
UPDATE "value_list" SET "description"='6323badc-db8b-49b4-b0dc-7b2f131ea5fb' WHERE "id"='5709ae8d-0f51-49d3-8079-b68a240da592';
UPDATE "value_list" SET "description"='32efccd3-6d41-491c-bc23-0d005004b0a2' WHERE "id"='576d2ef9-3a08-424d-b605-98d42320e098';
UPDATE "value_list" SET "description"='9375ccb8-b8a3-4aa8-8f07-86c9ebf82139' WHERE "id"='59d50447-11fb-4a35-a1b4-332c53d6d475';
UPDATE "value_list" SET "description"='362a8e8d-c990-43aa-8226-b18ecae31ffb' WHERE "id"='5c3dfdcc-fab7-4bf1-8bab-6d62b88e5026';
UPDATE "value_list" SET "description"='e0db184a-1c15-44c5-8d20-d34ad5cc2d99' WHERE "id"='5ef6118f-0e04-486c-a7e5-d5d4151208d7';
UPDATE "value_list" SET "description"='8afe071f-bd50-413f-82ae-72671132fe9a' WHERE "id"='5fb6701d-9d16-4e3d-be90-40d77680eb3a';
UPDATE "value_list" SET "description"='d0f3a11e-11b4-452c-bebd-2413f7fb699c' WHERE "id"='60ead093-f494-4c6a-bfe0-d0181927dc09';
UPDATE "value_list" SET "description"='13896834-ec32-465e-9979-116f7f5b9285' WHERE "id"='6338e1e7-bf42-49d7-88a1-d0144637f16b';
UPDATE "value_list" SET "description"='b71e8268-f0e3-41f3-9118-856cb652519c' WHERE "id"='641b2f50-8fec-4f97-a90c-459b91dc570e';
UPDATE "value_list" SET "description"='f66fd770-2937-4dda-a1f9-9ac0bc30e146' WHERE "id"='6552f120-6d3d-4ac2-be02-71906683f685';
UPDATE "value_list" SET "description"='21ba23e2-15e5-4e38-81c6-62b7e842eeaa' WHERE "id"='69cc6949-5e95-4787-aa98-cc32cbb73e45';
UPDATE "value_list" SET "description"='eaeb148a-e30a-4416-b310-138840964860' WHERE "id"='6ef7ae9d-f51c-4882-aaba-b7dda5548b43';
UPDATE "value_list" SET "description"='cb0656be-71a6-44a8-ba2b-c2d23d27782c' WHERE "id"='71aadc0d-6b2e-46ee-b0cb-c312f71e95c5';
UPDATE "value_list" SET "description"='f7fcd25d-8f75-481f-98b4-e9daec201fbf' WHERE "id"='7239c53c-8040-4b8b-bd6d-ae88079ef109';
UPDATE "value_list" SET "description"='ff600870-e33b-48c4-9a14-ed850268829c' WHERE "id"='73b57f4a-dad4-4bd3-bd2b-273647267895';
UPDATE "value_list" SET "description"='dddf98ee-371a-4286-aafe-546b24817109' WHERE "id"='759951ad-4c7b-402d-99df-3ac9b6dd0f5e';
UPDATE "value_list" SET "description"='ad2c170d-c662-46fa-bfe0-af9019b2e3c4' WHERE "id"='77020530-d287-4457-8e3f-a673414a3194';
UPDATE "value_list" SET "description"='3d486689-195b-4ce9-bbc9-3c5628e400fe' WHERE "id"='7705d20b-b988-4d18-ba93-cfb4700ea08f';
UPDATE "value_list" SET "description"='06764bc8-20c8-4400-a82b-2629846302da' WHERE "id"='7a1ee411-bb9e-4380-8c2c-653a2f901a38';
UPDATE "value_list" SET "description"='62f9d1b5-8c87-4a27-b237-dd8be3839b3e' WHERE "id"='7a679b84-0213-48a7-b874-5a67b848b349';
UPDATE "value_list" SET "description"='5d0f7360-1aec-4100-b398-343b488347bc' WHERE "id"='7ac9302f-d0be-4a63-9278-8539c1b2d9d7';
UPDATE "value_list" SET "description"='90ac0a7a-db8e-40b6-a58e-64343cb8fed8' WHERE "id"='7b7a638e-df57-49e5-b02c-0540e940fba4';
UPDATE "value_list" SET "description"='c7ef2ca5-e064-484e-b3d5-95bab0f7af70' WHERE "id"='7c34a681-1fe5-45cc-9138-3b8763639779';
UPDATE "value_list" SET "description"='4cc6920e-b6a4-46ba-9473-18857e5dd16b' WHERE "id"='7c47f7bf-13ac-4bcb-92ac-2a4be6d65c02';
UPDATE "value_list" SET "description"='a09dfcbe-8a2e-44e5-8563-5df39260bc9e' WHERE "id"='7d9b2ed0-7c1b-40b5-aac0-3a372c9be3ad';
UPDATE "value_list" SET "description"='9c306a6a-e5e8-442c-a4ed-fb769112fb10' WHERE "id"='7dc011a5-3cc6-4ea2-b37e-6d8b40ada001';
UPDATE "value_list" SET "description"='5bbff865-3717-474f-b1c0-1a8bac58a57f' WHERE "id"='7e3b6ac3-38a5-4c91-b2fc-8ae4ba1917af';
UPDATE "value_list" SET "description"='3655ff16-6638-4aad-a8be-6764acb31355' WHERE "id"='7e9d0bc2-c70c-47cf-b6a4-395c176de6da';
UPDATE "value_list" SET "description"='7402556d-a568-49e0-86a7-4b3dde89cf72' WHERE "id"='7f62db7a-6840-4a5f-8b5b-8b966b69a684';
UPDATE "value_list" SET "description"='32a1ed98-2b57-4735-993a-414584e52dee' WHERE "id"='80744c81-16b7-4719-b9f2-cf6b928da84d';
UPDATE "value_list" SET "description"='cd13f356-c245-4705-a169-d5512e7bca4f' WHERE "id"='81a893f9-a55f-4b3c-ad5c-1bddc207d4ab';
UPDATE "value_list" SET "description"='c08cf650-af01-49c4-b702-74c3df8ed88a' WHERE "id"='81f0fa3a-fe7c-46a4-9660-d0bcfe5c35f0';
UPDATE "value_list" SET "description"='134ee7fc-3a7a-4b45-975c-8338e5ff69a8' WHERE "id"='82101f56-88c2-4f5b-b810-67589908b0cc';
UPDATE "value_list" SET "description"='ce68479a-d795-4cdf-96e7-52a399ea2f62' WHERE "id"='85bc27a7-dfa5-4a79-adaf-1e8886053b2e';
UPDATE "value_list" SET "description"='de511cd9-7cc8-46a6-bc33-bd794e7d5a07' WHERE "id"='8810769f-a115-4599-9b2a-3c0a1fe7c428';
UPDATE "value_list" SET "description"='a252a452-ceac-4e2c-a458-f4f93545d805' WHERE "id"='88e8d186-271a-49c3-929e-833040c1559f';
UPDATE "value_list" SET "description"='4ea76fcb-5162-4475-8817-2a3dfe59f490' WHERE "id"='8940b2cf-2278-4974-bf77-eff057b8aded';
UPDATE "value_list" SET "description"='8e042b29-ba4f-4f17-996a-02bed613b2c7' WHERE "id"='895f2176-e2c4-463b-b518-fcd6dc030377';
UPDATE "value_list" SET "description"='595173cf-2910-4766-82a1-6ba5d5985b09' WHERE "id"='89703825-89f8-42e1-9b84-ee0eb939345c';
UPDATE "value_list" SET "description"='808c3ae3-1552-47f9-a4d0-ac08dcad3a24' WHERE "id"='8ae5e533-722a-41bb-a98c-3ceda10bb97c';
UPDATE "value_list" SET "description"='9db93a06-50f5-4a7f-acfd-8f72aaf44d95' WHERE "id"='8af3b385-38e1-4149-ab53-7fc5bd1d4a78';
UPDATE "value_list" SET "description"='4f5b554c-aec1-49cc-9efb-849426a44164' WHERE "id"='8b27de25-cb9d-4d5e-9ed1-f6e8dc6caa83';
UPDATE "value_list" SET "description"='e9805c30-a0ec-4634-9205-a6b962c70dee' WHERE "id"='8d3e8e56-c844-431e-8d32-963e0b97a04f';
UPDATE "value_list" SET "description"='86a9eda2-0b66-48e6-b257-f95561763bd7' WHERE "id"='8d7ca8e1-da4f-47b4-b1cd-a353bdc3ead4';
UPDATE "value_list" SET "description"='46175325-3d6b-484a-9286-72147e9c3b6d' WHERE "id"='8e116dfe-4fc5-4ace-b168-928e2531483d';
UPDATE "value_list" SET "description"='9d0bed8c-bfdb-442e-b21b-241407832869' WHERE "id"='8e84d5ff-d9bb-4aca-a994-3b84ef3431f0';
UPDATE "value_list" SET "description"='f6cc9483-0c4e-467d-ba71-ae1c24e62ea3' WHERE "id"='8f285022-e10a-4753-80d7-d542531f363f';
UPDATE "value_list" SET "description"='9bc668cb-30a8-4249-9f22-71b17b8239bf' WHERE "id"='94b22ee7-bc92-4bbc-8892-f722489fe12d';
UPDATE "value_list" SET "description"='d4143ac9-43d7-4d6a-8353-0c05f584e356' WHERE "id"='96136cb0-1238-4ef7-9b9a-17afdcefec0e';
UPDATE "value_list" SET "description"='33b92983-c072-4783-abbb-c0df6bf28fb9' WHERE "id"='99309afe-2a56-49e2-a567-612ab8f9feb4';
UPDATE "value_list" SET "description"='7a9a4517-6769-4ee9-986c-f11de8cc9333' WHERE "id"='9957ca96-8694-4db3-8b61-4b29f5597fc1';
UPDATE "value_list" SET "description"='e3b200ae-97fa-4418-9e0d-4e4691c53946' WHERE "id"='9d056827-6f00-4018-b090-89a3e900c7f3';
UPDATE "value_list" SET "description"='5cf4976f-8dea-4b36-8118-50bb4e7df16c' WHERE "id"='9d1c1f6c-fc70-43ab-9f2d-a803eaefffe9';
UPDATE "value_list" SET "description"='ca8d5a94-6592-4429-878d-1b235ee1ac39' WHERE "id"='9e3378ba-db83-49cb-8b47-cd3cde38c4b1';
UPDATE "value_list" SET "description"='101dc0bf-4f41-41af-98e6-2d2d2aff688d' WHERE "id"='a10fdf59-bf84-4d37-b8cb-70c0ef9cf984';
UPDATE "value_list" SET "description"='f8e20dd2-4c8d-4dee-9386-2d54dab8c300' WHERE "id"='a1306eb9-de3a-43b7-8450-ac93e8c08ab7';
UPDATE "value_list" SET "description"='3f09bcee-67ff-40e1-8e17-0480761b59b0' WHERE "id"='a2923c1b-beb6-4c5e-b27e-4c6ad48f82ec';
UPDATE "value_list" SET "description"='0a887947-cc87-4cca-9fa5-7985610fe046' WHERE "id"='a32bb6c0-30af-4e22-84be-b3406705f42b';
UPDATE "value_list" SET "description"='00266014-6131-49fe-8b43-b3da47c7a95d' WHERE "id"='a83e1344-8000-4aca-b1d8-1e6c51183f9e';
UPDATE "value_list" SET "description"='b4aebfa0-5b64-4ceb-997e-52293015e751' WHERE "id"='aa5dd08d-8aa4-4ae0-ab8a-ee6782f01290';
UPDATE "value_list" SET "description"='c0f9ef1a-0140-490c-818a-0369bd159560' WHERE "id"='aa9be32e-0d07-41cc-9e9c-9b1ca90e65db';
UPDATE "value_list" SET "description"='b47924cf-bb7f-4b4d-bf30-96a101bd9976' WHERE "id"='ab863fc3-da67-4130-aa41-09b513f0d005';
UPDATE "value_list" SET "description"='b1c87600-2a16-47d3-b901-6b4528614c47' WHERE "id"='abd4088f-e283-4895-b23d-3dbc427731ef';
UPDATE "value_list" SET "description"='60da1cc4-ef2a-4051-9087-259f9aca5fb7' WHERE "id"='add8d19e-eab3-454b-847b-93aeaf6017a5';
UPDATE "value_list" SET "description"='a36c34f9-0290-4d5c-a70b-469d062154e4' WHERE "id"='affe908d-1d41-4775-8672-a740caa1134c';
UPDATE "value_list" SET "description"='2542b3ac-25fa-4b90-8b8e-0df227338448' WHERE "id"='b07d8080-dff3-40fb-a3ed-b5926f73deb1';
UPDATE "value_list" SET "description"='659a1aee-c8dd-479a-8531-b76efee2f24b' WHERE "id"='b12f85ea-8e98-4860-b05a-7cd16e7fc80b';
UPDATE "value_list" SET "description"='f3000ccb-ee1b-4d9c-9511-e50dbd849c44' WHERE "id"='b232b152-916e-482e-b99f-801ed163c203';
UPDATE "value_list" SET "description"='72924521-6061-41f3-ab6d-8ef009105af0' WHERE "id"='b239668f-2176-4c59-b714-dec3eda7d945';
UPDATE "value_list" SET "description"='baf9b24b-f794-4ed5-9a41-8984be4ac78d' WHERE "id"='b3056afa-160f-45f2-803f-69e276496a56';
UPDATE "value_list" SET "description"='86458571-7419-4659-ab8d-6556dd1db767' WHERE "id"='b45f2a07-abc2-4351-9aae-e34b97624c9b';
UPDATE "value_list" SET "description"='8ab4bf09-2685-44c4-8190-a88e6cb4810f' WHERE "id"='b4da663c-9b3d-40d6-9f35-090b39fc9bb2';
UPDATE "value_list" SET "description"='a4227857-0580-4f6e-9d0a-3a9dc20be6f6' WHERE "id"='b53a0b0a-9806-49a4-b093-1982c2e2250d';
UPDATE "value_list" SET "description"='a12a37f6-efe8-4c15-9915-682d17ab2ac2' WHERE "id"='b71bb536-246a-4923-bc8a-ec3fae3a1be5';
UPDATE "value_list" SET "description"='fb35feb0-4511-404c-92c3-8ea18f956c5e' WHERE "id"='bcff3329-da50-45c2-9b7f-2822e347b334';
UPDATE "value_list" SET "description"='90a13fec-0564-4d47-b02a-b11348002387' WHERE "id"='bfd80cb5-3b4c-401b-a5fb-8adbdde4de62';
UPDATE "value_list" SET "description"='de46b823-364e-4014-a210-afba7a22f452' WHERE "id"='c0b590bb-d702-4734-af95-7c0d3bee8214';
UPDATE "value_list" SET "description"='0e83d93e-bbe6-4f8c-8f62-90ab4d3e7220' WHERE "id"='c2bd8fdc-098c-41c7-a6e7-b9529ee3cc87';
UPDATE "value_list" SET "description"='a0c95d3d-de93-4c71-ab01-1e755b8c1023' WHERE "id"='c31413db-fef8-473a-98b4-6b367a5d4c5b';
UPDATE "value_list" SET "description"='3190689a-f811-404b-847f-a3a7d207b669' WHERE "id"='c4dfdec4-0d10-4d27-ae3f-d101e95b1140';
UPDATE "value_list" SET "description"='d454700a-4483-47a9-9268-8899163ecb1e' WHERE "id"='c61a536f-3774-41af-8350-1bb5a4aebbb9';
UPDATE "value_list" SET "description"='4ade05a8-216c-4352-973f-cf7b82643f7f' WHERE "id"='c62e8d4a-24e0-4203-9775-04f8d04a2548';
UPDATE "value_list" SET "description"='499889fb-64e7-4c83-a09b-163d902e8c19' WHERE "id"='c6d98579-0a96-489c-ab24-b0f0cc4faa00';
UPDATE "value_list" SET "description"='ef290b8d-1932-4ab5-8cf2-0371fc56256f' WHERE "id"='c6ec606e-1dc1-418d-a6f8-6afb9430bd9b';
UPDATE "value_list" SET "description"='507e66df-952e-4d9e-ac8b-6a6d1a1d5fef' WHERE "id"='c80ac957-57be-4eda-891e-5cb8917981b1';
UPDATE "value_list" SET "description"='e59079eb-4878-4471-9fa9-24b505b8d608' WHERE "id"='c81a9aba-027a-465f-a4a5-8504597a6337';
UPDATE "value_list" SET "description"='1c7f4898-b2c2-446a-9639-ad2955f84120' WHERE "id"='cb47b751-5689-4735-afca-de702325688f';
UPDATE "value_list" SET "description"='63eb30f0-184f-44db-a076-5c0fdb62c56d' WHERE "id"='cc73ff26-be9d-4047-8fe3-513604358dfd';
UPDATE "value_list" SET "description"='861ad925-0fc7-4df3-9dee-0a0d630bc65b' WHERE "id"='cca42cef-7c13-457b-a322-758d62660dbd';
UPDATE "value_list" SET "description"='ad5c70f4-4009-475e-afae-0f6aeec7c92a' WHERE "id"='cdb16ce7-1c96-43e7-a7b0-372fa24bed77';
UPDATE "value_list" SET "description"='410114a8-9e3f-49e1-a914-da3ffc1b891d' WHERE "id"='cedff0c5-f3f3-4a0d-884a-c754423d06e0';
UPDATE "value_list" SET "description"='02350c5b-cd6a-413a-86bf-98ee51e371c4' WHERE "id"='d077aae6-b5e9-46c3-9855-47dc1c997c40';
UPDATE "value_list" SET "description"='d95ee82e-8a6e-4f51-bd26-71bb6f4376ad' WHERE "id"='d145bf95-f6ea-4405-832b-55da75e825e5';
UPDATE "value_list" SET "description"='bfe508a2-f9c8-41b1-b944-20677e479f71' WHERE "id"='d254bc33-316d-48db-9430-cd0e8a30f739';
UPDATE "value_list" SET "description"='7d2611b9-d2a0-4a9c-9c8a-33700b459bc6' WHERE "id"='d2b326c6-29c2-4e7d-b9c8-428b69a7ba2b';
UPDATE "value_list" SET "description"='65dc1449-acd7-40ea-8fe0-05dd8414fb3e' WHERE "id"='d30ec8a1-1acc-46af-9cbb-345cba5ef618';
UPDATE "value_list" SET "description"='7fc2c9df-f7c8-47a6-8b62-8bf6929fa3e9' WHERE "id"='d4ce25c0-1c17-4933-8ec3-8bb1c63efb93';
UPDATE "value_list" SET "description"='7b9ad721-14e0-45d9-8e64-94f093b2dad4' WHERE "id"='d7133910-6532-4909-8c58-ac5220c4eb12';
UPDATE "value_list" SET "description"='498c81e2-c39f-48ff-9f06-ca0f28570e56' WHERE "id"='d808e4f5-2fc6-460a-84c2-899d3f88be75';
UPDATE "value_list" SET "description"='4bc74d77-f673-43e5-b35d-04ddddf4fc28' WHERE "id"='d8f1f3d5-f1fb-4ff8-9da3-3c1f890c7846';
UPDATE "value_list" SET "description"='38f229fb-13df-48e6-9fa3-d022215030e6' WHERE "id"='d904dc4e-15e9-46d1-be53-2125b4f83833';
UPDATE "value_list" SET "description"='1c48d0c4-2f27-4729-b3c1-966cf26bb37a' WHERE "id"='d975989d-0c5a-4b28-bc7b-0c6ee3b1fab7';
UPDATE "value_list" SET "description"='efb4e393-4985-4860-b11f-262461ff8388' WHERE "id"='da1ee69c-72cf-4118-a82b-b89a4c4a08ce';
UPDATE "value_list" SET "description"='347b69ea-b40a-4933-b03a-589cdd36979b' WHERE "id"='dddd19d6-a6b4-481f-b908-891f6fe6c15c';
UPDATE "value_list" SET "description"='67996f08-4f9d-45f7-b666-514c3451884c' WHERE "id"='dfbe48ef-6f07-4066-900d-e05947bbc58e';
UPDATE "value_list" SET "description"='4c0a2b25-d7bd-4489-aa8a-31ab46dc80f9' WHERE "id"='e23de426-f74d-437a-853b-087a077f374a';
UPDATE "value_list" SET "description"='867adf7e-af06-4e42-bc6e-ead999a1a454' WHERE "id"='e333b58d-85e0-480d-ba84-440be00edae0';
UPDATE "value_list" SET "description"='dd27d4ae-d46b-453f-b814-f358e68fdc9b' WHERE "id"='e3e2310d-ba92-4810-bff7-34e2b677d58f';
UPDATE "value_list" SET "description"='e5c1a9d8-515a-4db0-a4aa-5feb3682261c' WHERE "id"='e5c4aa01-f35c-4552-be73-8f9d6db16f93';
UPDATE "value_list" SET "description"='00f549d2-eb61-4559-acdd-2051340edfcc' WHERE "id"='e5e6c9da-5a19-4b3b-976d-2d48697dfd4c';
UPDATE "value_list" SET "description"='4c88783a-f081-44a5-975f-921dd2004214' WHERE "id"='e6a07bb0-9dff-4ee9-b3f3-810527e2ca32';
UPDATE "value_list" SET "description"='c0b280c9-02d6-4bd9-ab52-7983e616dca6' WHERE "id"='e86b5258-ea79-4df0-a76f-ced48cc1d779';
UPDATE "value_list" SET "description"='0257109d-4071-4e54-9d6e-6ee4a4b5e441' WHERE "id"='e8875023-9495-4bda-9ed0-0cdc1fdfa150';
UPDATE "value_list" SET "description"='6b584c6f-c544-4c73-8e11-a4c499f016b0' WHERE "id"='e89937d6-d204-41d7-96ab-5c1b79f7f73c';
UPDATE "value_list" SET "description"='e1698ff6-198e-43f1-bcc1-a8d7910ba8e2' WHERE "id"='e9001e78-f02f-4c85-aabd-71f22b89bb77';
UPDATE "value_list" SET "description"='3bae1513-f536-4b15-a7f3-118f49ea592e' WHERE "id"='e97794b3-efbb-4baa-ab76-50271cf2221e';
UPDATE "value_list" SET "description"='af5df297-26db-473c-a5a2-2f567970443a' WHERE "id"='ea66e608-4337-4099-957b-c427bb17f8d0';
UPDATE "value_list" SET "description"='b35bb9f3-2574-43bf-82ed-5d183c0c15b5' WHERE "id"='ea75087e-a371-4976-bc80-e95a0a2705a2';
UPDATE "value_list" SET "description"='a7e02de8-c304-433a-9a55-c55d8ad917e8' WHERE "id"='ebb47f86-0255-49e0-a99e-d15fc21a84c9';
UPDATE "value_list" SET "description"='f627e78e-d71d-465b-b825-4250a86e41c6' WHERE "id"='ebc45535-bb36-4a0a-9084-bc9201c2ffa2';
UPDATE "value_list" SET "description"='00e59cac-79b6-4185-802f-eb0fdfb864b7' WHERE "id"='ecb18bf6-039a-4dbd-8312-74383a0b275b';
UPDATE "value_list" SET "description"='1a647518-5e14-4dfb-a424-301b1a0f4b07' WHERE "id"='eec085a8-2421-4432-8d76-7b794c56e703';
UPDATE "value_list" SET "description"='fc8212ef-4603-46c7-9d49-eac11fa4c182' WHERE "id"='efb5b275-9b32-44f8-b2e5-1f4cf126951f';
UPDATE "value_list" SET "description"='b42bd308-acf1-4490-8d05-1c81f453e3e0' WHERE "id"='f0632a74-12c3-40f9-8795-129f108fe41c';
UPDATE "value_list" SET "description"='d63e219f-c0db-40e0-94ce-5b74cc507d91' WHERE "id"='f238a374-5763-461a-b5a7-51585d6be902';
UPDATE "value_list" SET "description"='43d587bf-1c6f-4bd3-b49d-cede0c6d4523' WHERE "id"='f354aac7-02eb-49b3-9cb6-ad36f3cd505d';
UPDATE "value_list" SET "description"='e37c35a1-88bc-4023-bc71-e01b978817d9' WHERE "id"='f356f994-840c-4e09-9e7b-0db177309800';
UPDATE "value_list" SET "description"='49204899-5972-4330-acf0-81c68066da21' WHERE "id"='f64e20bc-55da-4efa-a2f5-ab664faef886';
UPDATE "value_list" SET "description"='3fba8044-2445-4997-a721-d0d9f44fbea8' WHERE "id"='fd9dca12-4207-4517-86b3-3d3b133f0786';
UPDATE "value_list" SET "description"='0f9a423d-527d-4e07-9a6c-1f72100f5d44' WHERE "id"='fe54bf6f-39b8-422f-86bc-490e42280741';
UPDATE "value_list" SET "description"='1e893b99-37ce-4150-a265-15d2588945f8' WHERE "id"='fe7a8433-bc1a-4b82-aeb7-cca9d2cf0e7e';

--Hinzufügen von in Beziehung stehenden Wertelisten (skos:related)
INSERT INTO "value_list_x_value_list" VALUES ('e5e6c9da-5a19-4b3b-976d-2d48697dfd4c','8af3b385-38e1-4149-ab53-7fc5bd1d4a78','9ce4a45e-13b3-4bbe-ae14-04e8bc2654bb');
INSERT INTO "value_list_x_value_list" VALUES ('09799f81-c2d7-405d-b8ef-8bbe110a8baa','88e8d186-271a-49c3-929e-833040c1559f','9ce4a45e-13b3-4bbe-ae14-04e8bc2654bb');
INSERT INTO "value_list_x_value_list" VALUES ('07fd9576-089f-4793-bb44-5edf525ada47','c4dfdec4-0d10-4d27-ae3f-d101e95b1140','9ce4a45e-13b3-4bbe-ae14-04e8bc2654bb');
INSERT INTO "value_list_x_value_list" VALUES ('81a893f9-a55f-4b3c-ad5c-1bddc207d4ab','5fb6701d-9d16-4e3d-be90-40d77680eb3a','9ce4a45e-13b3-4bbe-ae14-04e8bc2654bb');
INSERT INTO "value_list_x_value_list" VALUES ('28894751-ec32-4fe1-8b9c-fa8b3077256c','0dbab2ea-4e36-4557-b5af-ff1c2f31d8b1','9ce4a45e-13b3-4bbe-ae14-04e8bc2654bb');
INSERT INTO "value_list_x_value_list" VALUES ('affe908d-1d41-4775-8672-a740caa1134c','e6a07bb0-9dff-4ee9-b3f3-810527e2ca32','9ce4a45e-13b3-4bbe-ae14-04e8bc2654bb');
INSERT INTO "value_list_x_value_list" VALUES ('b4da663c-9b3d-40d6-9f35-090b39fc9bb2','4a4f2a8c-e6e1-4b08-838d-87b9e9a23153','9ce4a45e-13b3-4bbe-ae14-04e8bc2654bb');
INSERT INTO "value_list_x_value_list" VALUES ('220d19f4-d92a-410c-83a0-6c7e62ad1958','abd4088f-e283-4895-b23d-3dbc427731ef','9ce4a45e-13b3-4bbe-ae14-04e8bc2654bb');
INSERT INTO "value_list_x_value_list" VALUES ('214e3cbc-c635-448d-8c42-2e908606637b','f0632a74-12c3-40f9-8795-129f108fe41c','9ce4a45e-13b3-4bbe-ae14-04e8bc2654bb');
INSERT INTO "value_list_x_value_list" VALUES ('ebc45535-bb36-4a0a-9084-bc9201c2ffa2','0416e9fb-055d-4dc7-9305-83f7d0839ccf','9ce4a45e-13b3-4bbe-ae14-04e8bc2654bb');

--Erzeugen eines neuen Attributtyps für 3d Geometrien
INSERT INTO "attribute_type" VALUES ('4bf4a032-08e2-4318-b182-a51fe4d56543', '478ff120-5bb6-4e59-9748-47e9d2435441', NULL, 'eaef7daa-8301-4dc1-a763-4edd3ae03b90', NULL, NULL);

--Zuordnen des Attributtyps zur Themenausprägung Fund
INSERT INTO "attribute_type_to_topic_characteristic" VALUES ('b5442281-cb51-4417-bbf6-0014ed0648dd', '4bf4a032-08e2-4318-b182-a51fe4d56543', '09d832bc-2ea8-4874-8f60-9f5878cb89e3', NULL);

--Hinzufügen der 3d Geometrien zu vorhandenen Themeninstanzen des Themas Fund
INSERT INTO "attribute_value_geomz" VALUES ('d71c2813-55a0-4378-b18c-21b3f124806d', '4bf4a032-08e2-4318-b182-a51fe4d56543', 'dc8f5980-1d63-4aac-9392-3808d8b5d96d', '01060000A0E6100000010000000103000080010000000500000013CFC4E2671A424079BA14D4C800414000E0FA705F5892404EEE1093681A424001B2936FC90041400000F67E5F58924053362A8E6C1A42400379C92AC700414000D07765605892400980F72A6B1A4240C60F603FC600414000306C416058924013CFC4E2671A424079BA14D4C800414000E0FA705F589240');
INSERT INTO "attribute_value_geomz" VALUES ('32eba045-a42d-4bc4-9560-5378cc03d9b0', '4bf4a032-08e2-4318-b182-a51fe4d56543', 'dd4d6040-0a53-4a53-a4e8-befb94ca4199', '01060000A0E6100000010000000103000080010000000A0000000852C5FB6D1A424015A5E1E7C600414000F02275605C9240E4CF04A16D1A4240A5A2B6E5C600414000900F66605C9240908E59866C1A4240A85D870DC800414000E07E18605C924027D9C9EC6E1A424017FC5779CA00414000A05741605C92407EE3DCC16C1A424008B2A79ACB00414000E08CC65F5C9240E46175226E1A42408884A5D1CC00414000D082E25F5C92402744D43A731A4240A7A87519C90041400020AB1E615C9240E241FC34721A42403CEFA2E4C70041400090C811615C9240ED1A7507701A42402A368751C90041400070E88E605C92400852C5FB6D1A424015A5E1E7C600414000F02275605C9240');
INSERT INTO "attribute_value_geomz" VALUES ('d3f7745d-5f53-44e9-873e-1993a0b567b2', '4bf4a032-08e2-4318-b182-a51fe4d56543', '75e56577-38b5-4967-b094-5e68ed0bae25', '01060000A0E610000001000000010300008001000000050000007DBC8A0F7B1A4240D099F10EBE00414000B0E6F76354924014EF4387781A4240A145AB79BF0041400000F46563549240E764DCE7791A42400AD5A8B0C00041400010EA81635492409CC662157C1A42404C2EC443BF00414000B0C904645492407DBC8A0F7B1A4240D099F10EBE00414000B0E6F763549240');
INSERT INTO "attribute_value_geomz" VALUES ('0cde489c-c030-46a5-b86b-7cbe534224be', '4bf4a032-08e2-4318-b182-a51fe4d56543', 'afd1fdec-d902-4dd3-ac95-1611a01be1cd', '01060000A0E61000000100000001030000800100000005000000F48D44D16D1A424026597137980041400060984C63809240437763E5701A42407430558A9B00414000C05A7B63809240258BCD5A721A4240E04EAF649A0041400020FDD7638092405498AE466F1A4240D689CB119700414000A03AA963809240F48D44D16D1A424026597137980041400060984C63809240');
INSERT INTO "attribute_value_geomz" VALUES ('9f11deac-eb91-4a4b-b912-30590e69eba4', '4bf4a032-08e2-4318-b182-a51fe4d56543', '001769d2-7c19-4c62-a179-9d80ca113f8f', '01060000A0E61000000100000001030000800100000005000000190487BF6F1A42402EF34794970041400000F74663889240DDD0B037721A4240D4C1CA3E9A00414000F0786C6388924070D434D0731A4240D1840A3F99004140004030CB63889240B34C616C711A424087ADA58796004140005069AA63889240190487BF6F1A42402EF34794970041400000F74663889240');
INSERT INTO "attribute_value_geomz" VALUES ('2633cf0c-ec63-4eef-929a-c04f7cd102e1', '4bf4a032-08e2-4318-b182-a51fe4d56543', '8029ab6d-6c3e-46dc-9126-5c1a982e624e', '01060000A0E61000000100000001030000800100000005000000C074E08B4E1A4240E93C0F90B8004140003085675C609240E33DCEBD4D1A424088844CDAB700414000F02C575C609240743F23B14B1A424093EFBE99B900414000207CD15B6092402EFC22724C1A42405451ED34BA004140009050E25B609240C074E08B4E1A4240E93C0F90B8004140003085675C609240');
INSERT INTO "attribute_value_geomz" VALUES ('83ab1a6a-ae39-4cb6-b5f7-d2f8c848dc69', '4bf4a032-08e2-4318-b182-a51fe4d56543', 'ed43c2c7-5813-49de-a981-a0f267a65663', '01060000A0E61000000100000001030000800100000006000000E9665732791A42402CA554ACC000414000D09CC562609240EB697F2C781A4240CC048277BF00414000E0B9B8626092400FB8535C761A42405B0AFD9AC00041400030034D62609240A126ECBC771A4240FAA5FAD1C10041400030F96862609240680FBD2F791A4240D217E9F7C0004140002087BD62609240E9665732791A42402CA554ACC000414000D09CC562609240');
INSERT INTO "attribute_value_geomz" VALUES ('b583091b-f62c-40c7-87c1-d1a3d23c14fa', '4bf4a032-08e2-4318-b182-a51fe4d56543', '12351067-22d2-4ac1-aa7c-33e06e96b86f', '01060000A0E61000000100000001030000800100000006000000D6C5DC6B811A4240C77E1FCDBE00414000B05CC2645892403AAF40FE7F1A4240E6590810BF0041400060FA7D6458924008F0E5A07F1A4240C6E57159BF00414000B0D16664589240A7423251801A4240AA9AF0F4BF00414000C0CC7464589240B5A868C1811A4240644A7366BF00414000A044C164589240D6C5DC6B811A4240C77E1FCDBE00414000B05CC264589240');
INSERT INTO "attribute_value_geomz" VALUES ('7b201743-67ab-4d07-8004-ca0219033edb', '4bf4a032-08e2-4318-b182-a51fe4d56543', 'a3cede9a-1e29-4fa2-b13b-f7e58795febe', '01060000A0E61000000100000001030000800100000005000000E309AB69411A42406B290C28A400414000C046415C609240B1459A51401A424016AB4704A50041400010CCFB5B60924030D7D897411A4240FAC50422A60041400080E1155C60924025D46202431A4240FC4F3F1BA50041400060906D5C609240E309AB69411A42406B290C28A400414000C046415C609240');
INSERT INTO "attribute_value_geomz" VALUES ('f897ffa2-39ca-46cc-b0e1-955decec59cb', '4bf4a032-08e2-4318-b182-a51fe4d56543', 'a8e5812a-f4c2-48a9-b1ff-6b1379950cf2', '01060000A0E610000001000000010300008001000000080000006D646DF1691A42409FFAAE9AC0004140003073D3605492404895452E681A4240E75B4344C0004140006028906054924069481BC9671A42409C156A70C10041400080BE6060549240FE22438C691A424084B7D5C6C1004140005009A46054924091AFA889691A4240BE286A12C20041400050F39B605492408FAB75EF6A1A424030293FB2C2004140001015C86054924094C1AE016B1A4240AF0F30A1C000414000F0AC00615492406D646DF1691A42409FFAAE9AC0004140003073D360549240');



--Einfügen der lokalisierten Zeichenketten für ATG
INSERT INTO "localized_character_string" VALUES ('c2cc7cde-c99f-4c62-a156-51a1c3eefd6b','c0d76ff3-a711-42af-920d-09132a287015','Areal_ATG_1');
INSERT INTO "localized_character_string" VALUES ('c643ad8a-265b-4cbe-b5c8-1e2d8625a461','c0d76ff3-a711-42af-920d-09132a287015','Behälter/Tüte_ATG_1');
INSERT INTO "localized_character_string" VALUES ('d80f8985-644f-4bda-b863-9a5017d0ac19','c0d76ff3-a711-42af-920d-09132a287015','Foto_ATG_1');
INSERT INTO "localized_character_string" VALUES ('b1fe3ed3-0ef7-4e81-8318-2ed533a2eaed','c0d76ff3-a711-42af-920d-09132a287015','Foto_ATG_2');
INSERT INTO "localized_character_string" VALUES ('b22a4f77-1021-49e8-a590-a3cf5e592154','c0d76ff3-a711-42af-920d-09132a287015','Foto_ATG_3');
INSERT INTO "localized_character_string" VALUES ('bcd7efcc-036c-4ac6-90b6-ef785e06049b','c0d76ff3-a711-42af-920d-09132a287015','Foto_ATG_4');
INSERT INTO "localized_character_string" VALUES ('cf4a7d43-0c69-43c2-babb-b81b38a7a978','c0d76ff3-a711-42af-920d-09132a287015','Foto_ATG_5');
INSERT INTO "localized_character_string" VALUES ('455ea976-0dc1-4a46-adb1-926d68c986ba','c0d76ff3-a711-42af-920d-09132a287015','Foto_ATG_6');
INSERT INTO "localized_character_string" VALUES ('9bb749e6-e0cf-4838-bc12-f8d4bc99109b','c0d76ff3-a711-42af-920d-09132a287015','Freifund_ATG_1');
INSERT INTO "localized_character_string" VALUES ('43b09f2d-d282-4edd-8f2d-cfa67eddd23a','c0d76ff3-a711-42af-920d-09132a287015','Fund_ATG_1');
INSERT INTO "localized_character_string" VALUES ('849dfc59-3548-4865-870d-7d5043eb0a95','c0d76ff3-a711-42af-920d-09132a287015','Fund_ATG_2');
INSERT INTO "localized_character_string" VALUES ('1b699632-a621-4209-944a-9d83442e97b6','c0d76ff3-a711-42af-920d-09132a287015','Fund_ATG_3');
INSERT INTO "localized_character_string" VALUES ('169aecf3-531b-4fad-b0c0-49d4721439e9','c0d76ff3-a711-42af-920d-09132a287015','Fundstelle_ATG_1');
INSERT INTO "localized_character_string" VALUES ('49c9ce25-52ed-45be-833a-8603367bbe1e','c0d76ff3-a711-42af-920d-09132a287015','Locus_ATG_1');
INSERT INTO "localized_character_string" VALUES ('637c1114-b000-4d03-af78-f04359ee7393','c0d76ff3-a711-42af-920d-09132a287015','Nicht Tonfund_ATG_1');
INSERT INTO "localized_character_string" VALUES ('55285d33-cc09-46a1-9e1d-b01906b3f81b','c0d76ff3-a711-42af-920d-09132a287015','Plan_ATG_1');
INSERT INTO "localized_character_string" VALUES ('36b2a5ef-c15d-4476-aa41-ebd0b264d6e4','c0d76ff3-a711-42af-920d-09132a287015','Plan_ATG_2');
INSERT INTO "localized_character_string" VALUES ('8d846234-8a7f-4c1e-a95c-09c7af9fabce','c0d76ff3-a711-42af-920d-09132a287015','Plan_ATG_3');
INSERT INTO "localized_character_string" VALUES ('7884a254-d80e-4395-b99b-135320cfb5fd','c0d76ff3-a711-42af-920d-09132a287015','Plan_ATG_4');
INSERT INTO "localized_character_string" VALUES ('940daf77-f9c0-436c-93b0-b59324faf1b1','c0d76ff3-a711-42af-920d-09132a287015','Plan_ATG_5');
INSERT INTO "localized_character_string" VALUES ('8bf3c863-93eb-4454-80b4-e1f094db773b','c0d76ff3-a711-42af-920d-09132a287015','Plan_ATG_6');
INSERT INTO "localized_character_string" VALUES ('0b8bfc75-abc1-426c-8087-d1782f07df27','c0d76ff3-a711-42af-920d-09132a287015','Plan_ATG_7');
INSERT INTO "localized_character_string" VALUES ('d08cc73d-7f70-44a3-9764-2da3cd6c99a2','c0d76ff3-a711-42af-920d-09132a287015','Scherbe_ATG_1');
INSERT INTO "localized_character_string" VALUES ('ee23e6ab-9447-43e0-b0b1-ae0feeca532c','c0d76ff3-a711-42af-920d-09132a287015','Sondage_ATG_1');
INSERT INTO "localized_character_string" VALUES ('d5488a06-a826-40f9-81b6-d73c6de9db14','c0d76ff3-a711-42af-920d-09132a287015','Stadt_ATG_1');
INSERT INTO "localized_character_string" VALUES ('dfbb08b6-14b0-494c-942a-de04f523acfa','c0d76ff3-a711-42af-920d-09132a287015','Survey_ATG_1');
INSERT INTO "localized_character_string" VALUES ('4326aabc-1086-4aed-98c5-cb9ea5e8af1c','c0d76ff3-a711-42af-920d-09132a287015','Tonfund_ATG_1');
INSERT INTO "localized_character_string" VALUES ('66229c80-f542-4780-bbcc-aec61244e7d5','c0d76ff3-a711-42af-920d-09132a287015','Ware_ATG_1');
INSERT INTO "localized_character_string" VALUES ('6706db06-221f-4a4a-9109-bb0e2b0de0f3','c0d76ff3-a711-42af-920d-09132a287015','Ware_ATG_2');
INSERT INTO "localized_character_string" VALUES ('1b29515f-56e8-493c-96b4-db004e522b8e','c0d76ff3-a711-42af-920d-09132a287015','Ware_ATG_3');

--Generieren der Wertelistenwerte für ATG
INSERT INTO "value_list_values" VALUES ('4d15ca83-8913-4862-aa9c-29f2938e678e','c2cc7cde-c99f-4c62-a156-51a1c3eefd6b', NULL, TRUE, '3999454a-c82c-4ca7-9114-f427dec39bae');
INSERT INTO "value_list_values" VALUES ('829ec39c-fa4b-4c1e-baae-9da1fd972e5f','c643ad8a-265b-4cbe-b5c8-1e2d8625a461', NULL, TRUE, '3999454a-c82c-4ca7-9114-f427dec39bae');
INSERT INTO "value_list_values" VALUES ('d32d3d91-8085-452b-87d5-dd0c678f11c7','d80f8985-644f-4bda-b863-9a5017d0ac19', NULL, TRUE, '3999454a-c82c-4ca7-9114-f427dec39bae');
INSERT INTO "value_list_values" VALUES ('7893f494-a55c-470e-a20a-456dafee7303','b1fe3ed3-0ef7-4e81-8318-2ed533a2eaed', NULL, TRUE, '3999454a-c82c-4ca7-9114-f427dec39bae');
INSERT INTO "value_list_values" VALUES ('c5cee65c-c9d1-4cb8-9e5c-d48adec3d174','b22a4f77-1021-49e8-a590-a3cf5e592154', NULL, TRUE, '3999454a-c82c-4ca7-9114-f427dec39bae');
INSERT INTO "value_list_values" VALUES ('edd1dac2-aeb5-4860-9b8a-2532a8abfd76','bcd7efcc-036c-4ac6-90b6-ef785e06049b', NULL, TRUE, '3999454a-c82c-4ca7-9114-f427dec39bae');
INSERT INTO "value_list_values" VALUES ('2b66d439-e3cd-4aa9-b2d6-aa0763d2f306','cf4a7d43-0c69-43c2-babb-b81b38a7a978', NULL, TRUE, '3999454a-c82c-4ca7-9114-f427dec39bae');
INSERT INTO "value_list_values" VALUES ('f1420668-7cdd-4922-887d-b86e42af287e','455ea976-0dc1-4a46-adb1-926d68c986ba', NULL, TRUE, '3999454a-c82c-4ca7-9114-f427dec39bae');
INSERT INTO "value_list_values" VALUES ('ea375d95-77d8-476e-a996-0862dd7d2044','9bb749e6-e0cf-4838-bc12-f8d4bc99109b', NULL, TRUE, '3999454a-c82c-4ca7-9114-f427dec39bae');
INSERT INTO "value_list_values" VALUES ('e8d7c2af-04d1-4d59-92c2-276668364d56','43b09f2d-d282-4edd-8f2d-cfa67eddd23a', NULL, TRUE, '3999454a-c82c-4ca7-9114-f427dec39bae');
INSERT INTO "value_list_values" VALUES ('91914413-563e-484e-993d-277dad9b5af7','849dfc59-3548-4865-870d-7d5043eb0a95', NULL, TRUE, '3999454a-c82c-4ca7-9114-f427dec39bae');
INSERT INTO "value_list_values" VALUES ('c8d13f3b-685d-4821-843d-10d235f61d1a','1b699632-a621-4209-944a-9d83442e97b6', NULL, TRUE, '3999454a-c82c-4ca7-9114-f427dec39bae');
INSERT INTO "value_list_values" VALUES ('ea95f049-60d8-4864-99fb-9187f57fc5b7','169aecf3-531b-4fad-b0c0-49d4721439e9', NULL, TRUE, '3999454a-c82c-4ca7-9114-f427dec39bae');
INSERT INTO "value_list_values" VALUES ('8ae5da8b-e9bb-4c02-bad8-747d99a0f034','49c9ce25-52ed-45be-833a-8603367bbe1e', NULL, TRUE, '3999454a-c82c-4ca7-9114-f427dec39bae');
INSERT INTO "value_list_values" VALUES ('7b54180a-13b0-488d-9439-94f916648ba2','637c1114-b000-4d03-af78-f04359ee7393', NULL, TRUE, '3999454a-c82c-4ca7-9114-f427dec39bae');
INSERT INTO "value_list_values" VALUES ('35ea3e1a-6448-4375-bb3e-e39590ac7afb','55285d33-cc09-46a1-9e1d-b01906b3f81b', NULL, TRUE, '3999454a-c82c-4ca7-9114-f427dec39bae');
INSERT INTO "value_list_values" VALUES ('12175257-2891-4ffd-89a4-ca9dc03a9792','36b2a5ef-c15d-4476-aa41-ebd0b264d6e4', NULL, TRUE, '3999454a-c82c-4ca7-9114-f427dec39bae');
INSERT INTO "value_list_values" VALUES ('7a3558e3-63b4-4d80-81c2-8f243fa0ac16','8d846234-8a7f-4c1e-a95c-09c7af9fabce', NULL, TRUE, '3999454a-c82c-4ca7-9114-f427dec39bae');
INSERT INTO "value_list_values" VALUES ('88672966-3cd0-4979-a26c-b54c6c0e553d','7884a254-d80e-4395-b99b-135320cfb5fd', NULL, TRUE, '3999454a-c82c-4ca7-9114-f427dec39bae');
INSERT INTO "value_list_values" VALUES ('70ef610a-aa24-464d-9e14-b77d6614f5ae','940daf77-f9c0-436c-93b0-b59324faf1b1', NULL, TRUE, '3999454a-c82c-4ca7-9114-f427dec39bae');
INSERT INTO "value_list_values" VALUES ('48a9c537-1e9b-4783-a9f1-94fb1a43fb33','8bf3c863-93eb-4454-80b4-e1f094db773b', NULL, TRUE, '3999454a-c82c-4ca7-9114-f427dec39bae');
INSERT INTO "value_list_values" VALUES ('ec36b86b-01b3-442a-83ae-5b4f10e499cf','0b8bfc75-abc1-426c-8087-d1782f07df27', NULL, TRUE, '3999454a-c82c-4ca7-9114-f427dec39bae');
INSERT INTO "value_list_values" VALUES ('8d681fd7-7c6c-4d1c-b55c-4e677453e681','d08cc73d-7f70-44a3-9764-2da3cd6c99a2', NULL, TRUE, '3999454a-c82c-4ca7-9114-f427dec39bae');
INSERT INTO "value_list_values" VALUES ('fee1a2fb-003c-4d09-9a47-987d33049e50','ee23e6ab-9447-43e0-b0b1-ae0feeca532c', NULL, TRUE, '3999454a-c82c-4ca7-9114-f427dec39bae');
INSERT INTO "value_list_values" VALUES ('b702b9e9-8d0a-4dff-86fa-fc2e0078eb66','d5488a06-a826-40f9-81b6-d73c6de9db14', NULL, TRUE, '3999454a-c82c-4ca7-9114-f427dec39bae');
INSERT INTO "value_list_values" VALUES ('2bb3d42d-8ce5-43d4-a21d-b500b398c6b8','dfbb08b6-14b0-494c-942a-de04f523acfa', NULL, TRUE, '3999454a-c82c-4ca7-9114-f427dec39bae');
INSERT INTO "value_list_values" VALUES ('d019f530-fd3a-4fd5-9ca3-49abfd8fd6ea','4326aabc-1086-4aed-98c5-cb9ea5e8af1c', NULL, TRUE, '3999454a-c82c-4ca7-9114-f427dec39bae');
INSERT INTO "value_list_values" VALUES ('79c8a1a0-018c-4d42-a463-5083c874ab30','66229c80-f542-4780-bbcc-aec61244e7d5', NULL, TRUE, '3999454a-c82c-4ca7-9114-f427dec39bae');
INSERT INTO "value_list_values" VALUES ('a67918bb-d4d8-487c-899d-9d61b803704e','6706db06-221f-4a4a-9109-bb0e2b0de0f3', NULL, TRUE, '3999454a-c82c-4ca7-9114-f427dec39bae');
INSERT INTO "value_list_values" VALUES ('c091b721-e9b0-44c2-a8b7-2c00a041ec73','1b29515f-56e8-493c-96b4-db004e522b8e', NULL, TRUE, '3999454a-c82c-4ca7-9114-f427dec39bae');

--Zuordnen der Attributtypen zu den einzelnen ATG
INSERT INTO "attribute_type_group" VALUES ('81e05438-dd00-42f5-aa01-c029abfe0f55','7893f494-a55c-470e-a20a-456dafee7303');
INSERT INTO "attribute_type_group" VALUES ('6ccce6c3-6af0-4857-a0b2-9ba5b73be51f','d32d3d91-8085-452b-87d5-dd0c678f11c7');
INSERT INTO "attribute_type_group" VALUES ('f9dfe76d-abf4-447c-9fad-ff899696e4cf','d32d3d91-8085-452b-87d5-dd0c678f11c7');
INSERT INTO "attribute_type_group" VALUES ('1356065d-fb2a-4812-b0a0-bca335389714','d32d3d91-8085-452b-87d5-dd0c678f11c7');
INSERT INTO "attribute_type_group" VALUES ('aa7f1e16-85c8-4a82-8a8a-b752473fa320','c5cee65c-c9d1-4cb8-9e5c-d48adec3d174');
INSERT INTO "attribute_type_group" VALUES ('ee558fc9-0ea5-49ec-8bb7-fab993309263','edd1dac2-aeb5-4860-9b8a-2532a8abfd76');
INSERT INTO "attribute_type_group" VALUES ('8c566032-2a9b-4b7d-825e-9cf73d8b1d49','c5cee65c-c9d1-4cb8-9e5c-d48adec3d174');
INSERT INTO "attribute_type_group" VALUES ('5f066f33-93d1-40ba-a5d2-cfee3a3f0bb2','c5cee65c-c9d1-4cb8-9e5c-d48adec3d174');
INSERT INTO "attribute_type_group" VALUES ('a79dac6f-d373-4545-8a86-4c8aa7a98792','c5cee65c-c9d1-4cb8-9e5c-d48adec3d174');
INSERT INTO "attribute_type_group" VALUES ('0010c16b-9fbe-4d5d-8224-f18cd58165ed','7893f494-a55c-470e-a20a-456dafee7303');
INSERT INTO "attribute_type_group" VALUES ('774d14c2-c931-4bb6-82ae-8dea577580a3','edd1dac2-aeb5-4860-9b8a-2532a8abfd76');
INSERT INTO "attribute_type_group" VALUES ('c5f71855-09ed-4f1b-9337-cd885c4acd9a','edd1dac2-aeb5-4860-9b8a-2532a8abfd76');
INSERT INTO "attribute_type_group" VALUES ('ce3450b5-9e3b-4e39-9841-e961129a4a53','edd1dac2-aeb5-4860-9b8a-2532a8abfd76');
INSERT INTO "attribute_type_group" VALUES ('fd87b21f-a31d-4cf0-a9bd-f3ca56a36e7b','edd1dac2-aeb5-4860-9b8a-2532a8abfd76');
INSERT INTO "attribute_type_group" VALUES ('7dd5be39-3fb5-4443-905d-8e7fb1f3e0ce','c5cee65c-c9d1-4cb8-9e5c-d48adec3d174');
INSERT INTO "attribute_type_group" VALUES ('5283de99-d9c3-4d19-91be-39f3cbb14885','d32d3d91-8085-452b-87d5-dd0c678f11c7');
INSERT INTO "attribute_type_group" VALUES ('1cd76e4d-e45c-4d2b-92cc-49ec941928d5','edd1dac2-aeb5-4860-9b8a-2532a8abfd76');
INSERT INTO "attribute_type_group" VALUES ('43f09ed5-8e5e-478a-adfa-54cb1ea1cfe5','edd1dac2-aeb5-4860-9b8a-2532a8abfd76');
INSERT INTO "attribute_type_group" VALUES ('e6fd47f8-6ee7-4ea7-95f7-17f5a4e3fe33','edd1dac2-aeb5-4860-9b8a-2532a8abfd76');
INSERT INTO "attribute_type_group" VALUES ('943cb53a-4c76-4a2a-8b83-bc03a7dd9ff5','2b66d439-e3cd-4aa9-b2d6-aa0763d2f306');
INSERT INTO "attribute_type_group" VALUES ('26409e55-34ad-4e4c-957a-dcf9ca20fa2e','2b66d439-e3cd-4aa9-b2d6-aa0763d2f306');
INSERT INTO "attribute_type_group" VALUES ('1f227df1-e16f-4426-90c4-2feb6acadac3','2b66d439-e3cd-4aa9-b2d6-aa0763d2f306');
INSERT INTO "attribute_type_group" VALUES ('439352e6-06f1-4f79-bcb8-2a2ecdfac128','f1420668-7cdd-4922-887d-b86e42af287e');
INSERT INTO "attribute_type_group" VALUES ('244ae542-9dc7-448b-89eb-64a5a248d71d','c5cee65c-c9d1-4cb8-9e5c-d48adec3d174');
INSERT INTO "attribute_type_group" VALUES ('f38541dd-de6e-47ab-bde0-b3a8f113c17a','7a3558e3-63b4-4d80-81c2-8f243fa0ac16');
INSERT INTO "attribute_type_group" VALUES ('7dd5be39-3fb5-4443-905d-8e7fb1f3e0ce','7a3558e3-63b4-4d80-81c2-8f243fa0ac16');
INSERT INTO "attribute_type_group" VALUES ('cb17ad3b-81ec-4784-bd47-7f76ce3d23f4','88672966-3cd0-4979-a26c-b54c6c0e553d');
INSERT INTO "attribute_type_group" VALUES ('aa7f1e16-85c8-4a82-8a8a-b752473fa320','7a3558e3-63b4-4d80-81c2-8f243fa0ac16');
INSERT INTO "attribute_type_group" VALUES ('649fdfc6-adca-4369-9521-eb78c026686a','12175257-2891-4ffd-89a4-ca9dc03a9792');
INSERT INTO "attribute_type_group" VALUES ('253f2661-6e6f-4823-b23c-52bc01108e5a','12175257-2891-4ffd-89a4-ca9dc03a9792');
INSERT INTO "attribute_type_group" VALUES ('4a7f10ac-2d22-4dd1-80fb-1d1d002900b1','35ea3e1a-6448-4375-bb3e-e39590ac7afb');
INSERT INTO "attribute_type_group" VALUES ('247f4f64-6826-447c-b3ee-0d6518995f30','35ea3e1a-6448-4375-bb3e-e39590ac7afb');
INSERT INTO "attribute_type_group" VALUES ('bad91b8a-e999-487e-80dc-4731ad30b4d5','35ea3e1a-6448-4375-bb3e-e39590ac7afb');
INSERT INTO "attribute_type_group" VALUES ('f4be5ad7-90c5-4c46-89d0-b8e6240c944e','48a9c537-1e9b-4783-a9f1-94fb1a43fb33');
INSERT INTO "attribute_type_group" VALUES ('a93cabad-d103-415e-a97f-7a9d02682847','48a9c537-1e9b-4783-a9f1-94fb1a43fb33');
INSERT INTO "attribute_type_group" VALUES ('5efa89a7-f972-41d6-952c-65848c9dc623','48a9c537-1e9b-4783-a9f1-94fb1a43fb33');
INSERT INTO "attribute_type_group" VALUES ('3c42fb08-fdf2-446c-ad5a-19bdd2c10bbf','48a9c537-1e9b-4783-a9f1-94fb1a43fb33');
INSERT INTO "attribute_type_group" VALUES ('e6732be7-67fd-4bae-bed2-e20f5dadccc4','12175257-2891-4ffd-89a4-ca9dc03a9792');
INSERT INTO "attribute_type_group" VALUES ('6f31ff82-a963-436e-bafa-cd4e6f730841','88672966-3cd0-4979-a26c-b54c6c0e553d');
INSERT INTO "attribute_type_group" VALUES ('fd87b21f-a31d-4cf0-a9bd-f3ca56a36e7b','88672966-3cd0-4979-a26c-b54c6c0e553d');
INSERT INTO "attribute_type_group" VALUES ('dd60b780-b489-4877-a112-998d86789c2d','88672966-3cd0-4979-a26c-b54c6c0e553d');
INSERT INTO "attribute_type_group" VALUES ('8835252a-13a0-4bd9-87e9-d0ccafd471a7','88672966-3cd0-4979-a26c-b54c6c0e553d');
INSERT INTO "attribute_type_group" VALUES ('11b6f802-4afb-4e2c-950a-c0e3128cc58c','35ea3e1a-6448-4375-bb3e-e39590ac7afb');
INSERT INTO "attribute_type_group" VALUES ('95e986bf-4fa6-4107-91d5-b1086be4a5ed','48a9c537-1e9b-4783-a9f1-94fb1a43fb33');
INSERT INTO "attribute_type_group" VALUES ('5283de99-d9c3-4d19-91be-39f3cbb14885','35ea3e1a-6448-4375-bb3e-e39590ac7afb');
INSERT INTO "attribute_type_group" VALUES ('17d50638-77fb-4d8c-b2e9-2b30cf8c6974','88672966-3cd0-4979-a26c-b54c6c0e553d');
INSERT INTO "attribute_type_group" VALUES ('43f74c6e-6b49-4fe5-94b6-f13679f269e2','70ef610a-aa24-464d-9e14-b77d6614f5ae');
INSERT INTO "attribute_type_group" VALUES ('fa69190a-3a2c-4b91-9626-2954ea9f4081','48a9c537-1e9b-4783-a9f1-94fb1a43fb33');
INSERT INTO "attribute_type_group" VALUES ('9981be25-dc1f-40f7-8ae8-d5ff6b02086e','88672966-3cd0-4979-a26c-b54c6c0e553d');
INSERT INTO "attribute_type_group" VALUES ('2ee9a23e-13fd-4c2c-a608-436ee446f0ab','88672966-3cd0-4979-a26c-b54c6c0e553d');
INSERT INTO "attribute_type_group" VALUES ('74e46278-3fdb-45d8-9021-2666ddfd68e9','70ef610a-aa24-464d-9e14-b77d6614f5ae');
INSERT INTO "attribute_type_group" VALUES ('9f776e13-cfdf-40e4-b844-349c910ce084','70ef610a-aa24-464d-9e14-b77d6614f5ae');
INSERT INTO "attribute_type_group" VALUES ('deb96b17-7720-4dad-abbe-6c843cc23512','48a9c537-1e9b-4783-a9f1-94fb1a43fb33');
INSERT INTO "attribute_type_group" VALUES ('cde464b2-2c19-45b2-9e53-aa4d5462abbf','48a9c537-1e9b-4783-a9f1-94fb1a43fb33');
INSERT INTO "attribute_type_group" VALUES ('484b11d0-5ee5-4d26-9c3e-f6432102aa53','12175257-2891-4ffd-89a4-ca9dc03a9792');
INSERT INTO "attribute_type_group" VALUES ('8c566032-2a9b-4b7d-825e-9cf73d8b1d49','12175257-2891-4ffd-89a4-ca9dc03a9792');
INSERT INTO "attribute_type_group" VALUES ('a7d547a1-c2a8-4890-864b-044027e39663','88672966-3cd0-4979-a26c-b54c6c0e553d');
INSERT INTO "attribute_type_group" VALUES ('244ae542-9dc7-448b-89eb-64a5a248d71d','ec36b86b-01b3-442a-83ae-5b4f10e499cf');
INSERT INTO "attribute_type_group" VALUES ('3c3d50c0-323b-4e34-9e96-858cec519f29','b702b9e9-8d0a-4dff-86fa-fc2e0078eb66');
INSERT INTO "attribute_type_group" VALUES ('77b20602-d9e7-4d68-a53a-d465698c355e','b702b9e9-8d0a-4dff-86fa-fc2e0078eb66');
INSERT INTO "attribute_type_group" VALUES ('6a5fd527-1f45-456c-ae6a-f70127cac793','b702b9e9-8d0a-4dff-86fa-fc2e0078eb66');
INSERT INTO "attribute_type_group" VALUES ('3c3d50c0-323b-4e34-9e96-858cec519f29','2bb3d42d-8ce5-43d4-a21d-b500b398c6b8');
INSERT INTO "attribute_type_group" VALUES ('77b20602-d9e7-4d68-a53a-d465698c355e','2bb3d42d-8ce5-43d4-a21d-b500b398c6b8');
INSERT INTO "attribute_type_group" VALUES ('6a5fd527-1f45-456c-ae6a-f70127cac793','2bb3d42d-8ce5-43d4-a21d-b500b398c6b8');
INSERT INTO "attribute_type_group" VALUES ('3c3d50c0-323b-4e34-9e96-858cec519f29','4d15ca83-8913-4862-aa9c-29f2938e678e');
INSERT INTO "attribute_type_group" VALUES ('6a5fd527-1f45-456c-ae6a-f70127cac793','4d15ca83-8913-4862-aa9c-29f2938e678e');
INSERT INTO "attribute_type_group" VALUES ('aa7f1e16-85c8-4a82-8a8a-b752473fa320','4d15ca83-8913-4862-aa9c-29f2938e678e');
INSERT INTO "attribute_type_group" VALUES ('ebb6d95a-9a19-4406-901f-7678bd868085','4d15ca83-8913-4862-aa9c-29f2938e678e');
INSERT INTO "attribute_type_group" VALUES ('3cd4a2e6-efa8-4760-ba4a-f645df99010d','4d15ca83-8913-4862-aa9c-29f2938e678e');
INSERT INTO "attribute_type_group" VALUES ('06974fbc-0be5-4ffa-8022-d8618121fda0','4d15ca83-8913-4862-aa9c-29f2938e678e');
INSERT INTO "attribute_type_group" VALUES ('e3c2b8f9-75e0-4e60-a98b-0458d51b7b3a','4d15ca83-8913-4862-aa9c-29f2938e678e');
INSERT INTO "attribute_type_group" VALUES ('4de5eb84-89e3-4f04-841a-3875c8aa6c95','4d15ca83-8913-4862-aa9c-29f2938e678e');
INSERT INTO "attribute_type_group" VALUES ('78b47591-b1eb-447f-b369-0aa3476c965c','4d15ca83-8913-4862-aa9c-29f2938e678e');
INSERT INTO "attribute_type_group" VALUES ('6a5fd527-1f45-456c-ae6a-f70127cac793','ea95f049-60d8-4864-99fb-9187f57fc5b7');
INSERT INTO "attribute_type_group" VALUES ('aa7f1e16-85c8-4a82-8a8a-b752473fa320','ea95f049-60d8-4864-99fb-9187f57fc5b7');
INSERT INTO "attribute_type_group" VALUES ('8e4fadd7-350d-4d4e-a78e-ddb10dd06df5','ea95f049-60d8-4864-99fb-9187f57fc5b7');
INSERT INTO "attribute_type_group" VALUES ('23984ec7-93d3-4f82-a35c-6beb2dfd867d','ea95f049-60d8-4864-99fb-9187f57fc5b7');
INSERT INTO "attribute_type_group" VALUES ('762ac682-be42-4acf-9225-7ab9ab4ea190','ea95f049-60d8-4864-99fb-9187f57fc5b7');
INSERT INTO "attribute_type_group" VALUES ('78b47591-b1eb-447f-b369-0aa3476c965c','ea95f049-60d8-4864-99fb-9187f57fc5b7');
INSERT INTO "attribute_type_group" VALUES ('8e4fadd7-350d-4d4e-a78e-ddb10dd06df5','fee1a2fb-003c-4d09-9a47-987d33049e50');
INSERT INTO "attribute_type_group" VALUES ('6a5fd527-1f45-456c-ae6a-f70127cac793','fee1a2fb-003c-4d09-9a47-987d33049e50');
INSERT INTO "attribute_type_group" VALUES ('23984ec7-93d3-4f82-a35c-6beb2dfd867d','fee1a2fb-003c-4d09-9a47-987d33049e50');
INSERT INTO "attribute_type_group" VALUES ('aa7f1e16-85c8-4a82-8a8a-b752473fa320','fee1a2fb-003c-4d09-9a47-987d33049e50');
INSERT INTO "attribute_type_group" VALUES ('d813b21f-7419-45c1-b21f-1b81bf8683a5','fee1a2fb-003c-4d09-9a47-987d33049e50');
INSERT INTO "attribute_type_group" VALUES ('7fecb02d-908b-4b19-b815-00b4c846f88d','fee1a2fb-003c-4d09-9a47-987d33049e50');
INSERT INTO "attribute_type_group" VALUES ('3325c797-2352-42ed-b9a1-ce5a6a94367d','fee1a2fb-003c-4d09-9a47-987d33049e50');
INSERT INTO "attribute_type_group" VALUES ('69d254c7-3d2d-438c-bfea-14b94e414d27','fee1a2fb-003c-4d09-9a47-987d33049e50');
INSERT INTO "attribute_type_group" VALUES ('80c420ad-f43d-4355-a891-1646960cbf18','fee1a2fb-003c-4d09-9a47-987d33049e50');
INSERT INTO "attribute_type_group" VALUES ('62bd5948-15f7-4ff8-a61b-ad58343e58cf','fee1a2fb-003c-4d09-9a47-987d33049e50');
INSERT INTO "attribute_type_group" VALUES ('26a9d881-90e2-4f54-a021-a72840b7cc46','fee1a2fb-003c-4d09-9a47-987d33049e50');
INSERT INTO "attribute_type_group" VALUES ('8ec6ec4e-ca6a-49ff-b88e-0f18c71a84bf','fee1a2fb-003c-4d09-9a47-987d33049e50');
INSERT INTO "attribute_type_group" VALUES ('511c96c4-e70b-4fbd-961b-3d634b73d5fe','fee1a2fb-003c-4d09-9a47-987d33049e50');
INSERT INTO "attribute_type_group" VALUES ('021fa980-7a99-4732-9d88-70f470f4db0a','fee1a2fb-003c-4d09-9a47-987d33049e50');
INSERT INTO "attribute_type_group" VALUES ('214e6b58-21b9-41de-95e5-3a91c90a866f','fee1a2fb-003c-4d09-9a47-987d33049e50');
INSERT INTO "attribute_type_group" VALUES ('71b0430c-a208-4651-9e62-2a09847462ea','fee1a2fb-003c-4d09-9a47-987d33049e50');
INSERT INTO "attribute_type_group" VALUES ('ec94e818-fefa-4b7c-8919-28d41e969262','fee1a2fb-003c-4d09-9a47-987d33049e50');
INSERT INTO "attribute_type_group" VALUES ('371848e9-731f-4791-b69b-0fcf5a64105b','fee1a2fb-003c-4d09-9a47-987d33049e50');
INSERT INTO "attribute_type_group" VALUES ('f44097ea-068a-4851-b698-3f31a0102603','fee1a2fb-003c-4d09-9a47-987d33049e50');
INSERT INTO "attribute_type_group" VALUES ('78b47591-b1eb-447f-b369-0aa3476c965c','fee1a2fb-003c-4d09-9a47-987d33049e50');
INSERT INTO "attribute_type_group" VALUES ('8e4fadd7-350d-4d4e-a78e-ddb10dd06df5','8ae5da8b-e9bb-4c02-bad8-747d99a0f034');
INSERT INTO "attribute_type_group" VALUES ('6a5fd527-1f45-456c-ae6a-f70127cac793','8ae5da8b-e9bb-4c02-bad8-747d99a0f034');
INSERT INTO "attribute_type_group" VALUES ('aa7f1e16-85c8-4a82-8a8a-b752473fa320','8ae5da8b-e9bb-4c02-bad8-747d99a0f034');
INSERT INTO "attribute_type_group" VALUES ('ec94e818-fefa-4b7c-8919-28d41e969262','8ae5da8b-e9bb-4c02-bad8-747d99a0f034');
INSERT INTO "attribute_type_group" VALUES ('581bd8c5-f937-415d-89b9-902839e0b4b6','8ae5da8b-e9bb-4c02-bad8-747d99a0f034');
INSERT INTO "attribute_type_group" VALUES ('7397f95b-a70d-4d0f-810b-dbf9a5cc3a2a','8ae5da8b-e9bb-4c02-bad8-747d99a0f034');
INSERT INTO "attribute_type_group" VALUES ('aada8a33-7d31-425e-a4a7-cb3a99f4c8ee','8ae5da8b-e9bb-4c02-bad8-747d99a0f034');
INSERT INTO "attribute_type_group" VALUES ('9a71c1e1-e428-4da4-9707-af254333ae07','8ae5da8b-e9bb-4c02-bad8-747d99a0f034');
INSERT INTO "attribute_type_group" VALUES ('8d186e2a-79e5-4c21-8329-d3531a4be280','8ae5da8b-e9bb-4c02-bad8-747d99a0f034');
INSERT INTO "attribute_type_group" VALUES ('8e4fadd7-350d-4d4e-a78e-ddb10dd06df5','e8d7c2af-04d1-4d59-92c2-276668364d56');
INSERT INTO "attribute_type_group" VALUES ('6a5fd527-1f45-456c-ae6a-f70127cac793','e8d7c2af-04d1-4d59-92c2-276668364d56');
INSERT INTO "attribute_type_group" VALUES ('3c3d50c0-323b-4e34-9e96-858cec519f29','e8d7c2af-04d1-4d59-92c2-276668364d56');
INSERT INTO "attribute_type_group" VALUES ('aa7f1e16-85c8-4a82-8a8a-b752473fa320','c8d13f3b-685d-4821-843d-10d235f61d1a');
INSERT INTO "attribute_type_group" VALUES ('5283de99-d9c3-4d19-91be-39f3cbb14885','91914413-563e-484e-993d-277dad9b5af7');
INSERT INTO "attribute_type_group" VALUES ('a172efc8-0ce6-4f0f-a89c-a42ffcb97ef4','c8d13f3b-685d-4821-843d-10d235f61d1a');
INSERT INTO "attribute_type_group" VALUES ('66844878-0af5-42fd-80a8-ec9c0e200cad','e8d7c2af-04d1-4d59-92c2-276668364d56');
INSERT INTO "attribute_type_group" VALUES ('3a707fb5-fb32-45b2-9cc9-789bd8f6a9e2','91914413-563e-484e-993d-277dad9b5af7');
INSERT INTO "attribute_type_group" VALUES ('7b54459a-3f56-4b49-a112-39dbd6bff543','91914413-563e-484e-993d-277dad9b5af7');
INSERT INTO "attribute_type_group" VALUES ('72415532-8416-4c97-8684-db5a091835f9','91914413-563e-484e-993d-277dad9b5af7');
INSERT INTO "attribute_type_group" VALUES ('eee22437-d6fd-4ffd-89f5-5edc623ac777','91914413-563e-484e-993d-277dad9b5af7');
INSERT INTO "attribute_type_group" VALUES ('d0a9a688-ec74-4237-bfcb-03375bf198a9','91914413-563e-484e-993d-277dad9b5af7');
INSERT INTO "attribute_type_group" VALUES ('dd84fafe-db44-4fec-b970-88fd1480566e','91914413-563e-484e-993d-277dad9b5af7');
INSERT INTO "attribute_type_group" VALUES ('745dd32b-cd93-40f2-92ea-b18c9cac252f','e8d7c2af-04d1-4d59-92c2-276668364d56');
INSERT INTO "attribute_type_group" VALUES ('7b26814f-873f-402d-a1fa-42b5b4ed17d1','e8d7c2af-04d1-4d59-92c2-276668364d56');
INSERT INTO "attribute_type_group" VALUES ('6b44bb0d-11fe-414c-acde-7beadd9b62ac','e8d7c2af-04d1-4d59-92c2-276668364d56');
INSERT INTO "attribute_type_group" VALUES ('317733e5-7750-4394-a54a-6966b2ef7032','e8d7c2af-04d1-4d59-92c2-276668364d56');
INSERT INTO "attribute_type_group" VALUES ('e7a40522-17ad-492e-b2fe-80327683c572','e8d7c2af-04d1-4d59-92c2-276668364d56');
INSERT INTO "attribute_type_group" VALUES ('1a0bc1f3-f67d-40c6-b546-94c0a5e9828f','e8d7c2af-04d1-4d59-92c2-276668364d56');
INSERT INTO "attribute_type_group" VALUES ('ca8ab063-32a8-4630-9d3d-4e2062fd9b7e','e8d7c2af-04d1-4d59-92c2-276668364d56');
INSERT INTO "attribute_type_group" VALUES ('3c3d50c0-323b-4e34-9e96-858cec519f29','79c8a1a0-018c-4d42-a463-5083c874ab30');
INSERT INTO "attribute_type_group" VALUES ('a172efc8-0ce6-4f0f-a89c-a42ffcb97ef4','c091b721-e9b0-44c2-a8b7-2c00a041ec73');
INSERT INTO "attribute_type_group" VALUES ('47849aff-bb92-4de2-810c-b938fb457268','79c8a1a0-018c-4d42-a463-5083c874ab30');
INSERT INTO "attribute_type_group" VALUES ('8b5c5659-b397-42d7-9573-f76ba0a57ba6','79c8a1a0-018c-4d42-a463-5083c874ab30');
INSERT INTO "attribute_type_group" VALUES ('99e2ee8d-5771-42cf-bcc7-4a762c0a2ade','79c8a1a0-018c-4d42-a463-5083c874ab30');
INSERT INTO "attribute_type_group" VALUES ('b2bdbe2a-03fe-4a0e-94d4-890a1ad26406','a67918bb-d4d8-487c-899d-9d61b803704e');
INSERT INTO "attribute_type_group" VALUES ('e907f530-109b-42c5-9573-c3318e8c7c61','a67918bb-d4d8-487c-899d-9d61b803704e');
INSERT INTO "attribute_type_group" VALUES ('67f27a74-4bd3-48d2-81a8-9725d873049a','a67918bb-d4d8-487c-899d-9d61b803704e');
INSERT INTO "attribute_type_group" VALUES ('96f19bbd-14a6-4805-a61a-24ab59ea015c','a67918bb-d4d8-487c-899d-9d61b803704e');
INSERT INTO "attribute_type_group" VALUES ('46bd428e-7f76-4d46-b42b-8c5dde27f2e0','a67918bb-d4d8-487c-899d-9d61b803704e');
INSERT INTO "attribute_type_group" VALUES ('fe99323b-fda1-4059-994c-6e30e8c257a5','c091b721-e9b0-44c2-a8b7-2c00a041ec73');
INSERT INTO "attribute_type_group" VALUES ('6588b85a-d34c-4e34-a5e3-9c4ddb6f5ed8','c091b721-e9b0-44c2-a8b7-2c00a041ec73');
INSERT INTO "attribute_type_group" VALUES ('43b24ad8-007f-4293-a62c-86caa2030af0','c091b721-e9b0-44c2-a8b7-2c00a041ec73');
INSERT INTO "attribute_type_group" VALUES ('cdbd523a-428c-4431-a46e-d1012de11d11','c091b721-e9b0-44c2-a8b7-2c00a041ec73');
INSERT INTO "attribute_type_group" VALUES ('2925d3e6-ada8-4f0f-88e2-85f1772c0a58','c091b721-e9b0-44c2-a8b7-2c00a041ec73');
INSERT INTO "attribute_type_group" VALUES ('8f240a63-fc8e-42c2-ad8e-287abd738e19','c091b721-e9b0-44c2-a8b7-2c00a041ec73');
INSERT INTO "attribute_type_group" VALUES ('603fb32b-91ed-44b4-ab28-5a884af081c8','c091b721-e9b0-44c2-a8b7-2c00a041ec73');
INSERT INTO "attribute_type_group" VALUES ('30efe970-629d-4260-a652-c98e9ae9e7d7','c091b721-e9b0-44c2-a8b7-2c00a041ec73');
INSERT INTO "attribute_type_group" VALUES ('bd3a0706-5d47-4970-9a9d-9939d04517ae','c091b721-e9b0-44c2-a8b7-2c00a041ec73');
INSERT INTO "attribute_type_group" VALUES ('666dece4-c050-4720-82b7-033a393e1b21','c091b721-e9b0-44c2-a8b7-2c00a041ec73');
INSERT INTO "attribute_type_group" VALUES ('0a694078-1397-426f-8e90-66b3874c4f86','c091b721-e9b0-44c2-a8b7-2c00a041ec73');
INSERT INTO "attribute_type_group" VALUES ('25e4cf56-c984-4470-bd0f-8f7fac2d1d4c','79c8a1a0-018c-4d42-a463-5083c874ab30');
INSERT INTO "attribute_type_group" VALUES ('0e883f15-6208-46d5-8ab8-1bc49ed2da73','c091b721-e9b0-44c2-a8b7-2c00a041ec73');
INSERT INTO "attribute_type_group" VALUES ('a81c47c1-e6ac-4d53-b32f-8fbeecf7ab3c','79c8a1a0-018c-4d42-a463-5083c874ab30');
INSERT INTO "attribute_type_group" VALUES ('e09dd8d8-00bb-420c-acd5-5029be27a5ad','7b54180a-13b0-488d-9439-94f916648ba2');
INSERT INTO "attribute_type_group" VALUES ('6eaae6d8-7cff-40ab-a14d-6538d0b181ba','7b54180a-13b0-488d-9439-94f916648ba2');
INSERT INTO "attribute_type_group" VALUES ('b40b1504-446f-46b4-a148-83c072beba7c','7b54180a-13b0-488d-9439-94f916648ba2');
INSERT INTO "attribute_type_group" VALUES ('8f34108f-99b2-4233-aa70-9bad4611616c','7b54180a-13b0-488d-9439-94f916648ba2');
INSERT INTO "attribute_type_group" VALUES ('ad18de72-6671-49e8-9780-17c9b4e68a18','7b54180a-13b0-488d-9439-94f916648ba2');
INSERT INTO "attribute_type_group" VALUES ('23b6a03b-5b0f-42a6-be90-c38a02b1780c','7b54180a-13b0-488d-9439-94f916648ba2');
INSERT INTO "attribute_type_group" VALUES ('eec7501c-b697-4446-ba11-e795e948ad82','7b54180a-13b0-488d-9439-94f916648ba2');
INSERT INTO "attribute_type_group" VALUES ('9456671b-9994-4797-ad71-adfe8793692d','7b54180a-13b0-488d-9439-94f916648ba2');
INSERT INTO "attribute_type_group" VALUES ('5a8206ac-e410-4f23-80c8-3f3f71af4744','7b54180a-13b0-488d-9439-94f916648ba2');
INSERT INTO "attribute_type_group" VALUES ('d41aa62b-ec56-4147-be5f-0742f2af3281','7b54180a-13b0-488d-9439-94f916648ba2');
INSERT INTO "attribute_type_group" VALUES ('667b0c5e-eb79-425f-bb4a-5caafafa5f35','7b54180a-13b0-488d-9439-94f916648ba2');
INSERT INTO "attribute_type_group" VALUES ('143abaf1-8a3a-4acc-9653-03989cfbb92a','7b54180a-13b0-488d-9439-94f916648ba2');
INSERT INTO "attribute_type_group" VALUES ('a7c22b33-041c-454e-9e19-733d3ff10790','7b54180a-13b0-488d-9439-94f916648ba2');
INSERT INTO "attribute_type_group" VALUES ('388e3d10-41ab-4059-808f-754b9edf11a6','7b54180a-13b0-488d-9439-94f916648ba2');
INSERT INTO "attribute_type_group" VALUES ('2218a9b0-3035-491d-af6d-e546cde2b2b6','7b54180a-13b0-488d-9439-94f916648ba2');
INSERT INTO "attribute_type_group" VALUES ('27184f5e-0cb5-44f8-8222-189fd2dfd11a','7b54180a-13b0-488d-9439-94f916648ba2');
INSERT INTO "attribute_type_group" VALUES ('c980815b-25f9-4f2e-b5db-ea9d970dd9bb','7b54180a-13b0-488d-9439-94f916648ba2');
INSERT INTO "attribute_type_group" VALUES ('c62e1eed-1510-48eb-84e4-4d7304397557','7b54180a-13b0-488d-9439-94f916648ba2');
INSERT INTO "attribute_type_group" VALUES ('4f26178e-4970-4855-af13-28e9c3bb5819','7b54180a-13b0-488d-9439-94f916648ba2');
INSERT INTO "attribute_type_group" VALUES ('59958e4b-17cd-4f6f-9b92-38887eb5eb0b','7b54180a-13b0-488d-9439-94f916648ba2');
INSERT INTO "attribute_type_group" VALUES ('16452a00-60a5-433c-9bc5-2e6fe2126cbb','7b54180a-13b0-488d-9439-94f916648ba2');
INSERT INTO "attribute_type_group" VALUES ('8dc7a039-166b-41c9-8d30-48bb1a69e6a2','7b54180a-13b0-488d-9439-94f916648ba2');
INSERT INTO "attribute_type_group" VALUES ('7b4263e6-17bb-4f2a-af3d-bb365d3c8536','7b54180a-13b0-488d-9439-94f916648ba2');
INSERT INTO "attribute_type_group" VALUES ('27621ba3-39c5-4706-8fbb-9c666972f14e','7b54180a-13b0-488d-9439-94f916648ba2');
INSERT INTO "attribute_type_group" VALUES ('e463d995-b3e4-41fa-b428-09eb41338947','7b54180a-13b0-488d-9439-94f916648ba2');
INSERT INTO "attribute_type_group" VALUES ('2b9b928e-413e-4535-a04b-fa33be19a630','c091b721-e9b0-44c2-a8b7-2c00a041ec73');
INSERT INTO "attribute_type_group" VALUES ('aa7f1e16-85c8-4a82-8a8a-b752473fa320','ea375d95-77d8-476e-a996-0862dd7d2044');
INSERT INTO "attribute_type_group" VALUES ('e09dd8d8-00bb-420c-acd5-5029be27a5ad','ea375d95-77d8-476e-a996-0862dd7d2044');
INSERT INTO "attribute_type_group" VALUES ('4dfa8c0e-029c-41e2-b602-bda1610d1bad','ea375d95-77d8-476e-a996-0862dd7d2044');
INSERT INTO "attribute_type_group" VALUES ('d982be0e-a67c-4530-930f-0998fcec5ead','ea375d95-77d8-476e-a996-0862dd7d2044');
INSERT INTO "attribute_type_group" VALUES ('d008638d-40f7-4819-b3a5-115137da1d81','829ec39c-fa4b-4c1e-baae-9da1fd972e5f');
INSERT INTO "attribute_type_group" VALUES ('6eaae6d8-7cff-40ab-a14d-6538d0b181ba','829ec39c-fa4b-4c1e-baae-9da1fd972e5f');
INSERT INTO "attribute_type_group" VALUES ('b40b1504-446f-46b4-a148-83c072beba7c','829ec39c-fa4b-4c1e-baae-9da1fd972e5f');
INSERT INTO "attribute_type_group" VALUES ('ad9f726e-acf8-4999-bc0d-a0d395595297','829ec39c-fa4b-4c1e-baae-9da1fd972e5f');
INSERT INTO "attribute_type_group" VALUES ('28d7e8e1-ed9c-4db3-b3e4-269e53479fe1','829ec39c-fa4b-4c1e-baae-9da1fd972e5f');
INSERT INTO "attribute_type_group" VALUES ('cb02681b-063c-4a12-b946-042614df2cc1','ea375d95-77d8-476e-a996-0862dd7d2044');
INSERT INTO "attribute_type_group" VALUES ('396f138e-10ac-4955-ab92-6c0e9413a9b2','ea375d95-77d8-476e-a996-0862dd7d2044');
INSERT INTO "attribute_type_group" VALUES ('2fdcfbb4-f4c0-43b6-be75-e2034e3d61ff','ea375d95-77d8-476e-a996-0862dd7d2044');
INSERT INTO "attribute_type_group" VALUES ('8a713c14-029e-4c87-ba85-1e2e78b146ec','ea375d95-77d8-476e-a996-0862dd7d2044');
INSERT INTO "attribute_type_group" VALUES ('cbf9b671-8f3c-4cef-9046-85ceb5f345d7','ea375d95-77d8-476e-a996-0862dd7d2044');
INSERT INTO "attribute_type_group" VALUES ('eca645f5-d36c-48ec-865d-6263f0b8f02f','ea375d95-77d8-476e-a996-0862dd7d2044');
INSERT INTO "attribute_type_group" VALUES ('6873ac82-8f68-4fda-b2cf-a672811bb20e','ea375d95-77d8-476e-a996-0862dd7d2044');
INSERT INTO "attribute_type_group" VALUES ('7de786b1-1775-40fb-acda-560a0c34c8f0','ea375d95-77d8-476e-a996-0862dd7d2044');
INSERT INTO "attribute_type_group" VALUES ('1d133df9-71ad-40dd-8c49-6dda998a5ed7','ea375d95-77d8-476e-a996-0862dd7d2044');
INSERT INTO "attribute_type_group" VALUES ('0bafcd96-046f-4b7b-9bf5-9520202a2203','ea375d95-77d8-476e-a996-0862dd7d2044');
INSERT INTO "attribute_type_group" VALUES ('7e0b86aa-7346-4b32-801d-624f9105de36','ea375d95-77d8-476e-a996-0862dd7d2044');
INSERT INTO "attribute_type_group" VALUES ('ffc7bf5a-c828-485e-8ca7-acd3a0c740fe','ea375d95-77d8-476e-a996-0862dd7d2044');
INSERT INTO "attribute_type_group" VALUES ('033a7fa4-1c63-4b37-938a-9e8dad70af61','ea375d95-77d8-476e-a996-0862dd7d2044');
INSERT INTO "attribute_type_group" VALUES ('06ac3651-aa41-4f5c-9f2f-52151f2e6ad8','ea375d95-77d8-476e-a996-0862dd7d2044');
INSERT INTO "attribute_type_group" VALUES ('e09dd8d8-00bb-420c-acd5-5029be27a5ad','d019f530-fd3a-4fd5-9ca3-49abfd8fd6ea');
INSERT INTO "attribute_type_group" VALUES ('6eaae6d8-7cff-40ab-a14d-6538d0b181ba','d019f530-fd3a-4fd5-9ca3-49abfd8fd6ea');
INSERT INTO "attribute_type_group" VALUES ('b40b1504-446f-46b4-a148-83c072beba7c','d019f530-fd3a-4fd5-9ca3-49abfd8fd6ea');
INSERT INTO "attribute_type_group" VALUES ('ad18de72-6671-49e8-9780-17c9b4e68a18','d019f530-fd3a-4fd5-9ca3-49abfd8fd6ea');
INSERT INTO "attribute_type_group" VALUES ('23b6a03b-5b0f-42a6-be90-c38a02b1780c','d019f530-fd3a-4fd5-9ca3-49abfd8fd6ea');
INSERT INTO "attribute_type_group" VALUES ('eec7501c-b697-4446-ba11-e795e948ad82','d019f530-fd3a-4fd5-9ca3-49abfd8fd6ea');
INSERT INTO "attribute_type_group" VALUES ('9456671b-9994-4797-ad71-adfe8793692d','d019f530-fd3a-4fd5-9ca3-49abfd8fd6ea');
INSERT INTO "attribute_type_group" VALUES ('667b0c5e-eb79-425f-bb4a-5caafafa5f35','d019f530-fd3a-4fd5-9ca3-49abfd8fd6ea');
INSERT INTO "attribute_type_group" VALUES ('143abaf1-8a3a-4acc-9653-03989cfbb92a','d019f530-fd3a-4fd5-9ca3-49abfd8fd6ea');
INSERT INTO "attribute_type_group" VALUES ('a7c22b33-041c-454e-9e19-733d3ff10790','d019f530-fd3a-4fd5-9ca3-49abfd8fd6ea');
INSERT INTO "attribute_type_group" VALUES ('d018a4e2-120d-4d15-a915-afce5b973e3a','d019f530-fd3a-4fd5-9ca3-49abfd8fd6ea');
INSERT INTO "attribute_type_group" VALUES ('27184f5e-0cb5-44f8-8222-189fd2dfd11a','d019f530-fd3a-4fd5-9ca3-49abfd8fd6ea');
INSERT INTO "attribute_type_group" VALUES ('c980815b-25f9-4f2e-b5db-ea9d970dd9bb','d019f530-fd3a-4fd5-9ca3-49abfd8fd6ea');
INSERT INTO "attribute_type_group" VALUES ('c62e1eed-1510-48eb-84e4-4d7304397557','d019f530-fd3a-4fd5-9ca3-49abfd8fd6ea');
INSERT INTO "attribute_type_group" VALUES ('4f26178e-4970-4855-af13-28e9c3bb5819','d019f530-fd3a-4fd5-9ca3-49abfd8fd6ea');
INSERT INTO "attribute_type_group" VALUES ('59958e4b-17cd-4f6f-9b92-38887eb5eb0b','d019f530-fd3a-4fd5-9ca3-49abfd8fd6ea');
INSERT INTO "attribute_type_group" VALUES ('4e6ef6f1-a62d-490d-b1e9-cfe9f2babe37','d019f530-fd3a-4fd5-9ca3-49abfd8fd6ea');
INSERT INTO "attribute_type_group" VALUES ('1d3841f9-3743-46dd-85fd-149cb35d856b','d019f530-fd3a-4fd5-9ca3-49abfd8fd6ea');
INSERT INTO "attribute_type_group" VALUES ('686dd0e8-f240-46ea-8c56-073aeb106069','c091b721-e9b0-44c2-a8b7-2c00a041ec73');
INSERT INTO "attribute_type_group" VALUES ('2a0a596b-1ac7-4dc5-aa2d-657d78b7b572','c091b721-e9b0-44c2-a8b7-2c00a041ec73');
INSERT INTO "attribute_type_group" VALUES ('c21d2251-b58f-407f-b586-ff15728012c8','c091b721-e9b0-44c2-a8b7-2c00a041ec73');
INSERT INTO "attribute_type_group" VALUES ('bb7e9af9-55e9-4373-a633-018b90a54862','c091b721-e9b0-44c2-a8b7-2c00a041ec73');
INSERT INTO "attribute_type_group" VALUES ('761bbab1-6c29-4151-ad34-aaf1b6c2bb7b','ea375d95-77d8-476e-a996-0862dd7d2044');
INSERT INTO "attribute_type_group" VALUES ('aa7f1e16-85c8-4a82-8a8a-b752473fa320','8d681fd7-7c6c-4d1c-b55c-4e677453e681');
INSERT INTO "attribute_type_group" VALUES ('08e8645c-673e-48ef-b089-cf5b50262193','8d681fd7-7c6c-4d1c-b55c-4e677453e681');
INSERT INTO "attribute_type_group" VALUES ('0ffe0b43-9a67-46c8-891d-cf7fb2e27204','8d681fd7-7c6c-4d1c-b55c-4e677453e681');
INSERT INTO "attribute_type_group" VALUES ('6cd359f4-aa9e-47c9-8361-3192044324c7','8d681fd7-7c6c-4d1c-b55c-4e677453e681');
INSERT INTO "attribute_type_group" VALUES ('4152bda0-469c-4246-be5f-7accd4bc811d','8d681fd7-7c6c-4d1c-b55c-4e677453e681');
INSERT INTO "attribute_type_group" VALUES ('fc068ca7-e5ec-4a76-9243-11d2a5a5d9e0','8d681fd7-7c6c-4d1c-b55c-4e677453e681');
INSERT INTO "attribute_type_group" VALUES ('16a67320-51d2-4211-b8bf-0501f0ef68f2','8d681fd7-7c6c-4d1c-b55c-4e677453e681');
INSERT INTO "attribute_type_group" VALUES ('011a2396-c4a2-4019-9b2b-351d67a349a2','ea375d95-77d8-476e-a996-0862dd7d2044');
INSERT INTO "attribute_type_group" VALUES ('deeaf692-79f9-463d-bd3f-7df808724485','8d681fd7-7c6c-4d1c-b55c-4e677453e681');
INSERT INTO "attribute_type_group" VALUES ('ff2f948c-e742-498a-b02f-aba00abaac30','ea375d95-77d8-476e-a996-0862dd7d2044');
INSERT INTO "attribute_type_group" VALUES ('b54b0a87-3e7a-45aa-a5c5-184d2fdc1eeb','ea375d95-77d8-476e-a996-0862dd7d2044');
INSERT INTO "attribute_type_group" VALUES ('e3a49283-41ca-456f-80c9-9b25ca189aa0','ea375d95-77d8-476e-a996-0862dd7d2044');

-- Übersetzungen
INSERT INTO "localized_character_string" VALUES ('c2cc7cde-c99f-4c62-a156-51a1c3eefd6b','b36320a4-0c74-484e-8c5b-402693deee0f','area_atg_1');
INSERT INTO "localized_character_string" VALUES ('d80f8985-644f-4bda-b863-9a5017d0ac19','b36320a4-0c74-484e-8c5b-402693deee0f','image_atg_1');
INSERT INTO "localized_character_string" VALUES ('b1fe3ed3-0ef7-4e81-8318-2ed533a2eaed','b36320a4-0c74-484e-8c5b-402693deee0f','image_atg_2');
INSERT INTO "localized_character_string" VALUES ('b22a4f77-1021-49e8-a590-a3cf5e592154','b36320a4-0c74-484e-8c5b-402693deee0f','image_atg_3');
INSERT INTO "localized_character_string" VALUES ('bcd7efcc-036c-4ac6-90b6-ef785e06049b','b36320a4-0c74-484e-8c5b-402693deee0f','image_atg_4');
INSERT INTO "localized_character_string" VALUES ('cf4a7d43-0c69-43c2-babb-b81b38a7a978','b36320a4-0c74-484e-8c5b-402693deee0f','image_atg_5');
INSERT INTO "localized_character_string" VALUES ('455ea976-0dc1-4a46-adb1-926d68c986ba','b36320a4-0c74-484e-8c5b-402693deee0f','image_atg_6');
INSERT INTO "localized_character_string" VALUES ('55285d33-cc09-46a1-9e1d-b01906b3f81b','b36320a4-0c74-484e-8c5b-402693deee0f','plan_atg_1');
INSERT INTO "localized_character_string" VALUES ('36b2a5ef-c15d-4476-aa41-ebd0b264d6e4','b36320a4-0c74-484e-8c5b-402693deee0f','plan_atg_2');
INSERT INTO "localized_character_string" VALUES ('8d846234-8a7f-4c1e-a95c-09c7af9fabce','b36320a4-0c74-484e-8c5b-402693deee0f','plan_atg_3');
INSERT INTO "localized_character_string" VALUES ('7884a254-d80e-4395-b99b-135320cfb5fd','b36320a4-0c74-484e-8c5b-402693deee0f','plan_atg_4');
INSERT INTO "localized_character_string" VALUES ('940daf77-f9c0-436c-93b0-b59324faf1b1','b36320a4-0c74-484e-8c5b-402693deee0f','plan_atg_5');
INSERT INTO "localized_character_string" VALUES ('8bf3c863-93eb-4454-80b4-e1f094db773b','b36320a4-0c74-484e-8c5b-402693deee0f','plan_atg_6');
INSERT INTO "localized_character_string" VALUES ('0b8bfc75-abc1-426c-8087-d1782f07df27','b36320a4-0c74-484e-8c5b-402693deee0f','plan_atg_7');
INSERT INTO "localized_character_string" VALUES ('d5488a06-a826-40f9-81b6-d73c6de9db14','b36320a4-0c74-484e-8c5b-402693deee0f','city_atg_1');
INSERT INTO "localized_character_string" VALUES ('4d408203-ba21-45bd-ae43-44cc5c347d4c','b36320a4-0c74-484e-8c5b-402693deee0f','testExt_description value list 1');
INSERT INTO "localized_character_string" VALUES ('e569fd56-1f1f-4d0e-8bad-1ae60d43ae8a','b36320a4-0c74-484e-8c5b-402693deee0f','testExt_description value list 2');
INSERT INTO "localized_character_string" VALUES ('2548a902-cf79-4542-916a-3ae2b617480b','b36320a4-0c74-484e-8c5b-402693deee0f','testExt_description value list 3');
INSERT INTO "localized_character_string" VALUES ('af7669c5-6832-4fe6-8e78-36330818deaa','b36320a4-0c74-484e-8c5b-402693deee0f','testExt_description value list 4');
INSERT INTO "localized_character_string" VALUES ('9496a736-d8b1-4fef-bd4b-f49c2a832dd1','b36320a4-0c74-484e-8c5b-402693deee0f','testExt_description value list 5');
INSERT INTO "localized_character_string" VALUES ('74eb3a8d-72fa-4222-bb30-02f32ea5fc47','b36320a4-0c74-484e-8c5b-402693deee0f','testExt_description value list 6');
INSERT INTO "localized_character_string" VALUES ('a28036ef-24c1-47dc-81f8-144693e618ff','b36320a4-0c74-484e-8c5b-402693deee0f','testExt_description value list 7');
INSERT INTO "localized_character_string" VALUES ('ae006600-87d4-4af4-900d-b72c83320416','b36320a4-0c74-484e-8c5b-402693deee0f','testExt_description value list 8');
INSERT INTO "localized_character_string" VALUES ('f04fb5f6-df10-4b8a-9f81-5d06b8ae0991','b36320a4-0c74-484e-8c5b-402693deee0f','testExt_description value list 9');
INSERT INTO "localized_character_string" VALUES ('4ec7838d-d225-4b9b-a176-cbba1be997bc','b36320a4-0c74-484e-8c5b-402693deee0f','testExt_description value list 10');
INSERT INTO "localized_character_string" VALUES ('7a1ec481-008b-41b6-bb60-c4d26098567c','b36320a4-0c74-484e-8c5b-402693deee0f','testExt_description value list 11');
INSERT INTO "localized_character_string" VALUES ('55a9a327-13ee-4515-805b-0eb5ac26f56c','b36320a4-0c74-484e-8c5b-402693deee0f','testExt_description value list 12');
INSERT INTO "localized_character_string" VALUES ('5cacdec2-5825-4c18-a513-ceb0d9f9eede','b36320a4-0c74-484e-8c5b-402693deee0f','testExt_description value list 13');
INSERT INTO "localized_character_string" VALUES ('6cadb9b3-2e49-433a-94bd-2fe53116ac13','b36320a4-0c74-484e-8c5b-402693deee0f','testExt_description value list 14');
INSERT INTO "localized_character_string" VALUES ('77357ccd-1dd6-4b89-b555-a4e5e4bf08a1','b36320a4-0c74-484e-8c5b-402693deee0f','testExt_description value list 15');
INSERT INTO "localized_character_string" VALUES ('3a9bccd0-342e-4862-beb2-ae069ff42641','b36320a4-0c74-484e-8c5b-402693deee0f','testExt_description value list 16');
INSERT INTO "localized_character_string" VALUES ('2560ee25-5d85-44d4-b4dd-6a2f5556fcf3','b36320a4-0c74-484e-8c5b-402693deee0f','testExt_description value list 17');
INSERT INTO "localized_character_string" VALUES ('601113fc-f737-49a5-8ea8-a6590f9e8405','b36320a4-0c74-484e-8c5b-402693deee0f','testExt_description value list 18');
INSERT INTO "localized_character_string" VALUES ('c6df9591-fe0b-4814-9e69-c4cc04555c6e','b36320a4-0c74-484e-8c5b-402693deee0f','testExt_description value list 19');
INSERT INTO "localized_character_string" VALUES ('1eafd560-1a82-42ae-b4d3-7afc679949cf','b36320a4-0c74-484e-8c5b-402693deee0f','testExt_description value list 20');
INSERT INTO "localized_character_string" VALUES ('2027d357-5af7-4cda-9c74-d939ce24d696','b36320a4-0c74-484e-8c5b-402693deee0f','testExt_description value list 21');
INSERT INTO "localized_character_string" VALUES ('820b358f-29f5-47cf-bba3-924516babe87','b36320a4-0c74-484e-8c5b-402693deee0f','testExt_description value list 22');
INSERT INTO "localized_character_string" VALUES ('0a3e8a10-7ba1-4ed7-bb7c-1d552e36ed83','b36320a4-0c74-484e-8c5b-402693deee0f','testExt_description value list 23');
INSERT INTO "localized_character_string" VALUES ('cd9db63d-fe9e-4cf0-9a00-1b5eb934305a','b36320a4-0c74-484e-8c5b-402693deee0f','testExt_description value list 24');
INSERT INTO "localized_character_string" VALUES ('3f8c351f-bb43-4cf5-b554-5df7d937c289','b36320a4-0c74-484e-8c5b-402693deee0f','testExt_description value list 25');
INSERT INTO "localized_character_string" VALUES ('c1533cce-726a-4d71-8700-9d87fa6f028d','b36320a4-0c74-484e-8c5b-402693deee0f','testExt_description value list 26');
INSERT INTO "localized_character_string" VALUES ('85a0e18d-2981-454f-bd42-7b6cd9450f5f','b36320a4-0c74-484e-8c5b-402693deee0f','testExt_description value list 27');
INSERT INTO "localized_character_string" VALUES ('51243d36-e6be-4586-a9f1-1e65168e245d','b36320a4-0c74-484e-8c5b-402693deee0f','testExt_description value list 28');
INSERT INTO "localized_character_string" VALUES ('b9bb6c8b-8653-4424-95d1-0e3cafc0f6f1','b36320a4-0c74-484e-8c5b-402693deee0f','testExt_description value list 29');
INSERT INTO "localized_character_string" VALUES ('a559d9c7-0b17-423a-851d-b101d905edef','b36320a4-0c74-484e-8c5b-402693deee0f','testExt_description value list 30');
INSERT INTO "localized_character_string" VALUES ('df36f934-0f2c-463b-9637-b5a5405a35bb','b36320a4-0c74-484e-8c5b-402693deee0f','testExt_description value list 31');
INSERT INTO "localized_character_string" VALUES ('95123aae-337a-423d-b571-734f59b45236','b36320a4-0c74-484e-8c5b-402693deee0f','testExt_description value list 32');
INSERT INTO "localized_character_string" VALUES ('ec2751ea-7544-4ece-8755-c0a77e2438e0','b36320a4-0c74-484e-8c5b-402693deee0f','testExt_description value list 33');
INSERT INTO "localized_character_string" VALUES ('6d5dd06d-35a2-4299-9cbb-7beddba809d2','b36320a4-0c74-484e-8c5b-402693deee0f','testExt_description value list 34');
INSERT INTO "localized_character_string" VALUES ('ebef9f55-4e9b-406f-8c85-01d4e1287d30','b36320a4-0c74-484e-8c5b-402693deee0f','testExt_description value list 35');
INSERT INTO "localized_character_string" VALUES ('2bc8b0f2-217a-44b6-a77d-d637cf174e5c','b36320a4-0c74-484e-8c5b-402693deee0f','testExt_description value list 36');
INSERT INTO "localized_character_string" VALUES ('41a3fa81-3928-4b48-b1cc-acc8ce450d73','b36320a4-0c74-484e-8c5b-402693deee0f','testExt_description value list 37');
INSERT INTO "localized_character_string" VALUES ('bd279295-2ff0-44e7-9698-21f75accee42','b36320a4-0c74-484e-8c5b-402693deee0f','testExt_description value list 38');
INSERT INTO "localized_character_string" VALUES ('69b0d2c3-4644-4a00-9886-c884f7647abc','b36320a4-0c74-484e-8c5b-402693deee0f','testExt_description value list 39');
INSERT INTO "localized_character_string" VALUES ('2452f1b3-e375-4706-a63d-6e655d88e60f','b36320a4-0c74-484e-8c5b-402693deee0f','testExt_description value list 40');
INSERT INTO "localized_character_string" VALUES ('519fa3d0-87b1-4305-822e-5a5bbd2d7881','b36320a4-0c74-484e-8c5b-402693deee0f','testExt_description value list 41');
INSERT INTO "localized_character_string" VALUES ('4aac8ccd-9751-4b5f-8761-d3f102f15b58','b36320a4-0c74-484e-8c5b-402693deee0f','testExt_description value list 42');
INSERT INTO "localized_character_string" VALUES ('37a1a7d4-d6ba-4948-90c9-71b33e41eea4','b36320a4-0c74-484e-8c5b-402693deee0f','testExt_description value list 43');
INSERT INTO "localized_character_string" VALUES ('69feb6ab-af20-4d34-8743-5b55743392f0','b36320a4-0c74-484e-8c5b-402693deee0f','testExt_description value list 44');
INSERT INTO "localized_character_string" VALUES ('df4ec7f6-8bec-4c17-89ca-5b2a40b85f8e','b36320a4-0c74-484e-8c5b-402693deee0f','testExt_description value list 45');
INSERT INTO "localized_character_string" VALUES ('60bed548-dd07-4157-b69c-204694386369','b36320a4-0c74-484e-8c5b-402693deee0f','testExt_description value list 46');
INSERT INTO "localized_character_string" VALUES ('8d8c31aa-fdb2-45b2-87a4-84a955da6d6e','b36320a4-0c74-484e-8c5b-402693deee0f','testExt_description value list 47');
INSERT INTO "localized_character_string" VALUES ('4a9ae271-c13d-486e-be57-3dd24a00058a','b36320a4-0c74-484e-8c5b-402693deee0f','testExt_description value list 48');
INSERT INTO "localized_character_string" VALUES ('14081f20-9c71-4d45-b0ca-08c009b122cb','b36320a4-0c74-484e-8c5b-402693deee0f','testExt_description value list 49');
INSERT INTO "localized_character_string" VALUES ('f97c80b4-d516-4160-97df-55f9495de8ba','b36320a4-0c74-484e-8c5b-402693deee0f','testExt_description value list 50');
INSERT INTO "localized_character_string" VALUES ('8bcd6afd-528b-4eee-b43c-b954de1ff3b0','b36320a4-0c74-484e-8c5b-402693deee0f','testExt_description value list 51');
INSERT INTO "localized_character_string" VALUES ('20899d66-d7ac-45cf-8dab-702897cc3589','b36320a4-0c74-484e-8c5b-402693deee0f','testExt_description value list 52');
INSERT INTO "localized_character_string" VALUES ('4e3b5fb4-ff3f-46ba-afe3-797510af07cc','b36320a4-0c74-484e-8c5b-402693deee0f','testExt_description value list 53');
INSERT INTO "localized_character_string" VALUES ('0b6be398-5b27-4e17-a9fd-aebc1c0c7ea2','b36320a4-0c74-484e-8c5b-402693deee0f','testExt_description value list 54');
INSERT INTO "localized_character_string" VALUES ('16b65735-1d89-411d-b57c-1cc20fd9a83c','b36320a4-0c74-484e-8c5b-402693deee0f','testExt_description value list 55');
INSERT INTO "localized_character_string" VALUES ('0be8796c-6da0-4082-a532-72c940fc9973','b36320a4-0c74-484e-8c5b-402693deee0f','testExt_description value list 56');
INSERT INTO "localized_character_string" VALUES ('2ced6b65-9ecb-4752-883f-ae230a2f9b61','b36320a4-0c74-484e-8c5b-402693deee0f','testExt_description value list 57');
INSERT INTO "localized_character_string" VALUES ('ad40c1e7-f759-437c-affe-1dd770f80485','b36320a4-0c74-484e-8c5b-402693deee0f','testExt_description value list 58');
INSERT INTO "localized_character_string" VALUES ('f42874a3-d0ec-4c30-8f99-26b50900f3a5','b36320a4-0c74-484e-8c5b-402693deee0f','testExt_description value list 59');
INSERT INTO "localized_character_string" VALUES ('5f055adc-49e9-4c1c-899e-5e9df7ceb682','b36320a4-0c74-484e-8c5b-402693deee0f','testExt_description value list 60');
INSERT INTO "localized_character_string" VALUES ('00689d02-5740-4ff9-9f71-591a3cba196c','b36320a4-0c74-484e-8c5b-402693deee0f','testExt_description value list 61');
INSERT INTO "localized_character_string" VALUES ('357c35e8-2a3c-4040-bb85-cd172e0d5590','b36320a4-0c74-484e-8c5b-402693deee0f','testExt_description value list 62');
INSERT INTO "localized_character_string" VALUES ('e7c0735d-5c1a-4a51-8edc-bc7b223b77fc','b36320a4-0c74-484e-8c5b-402693deee0f','testExt_description value list 63');
INSERT INTO "localized_character_string" VALUES ('0191239a-b8f3-458d-bf89-daa010c0e0aa','b36320a4-0c74-484e-8c5b-402693deee0f','testExt_description value list 64');
INSERT INTO "localized_character_string" VALUES ('910a4790-1baf-483d-9583-47cdbab2bf9d','b36320a4-0c74-484e-8c5b-402693deee0f','testExt_description value list 65');
INSERT INTO "localized_character_string" VALUES ('7f2c1b9c-1d62-4061-a9d3-c2d42b1162d5','b36320a4-0c74-484e-8c5b-402693deee0f','testExt_description value list 66');
INSERT INTO "localized_character_string" VALUES ('1943fdcf-3d5e-4133-9739-146390e9baf3','b36320a4-0c74-484e-8c5b-402693deee0f','testExt_description value list 67');
INSERT INTO "localized_character_string" VALUES ('6323badc-db8b-49b4-b0dc-7b2f131ea5fb','b36320a4-0c74-484e-8c5b-402693deee0f','testExt_description value list 68');
INSERT INTO "localized_character_string" VALUES ('32efccd3-6d41-491c-bc23-0d005004b0a2','b36320a4-0c74-484e-8c5b-402693deee0f','testExt_description value list 69');
INSERT INTO "localized_character_string" VALUES ('9375ccb8-b8a3-4aa8-8f07-86c9ebf82139','b36320a4-0c74-484e-8c5b-402693deee0f','testExt_description value list 70');
INSERT INTO "localized_character_string" VALUES ('362a8e8d-c990-43aa-8226-b18ecae31ffb','b36320a4-0c74-484e-8c5b-402693deee0f','testExt_description value list 71');
INSERT INTO "localized_character_string" VALUES ('e0db184a-1c15-44c5-8d20-d34ad5cc2d99','b36320a4-0c74-484e-8c5b-402693deee0f','testExt_description value list 72');
INSERT INTO "localized_character_string" VALUES ('8afe071f-bd50-413f-82ae-72671132fe9a','b36320a4-0c74-484e-8c5b-402693deee0f','testExt_description value list 73');
INSERT INTO "localized_character_string" VALUES ('d0f3a11e-11b4-452c-bebd-2413f7fb699c','b36320a4-0c74-484e-8c5b-402693deee0f','testExt_description value list 74');
INSERT INTO "localized_character_string" VALUES ('13896834-ec32-465e-9979-116f7f5b9285','b36320a4-0c74-484e-8c5b-402693deee0f','testExt_description value list 75');
INSERT INTO "localized_character_string" VALUES ('b71e8268-f0e3-41f3-9118-856cb652519c','b36320a4-0c74-484e-8c5b-402693deee0f','testExt_description value list 76');
INSERT INTO "localized_character_string" VALUES ('f66fd770-2937-4dda-a1f9-9ac0bc30e146','b36320a4-0c74-484e-8c5b-402693deee0f','testExt_description value list 77');
INSERT INTO "localized_character_string" VALUES ('21ba23e2-15e5-4e38-81c6-62b7e842eeaa','b36320a4-0c74-484e-8c5b-402693deee0f','testExt_description value list 78');
INSERT INTO "localized_character_string" VALUES ('eaeb148a-e30a-4416-b310-138840964860','b36320a4-0c74-484e-8c5b-402693deee0f','testExt_description value list 79');
INSERT INTO "localized_character_string" VALUES ('cb0656be-71a6-44a8-ba2b-c2d23d27782c','b36320a4-0c74-484e-8c5b-402693deee0f','testExt_description value list 80');
INSERT INTO "localized_character_string" VALUES ('f7fcd25d-8f75-481f-98b4-e9daec201fbf','b36320a4-0c74-484e-8c5b-402693deee0f','testExt_description value list 81');
INSERT INTO "localized_character_string" VALUES ('ff600870-e33b-48c4-9a14-ed850268829c','b36320a4-0c74-484e-8c5b-402693deee0f','testExt_description value list 82');
INSERT INTO "localized_character_string" VALUES ('dddf98ee-371a-4286-aafe-546b24817109','b36320a4-0c74-484e-8c5b-402693deee0f','testExt_description value list 83');
INSERT INTO "localized_character_string" VALUES ('ad2c170d-c662-46fa-bfe0-af9019b2e3c4','b36320a4-0c74-484e-8c5b-402693deee0f','testExt_description value list 84');
INSERT INTO "localized_character_string" VALUES ('3d486689-195b-4ce9-bbc9-3c5628e400fe','b36320a4-0c74-484e-8c5b-402693deee0f','testExt_description value list 85');
INSERT INTO "localized_character_string" VALUES ('06764bc8-20c8-4400-a82b-2629846302da','b36320a4-0c74-484e-8c5b-402693deee0f','testExt_description value list 86');
INSERT INTO "localized_character_string" VALUES ('62f9d1b5-8c87-4a27-b237-dd8be3839b3e','b36320a4-0c74-484e-8c5b-402693deee0f','testExt_description value list 87');
INSERT INTO "localized_character_string" VALUES ('5d0f7360-1aec-4100-b398-343b488347bc','b36320a4-0c74-484e-8c5b-402693deee0f','testExt_description value list 88');
INSERT INTO "localized_character_string" VALUES ('90ac0a7a-db8e-40b6-a58e-64343cb8fed8','b36320a4-0c74-484e-8c5b-402693deee0f','testExt_description value list 89');
INSERT INTO "localized_character_string" VALUES ('c7ef2ca5-e064-484e-b3d5-95bab0f7af70','b36320a4-0c74-484e-8c5b-402693deee0f','testExt_description value list 90');
INSERT INTO "localized_character_string" VALUES ('4cc6920e-b6a4-46ba-9473-18857e5dd16b','b36320a4-0c74-484e-8c5b-402693deee0f','testExt_description value list 91');
INSERT INTO "localized_character_string" VALUES ('a09dfcbe-8a2e-44e5-8563-5df39260bc9e','b36320a4-0c74-484e-8c5b-402693deee0f','testExt_description value list 92');
INSERT INTO "localized_character_string" VALUES ('9c306a6a-e5e8-442c-a4ed-fb769112fb10','b36320a4-0c74-484e-8c5b-402693deee0f','testExt_description value list 93');
INSERT INTO "localized_character_string" VALUES ('5bbff865-3717-474f-b1c0-1a8bac58a57f','b36320a4-0c74-484e-8c5b-402693deee0f','testExt_description value list 94');
INSERT INTO "localized_character_string" VALUES ('3655ff16-6638-4aad-a8be-6764acb31355','b36320a4-0c74-484e-8c5b-402693deee0f','testExt_description value list 95');
INSERT INTO "localized_character_string" VALUES ('7402556d-a568-49e0-86a7-4b3dde89cf72','b36320a4-0c74-484e-8c5b-402693deee0f','testExt_description value list 96');
INSERT INTO "localized_character_string" VALUES ('32a1ed98-2b57-4735-993a-414584e52dee','b36320a4-0c74-484e-8c5b-402693deee0f','testExt_description value list 97');
INSERT INTO "localized_character_string" VALUES ('cd13f356-c245-4705-a169-d5512e7bca4f','b36320a4-0c74-484e-8c5b-402693deee0f','testExt_description value list 98');
INSERT INTO "localized_character_string" VALUES ('c08cf650-af01-49c4-b702-74c3df8ed88a','b36320a4-0c74-484e-8c5b-402693deee0f','testExt_description value list 99');
INSERT INTO "localized_character_string" VALUES ('134ee7fc-3a7a-4b45-975c-8338e5ff69a8','b36320a4-0c74-484e-8c5b-402693deee0f','testExt_description value list 100');
INSERT INTO "localized_character_string" VALUES ('ce68479a-d795-4cdf-96e7-52a399ea2f62','b36320a4-0c74-484e-8c5b-402693deee0f','testExt_description value list 101');
INSERT INTO "localized_character_string" VALUES ('de511cd9-7cc8-46a6-bc33-bd794e7d5a07','b36320a4-0c74-484e-8c5b-402693deee0f','testExt_description value list 102');
INSERT INTO "localized_character_string" VALUES ('a252a452-ceac-4e2c-a458-f4f93545d805','b36320a4-0c74-484e-8c5b-402693deee0f','testExt_description value list 103');
INSERT INTO "localized_character_string" VALUES ('4ea76fcb-5162-4475-8817-2a3dfe59f490','b36320a4-0c74-484e-8c5b-402693deee0f','testExt_description value list 104');
INSERT INTO "localized_character_string" VALUES ('8e042b29-ba4f-4f17-996a-02bed613b2c7','b36320a4-0c74-484e-8c5b-402693deee0f','testExt_description value list 105');
INSERT INTO "localized_character_string" VALUES ('595173cf-2910-4766-82a1-6ba5d5985b09','b36320a4-0c74-484e-8c5b-402693deee0f','testExt_description value list 106');
INSERT INTO "localized_character_string" VALUES ('808c3ae3-1552-47f9-a4d0-ac08dcad3a24','b36320a4-0c74-484e-8c5b-402693deee0f','testExt_description value list 107');
INSERT INTO "localized_character_string" VALUES ('9db93a06-50f5-4a7f-acfd-8f72aaf44d95','b36320a4-0c74-484e-8c5b-402693deee0f','testExt_description value list 108');
INSERT INTO "localized_character_string" VALUES ('4f5b554c-aec1-49cc-9efb-849426a44164','b36320a4-0c74-484e-8c5b-402693deee0f','testExt_description value list 109');
INSERT INTO "localized_character_string" VALUES ('e9805c30-a0ec-4634-9205-a6b962c70dee','b36320a4-0c74-484e-8c5b-402693deee0f','testExt_description value list 110');
INSERT INTO "localized_character_string" VALUES ('86a9eda2-0b66-48e6-b257-f95561763bd7','b36320a4-0c74-484e-8c5b-402693deee0f','testExt_description value list 111');
INSERT INTO "localized_character_string" VALUES ('46175325-3d6b-484a-9286-72147e9c3b6d','b36320a4-0c74-484e-8c5b-402693deee0f','testExt_description value list 112');
INSERT INTO "localized_character_string" VALUES ('9d0bed8c-bfdb-442e-b21b-241407832869','b36320a4-0c74-484e-8c5b-402693deee0f','testExt_description value list 113');
INSERT INTO "localized_character_string" VALUES ('f6cc9483-0c4e-467d-ba71-ae1c24e62ea3','b36320a4-0c74-484e-8c5b-402693deee0f','testExt_description value list 114');
INSERT INTO "localized_character_string" VALUES ('9bc668cb-30a8-4249-9f22-71b17b8239bf','b36320a4-0c74-484e-8c5b-402693deee0f','testExt_description value list 115');
INSERT INTO "localized_character_string" VALUES ('d4143ac9-43d7-4d6a-8353-0c05f584e356','b36320a4-0c74-484e-8c5b-402693deee0f','testExt_description value list 116');
INSERT INTO "localized_character_string" VALUES ('33b92983-c072-4783-abbb-c0df6bf28fb9','b36320a4-0c74-484e-8c5b-402693deee0f','testExt_description value list 117');
INSERT INTO "localized_character_string" VALUES ('7a9a4517-6769-4ee9-986c-f11de8cc9333','b36320a4-0c74-484e-8c5b-402693deee0f','testExt_description value list 118');
INSERT INTO "localized_character_string" VALUES ('e3b200ae-97fa-4418-9e0d-4e4691c53946','b36320a4-0c74-484e-8c5b-402693deee0f','testExt_description value list 119');
INSERT INTO "localized_character_string" VALUES ('5cf4976f-8dea-4b36-8118-50bb4e7df16c','b36320a4-0c74-484e-8c5b-402693deee0f','testExt_description value list 120');
INSERT INTO "localized_character_string" VALUES ('ca8d5a94-6592-4429-878d-1b235ee1ac39','b36320a4-0c74-484e-8c5b-402693deee0f','testExt_description value list 121');
INSERT INTO "localized_character_string" VALUES ('101dc0bf-4f41-41af-98e6-2d2d2aff688d','b36320a4-0c74-484e-8c5b-402693deee0f','testExt_description value list 122');
INSERT INTO "localized_character_string" VALUES ('f8e20dd2-4c8d-4dee-9386-2d54dab8c300','b36320a4-0c74-484e-8c5b-402693deee0f','testExt_description value list 123');
INSERT INTO "localized_character_string" VALUES ('3f09bcee-67ff-40e1-8e17-0480761b59b0','b36320a4-0c74-484e-8c5b-402693deee0f','testExt_description value list 124');
INSERT INTO "localized_character_string" VALUES ('0a887947-cc87-4cca-9fa5-7985610fe046','b36320a4-0c74-484e-8c5b-402693deee0f','testExt_description value list 125');
INSERT INTO "localized_character_string" VALUES ('00266014-6131-49fe-8b43-b3da47c7a95d','b36320a4-0c74-484e-8c5b-402693deee0f','testExt_description value list 126');
INSERT INTO "localized_character_string" VALUES ('b4aebfa0-5b64-4ceb-997e-52293015e751','b36320a4-0c74-484e-8c5b-402693deee0f','testExt_description value list 127');
INSERT INTO "localized_character_string" VALUES ('c0f9ef1a-0140-490c-818a-0369bd159560','b36320a4-0c74-484e-8c5b-402693deee0f','testExt_description value list 128');
INSERT INTO "localized_character_string" VALUES ('b47924cf-bb7f-4b4d-bf30-96a101bd9976','b36320a4-0c74-484e-8c5b-402693deee0f','testExt_description value list 129');
INSERT INTO "localized_character_string" VALUES ('b1c87600-2a16-47d3-b901-6b4528614c47','b36320a4-0c74-484e-8c5b-402693deee0f','testExt_description value list 130');
INSERT INTO "localized_character_string" VALUES ('60da1cc4-ef2a-4051-9087-259f9aca5fb7','b36320a4-0c74-484e-8c5b-402693deee0f','testExt_description value list 131');
INSERT INTO "localized_character_string" VALUES ('a36c34f9-0290-4d5c-a70b-469d062154e4','b36320a4-0c74-484e-8c5b-402693deee0f','testExt_description value list 132');
INSERT INTO "localized_character_string" VALUES ('2542b3ac-25fa-4b90-8b8e-0df227338448','b36320a4-0c74-484e-8c5b-402693deee0f','testExt_description value list 133');
INSERT INTO "localized_character_string" VALUES ('659a1aee-c8dd-479a-8531-b76efee2f24b','b36320a4-0c74-484e-8c5b-402693deee0f','testExt_description value list 134');
INSERT INTO "localized_character_string" VALUES ('f3000ccb-ee1b-4d9c-9511-e50dbd849c44','b36320a4-0c74-484e-8c5b-402693deee0f','testExt_description value list 135');
INSERT INTO "localized_character_string" VALUES ('72924521-6061-41f3-ab6d-8ef009105af0','b36320a4-0c74-484e-8c5b-402693deee0f','testExt_description value list 136');
INSERT INTO "localized_character_string" VALUES ('baf9b24b-f794-4ed5-9a41-8984be4ac78d','b36320a4-0c74-484e-8c5b-402693deee0f','testExt_description value list 137');
INSERT INTO "localized_character_string" VALUES ('86458571-7419-4659-ab8d-6556dd1db767','b36320a4-0c74-484e-8c5b-402693deee0f','testExt_description value list 138');
INSERT INTO "localized_character_string" VALUES ('8ab4bf09-2685-44c4-8190-a88e6cb4810f','b36320a4-0c74-484e-8c5b-402693deee0f','testExt_description value list 139');
INSERT INTO "localized_character_string" VALUES ('a4227857-0580-4f6e-9d0a-3a9dc20be6f6','b36320a4-0c74-484e-8c5b-402693deee0f','testExt_description value list 140');
INSERT INTO "localized_character_string" VALUES ('a12a37f6-efe8-4c15-9915-682d17ab2ac2','b36320a4-0c74-484e-8c5b-402693deee0f','testExt_description value list 141');
INSERT INTO "localized_character_string" VALUES ('fb35feb0-4511-404c-92c3-8ea18f956c5e','b36320a4-0c74-484e-8c5b-402693deee0f','testExt_description value list 142');
INSERT INTO "localized_character_string" VALUES ('90a13fec-0564-4d47-b02a-b11348002387','b36320a4-0c74-484e-8c5b-402693deee0f','testExt_description value list 143');
INSERT INTO "localized_character_string" VALUES ('de46b823-364e-4014-a210-afba7a22f452','b36320a4-0c74-484e-8c5b-402693deee0f','testExt_description value list 144');
INSERT INTO "localized_character_string" VALUES ('0e83d93e-bbe6-4f8c-8f62-90ab4d3e7220','b36320a4-0c74-484e-8c5b-402693deee0f','testExt_description value list 145');
INSERT INTO "localized_character_string" VALUES ('a0c95d3d-de93-4c71-ab01-1e755b8c1023','b36320a4-0c74-484e-8c5b-402693deee0f','testExt_description value list 146');
INSERT INTO "localized_character_string" VALUES ('3190689a-f811-404b-847f-a3a7d207b669','b36320a4-0c74-484e-8c5b-402693deee0f','testExt_description value list 147');
INSERT INTO "localized_character_string" VALUES ('d454700a-4483-47a9-9268-8899163ecb1e','b36320a4-0c74-484e-8c5b-402693deee0f','testExt_description value list 148');
INSERT INTO "localized_character_string" VALUES ('4ade05a8-216c-4352-973f-cf7b82643f7f','b36320a4-0c74-484e-8c5b-402693deee0f','testExt_description value list 149');
INSERT INTO "localized_character_string" VALUES ('499889fb-64e7-4c83-a09b-163d902e8c19','b36320a4-0c74-484e-8c5b-402693deee0f','testExt_description value list 150');
INSERT INTO "localized_character_string" VALUES ('ef290b8d-1932-4ab5-8cf2-0371fc56256f','b36320a4-0c74-484e-8c5b-402693deee0f','testExt_description value list 151');
INSERT INTO "localized_character_string" VALUES ('507e66df-952e-4d9e-ac8b-6a6d1a1d5fef','b36320a4-0c74-484e-8c5b-402693deee0f','testExt_description value list 152');
INSERT INTO "localized_character_string" VALUES ('e59079eb-4878-4471-9fa9-24b505b8d608','b36320a4-0c74-484e-8c5b-402693deee0f','testExt_description value list 153');
INSERT INTO "localized_character_string" VALUES ('1c7f4898-b2c2-446a-9639-ad2955f84120','b36320a4-0c74-484e-8c5b-402693deee0f','testExt_description value list 154');
INSERT INTO "localized_character_string" VALUES ('63eb30f0-184f-44db-a076-5c0fdb62c56d','b36320a4-0c74-484e-8c5b-402693deee0f','testExt_description value list 155');
INSERT INTO "localized_character_string" VALUES ('861ad925-0fc7-4df3-9dee-0a0d630bc65b','b36320a4-0c74-484e-8c5b-402693deee0f','testExt_description value list 156');
INSERT INTO "localized_character_string" VALUES ('ad5c70f4-4009-475e-afae-0f6aeec7c92a','b36320a4-0c74-484e-8c5b-402693deee0f','testExt_description value list 157');
INSERT INTO "localized_character_string" VALUES ('410114a8-9e3f-49e1-a914-da3ffc1b891d','b36320a4-0c74-484e-8c5b-402693deee0f','testExt_description value list 158');
INSERT INTO "localized_character_string" VALUES ('02350c5b-cd6a-413a-86bf-98ee51e371c4','b36320a4-0c74-484e-8c5b-402693deee0f','testExt_description value list 159');
INSERT INTO "localized_character_string" VALUES ('d95ee82e-8a6e-4f51-bd26-71bb6f4376ad','b36320a4-0c74-484e-8c5b-402693deee0f','testExt_description value list 160');
INSERT INTO "localized_character_string" VALUES ('bfe508a2-f9c8-41b1-b944-20677e479f71','b36320a4-0c74-484e-8c5b-402693deee0f','testExt_description value list 161');
INSERT INTO "localized_character_string" VALUES ('7d2611b9-d2a0-4a9c-9c8a-33700b459bc6','b36320a4-0c74-484e-8c5b-402693deee0f','testExt_description value list 162');
INSERT INTO "localized_character_string" VALUES ('65dc1449-acd7-40ea-8fe0-05dd8414fb3e','b36320a4-0c74-484e-8c5b-402693deee0f','testExt_description value list 163');
INSERT INTO "localized_character_string" VALUES ('7fc2c9df-f7c8-47a6-8b62-8bf6929fa3e9','b36320a4-0c74-484e-8c5b-402693deee0f','testExt_description value list 164');
INSERT INTO "localized_character_string" VALUES ('7b9ad721-14e0-45d9-8e64-94f093b2dad4','b36320a4-0c74-484e-8c5b-402693deee0f','testExt_description value list 165');
INSERT INTO "localized_character_string" VALUES ('498c81e2-c39f-48ff-9f06-ca0f28570e56','b36320a4-0c74-484e-8c5b-402693deee0f','testExt_description value list 166');
INSERT INTO "localized_character_string" VALUES ('4bc74d77-f673-43e5-b35d-04ddddf4fc28','b36320a4-0c74-484e-8c5b-402693deee0f','testExt_description value list 167');
INSERT INTO "localized_character_string" VALUES ('38f229fb-13df-48e6-9fa3-d022215030e6','b36320a4-0c74-484e-8c5b-402693deee0f','testExt_description value list 168');
INSERT INTO "localized_character_string" VALUES ('1c48d0c4-2f27-4729-b3c1-966cf26bb37a','b36320a4-0c74-484e-8c5b-402693deee0f','testExt_description value list 169');
INSERT INTO "localized_character_string" VALUES ('efb4e393-4985-4860-b11f-262461ff8388','b36320a4-0c74-484e-8c5b-402693deee0f','testExt_description value list 170');
INSERT INTO "localized_character_string" VALUES ('347b69ea-b40a-4933-b03a-589cdd36979b','b36320a4-0c74-484e-8c5b-402693deee0f','testExt_description value list 171');
INSERT INTO "localized_character_string" VALUES ('67996f08-4f9d-45f7-b666-514c3451884c','b36320a4-0c74-484e-8c5b-402693deee0f','testExt_description value list 172');
INSERT INTO "localized_character_string" VALUES ('4c0a2b25-d7bd-4489-aa8a-31ab46dc80f9','b36320a4-0c74-484e-8c5b-402693deee0f','testExt_description value list 173');
INSERT INTO "localized_character_string" VALUES ('867adf7e-af06-4e42-bc6e-ead999a1a454','b36320a4-0c74-484e-8c5b-402693deee0f','testExt_description value list 174');
INSERT INTO "localized_character_string" VALUES ('dd27d4ae-d46b-453f-b814-f358e68fdc9b','b36320a4-0c74-484e-8c5b-402693deee0f','testExt_description value list 175');
INSERT INTO "localized_character_string" VALUES ('e5c1a9d8-515a-4db0-a4aa-5feb3682261c','b36320a4-0c74-484e-8c5b-402693deee0f','testExt_description value list 176');
INSERT INTO "localized_character_string" VALUES ('00f549d2-eb61-4559-acdd-2051340edfcc','b36320a4-0c74-484e-8c5b-402693deee0f','testExt_description value list 177');
INSERT INTO "localized_character_string" VALUES ('4c88783a-f081-44a5-975f-921dd2004214','b36320a4-0c74-484e-8c5b-402693deee0f','testExt_description value list 178');
INSERT INTO "localized_character_string" VALUES ('c0b280c9-02d6-4bd9-ab52-7983e616dca6','b36320a4-0c74-484e-8c5b-402693deee0f','testExt_description value list 179');
INSERT INTO "localized_character_string" VALUES ('0257109d-4071-4e54-9d6e-6ee4a4b5e441','b36320a4-0c74-484e-8c5b-402693deee0f','testExt_description value list 180');
INSERT INTO "localized_character_string" VALUES ('6b584c6f-c544-4c73-8e11-a4c499f016b0','b36320a4-0c74-484e-8c5b-402693deee0f','testExt_description value list 181');
INSERT INTO "localized_character_string" VALUES ('e1698ff6-198e-43f1-bcc1-a8d7910ba8e2','b36320a4-0c74-484e-8c5b-402693deee0f','testExt_description value list 182');
INSERT INTO "localized_character_string" VALUES ('3bae1513-f536-4b15-a7f3-118f49ea592e','b36320a4-0c74-484e-8c5b-402693deee0f','testExt_description value list 183');
INSERT INTO "localized_character_string" VALUES ('af5df297-26db-473c-a5a2-2f567970443a','b36320a4-0c74-484e-8c5b-402693deee0f','testExt_description value list 184');
INSERT INTO "localized_character_string" VALUES ('b35bb9f3-2574-43bf-82ed-5d183c0c15b5','b36320a4-0c74-484e-8c5b-402693deee0f','testExt_description value list 185');
INSERT INTO "localized_character_string" VALUES ('a7e02de8-c304-433a-9a55-c55d8ad917e8','b36320a4-0c74-484e-8c5b-402693deee0f','testExt_description value list 186');
INSERT INTO "localized_character_string" VALUES ('f627e78e-d71d-465b-b825-4250a86e41c6','b36320a4-0c74-484e-8c5b-402693deee0f','testExt_description value list 187');
INSERT INTO "localized_character_string" VALUES ('00e59cac-79b6-4185-802f-eb0fdfb864b7','b36320a4-0c74-484e-8c5b-402693deee0f','testExt_description value list 188');
INSERT INTO "localized_character_string" VALUES ('1a647518-5e14-4dfb-a424-301b1a0f4b07','b36320a4-0c74-484e-8c5b-402693deee0f','testExt_description value list 189');
INSERT INTO "localized_character_string" VALUES ('fc8212ef-4603-46c7-9d49-eac11fa4c182','b36320a4-0c74-484e-8c5b-402693deee0f','testExt_description value list 190');
INSERT INTO "localized_character_string" VALUES ('b42bd308-acf1-4490-8d05-1c81f453e3e0','b36320a4-0c74-484e-8c5b-402693deee0f','testExt_description value list 191');
INSERT INTO "localized_character_string" VALUES ('d63e219f-c0db-40e0-94ce-5b74cc507d91','b36320a4-0c74-484e-8c5b-402693deee0f','testExt_description value list 192');
INSERT INTO "localized_character_string" VALUES ('43d587bf-1c6f-4bd3-b49d-cede0c6d4523','b36320a4-0c74-484e-8c5b-402693deee0f','testExt_description value list 193');
INSERT INTO "localized_character_string" VALUES ('e37c35a1-88bc-4023-bc71-e01b978817d9','b36320a4-0c74-484e-8c5b-402693deee0f','testExt_description value list 194');
INSERT INTO "localized_character_string" VALUES ('49204899-5972-4330-acf0-81c68066da21','b36320a4-0c74-484e-8c5b-402693deee0f','testExt_description value list 195');
INSERT INTO "localized_character_string" VALUES ('3fba8044-2445-4997-a721-d0d9f44fbea8','b36320a4-0c74-484e-8c5b-402693deee0f','testExt_description value list 196');
INSERT INTO "localized_character_string" VALUES ('0f9a423d-527d-4e07-9a6c-1f72100f5d44','b36320a4-0c74-484e-8c5b-402693deee0f','testExt_description value list 197');
INSERT INTO "localized_character_string" VALUES ('1e893b99-37ce-4150-a265-15d2588945f8','b36320a4-0c74-484e-8c5b-402693deee0f','testExt_description value list 198');


-------------------------
-- Fake-Daten von Alex --
-------------------------

-------------------------------------
-- attribute_type_x_attribute_type --
-------------------------------------

-- Einfügen von in Beziehung stehenden Attributtypen
INSERT INTO "attribute_type_x_attribute_type" VALUES ('f9dfe76d-abf4-447c-9fad-ff899696e4cf','1356065d-fb2a-4812-b0a0-bca335389714','9ce4a45e-13b3-4bbe-ae14-04e8bc2654bb'); -- Aufnahmedatum / ca. Aufnahmedatum / skos:related
INSERT INTO "attribute_type_x_attribute_type" VALUES ('43f09ed5-8e5e-478a-adfa-54cb1ea1cfe5','e6fd47f8-6ee7-4ea7-95f7-17f5a4e3fe33','9ce4a45e-13b3-4bbe-ae14-04e8bc2654bb'); -- Größe X / Größe Y / skos:related
INSERT INTO "attribute_type_x_attribute_type" VALUES ('dd60b780-b489-4877-a112-998d86789c2d','8835252a-13a0-4bd9-87e9-d0ccafd471a7','9ce4a45e-13b3-4bbe-ae14-04e8bc2654bb'); -- Breite des Originals / Höhe des Originals / skos:related
INSERT INTO "attribute_type_x_attribute_type" VALUES ('ebb6d95a-9a19-4406-901f-7678bd868085','3cd4a2e6-efa8-4760-ba4a-f645df99010d','9ce4a45e-13b3-4bbe-ae14-04e8bc2654bb'); -- Punkt 1 X / Punkt 1 Y / skos:related
INSERT INTO "attribute_type_x_attribute_type" VALUES ('06974fbc-0be5-4ffa-8022-d8618121fda0','e3c2b8f9-75e0-4e60-a98b-0458d51b7b3a','9ce4a45e-13b3-4bbe-ae14-04e8bc2654bb'); -- Punkt 2 X / Punkt 2 Y / skos:related


--------------------
-- attribute_type --
--------------------

-- Hinzufügen von Beschreibungen (mehrsprachig)
INSERT INTO "localized_character_string" VALUES ('8bad1573-c0f5-4579-adf3-d473f5bf3c8d', 'c0d76ff3-a711-42af-920d-09132a287015', 'testExt_Beschreibung');
INSERT INTO "localized_character_string" VALUES ('8bad1573-c0f5-4579-adf3-d473f5bf3c8d', 'b36320a4-0c74-484e-8c5b-402693deee0f', 'testExt_description');

-- einfügen der Beschreibung in alle Attributtypen, die keine Beschreibung haben
UPDATE "attribute_type" SET "description" = '8bad1573-c0f5-4579-adf3-d473f5bf3c8d' WHERE "description" IS NULL;


-----------------------
-- value_list_values --
-----------------------

-- einfügen der Beschreibung in alle Wertelistenwerte, die keine Beschreibung haben
UPDATE "value_list_values" SET "description" = '8bad1573-c0f5-4579-adf3-d473f5bf3c8d' WHERE "description" IS NULL;

-- Sichtbarkeit auf FALSE setzen
UPDATE "value_list_values" SET "visibility" = FALSE WHERE "id" = '132b0cba-eeed-4bb8-8115-6a871a2efd85'; -- Zahnleiste (AbstrakteMotive)
UPDATE "value_list_values" SET "visibility" = FALSE WHERE "id" = '2c017159-097f-4cab-bb07-05597af9299a'; -- Perlstab (AbstrakteMotive)
UPDATE "value_list_values" SET "visibility" = FALSE WHERE "id" = '98e014e5-aa37-4607-bd5d-59bde5b0f1e2'; -- F. Hoebel (Personen)
UPDATE "value_list_values" SET "visibility" = FALSE WHERE "id" = 'de6d9ea9-8f17-449e-9ca9-a8064d980d33'; -- A. Kropp (Personen)
UPDATE "value_list_values" SET "visibility" = FALSE WHERE "id" = '0f19a38d-6262-4fd8-bb99-404ee2cfadc1'; -- 7. Jahrzehnt (Zeitraum)
UPDATE "value_list_values" SET "visibility" = FALSE WHERE "id" = '9e11a166-83b8-4c2e-a7aa-4a1cb07b1e1a'; -- 3. Viertel (Zeitraum)


-------------
-- project --
-------------

-- Hinzufügen von Projektnamen
INSERT INTO "localized_character_string" VALUES ('f7be9d5c-188a-48f4-89af-54085af021d2', 'c0d76ff3-a711-42af-920d-09132a287015', 'testExt_UnterProjekt1');
INSERT INTO "localized_character_string" VALUES ('f7be9d5c-188a-48f4-89af-54085af021d2', 'b36320a4-0c74-484e-8c5b-402693deee0f', 'testExt_SubProject1');
INSERT INTO "localized_character_string" VALUES ('d443c9cf-0099-4a11-a22f-1fc398b9423e', 'c0d76ff3-a711-42af-920d-09132a287015', 'testExt_UnterProjekt2');
INSERT INTO "localized_character_string" VALUES ('d443c9cf-0099-4a11-a22f-1fc398b9423e', 'b36320a4-0c74-484e-8c5b-402693deee0f', 'testExt_SubProject2');
INSERT INTO "localized_character_string" VALUES ('15402de5-1f99-49dc-bc9e-cb40ceb425d9', 'c0d76ff3-a711-42af-920d-09132a287015', 'testExt_UnterUnterProjekt');
INSERT INTO "localized_character_string" VALUES ('15402de5-1f99-49dc-bc9e-cb40ceb425d9', 'b36320a4-0c74-484e-8c5b-402693deee0f', 'testExt_SubSubProject');
INSERT INTO "localized_character_string" VALUES ('2fd41f26-158b-4b2e-a9c9-697c11ca7b0a', 'c0d76ff3-a711-42af-920d-09132a287015', 'testExt_UnterUnterUnterProjekt');
INSERT INTO "localized_character_string" VALUES ('2fd41f26-158b-4b2e-a9c9-697c11ca7b0a', 'b36320a4-0c74-484e-8c5b-402693deee0f', 'testExt_SubSubSubProject');

-- Projekte mit Namen, Beschreibung und Hauptprojekt einfügen
INSERT INTO "project" VALUES ('32ba8c4d-6272-42f5-867e-2c5829c1f34e', 'f7be9d5c-188a-48f4-89af-54085af021d2', '8bad1573-c0f5-4579-adf3-d473f5bf3c8d', 'fd27a347-4e33-4ed7-aebc-eeff6dbf1054'); -- UnterProjekt1 von Baalbek
INSERT INTO "project" VALUES ('95c1d361-3643-4ced-a712-21d8c9a03622', 'd443c9cf-0099-4a11-a22f-1fc398b9423e', '8bad1573-c0f5-4579-adf3-d473f5bf3c8d', 'fd27a347-4e33-4ed7-aebc-eeff6dbf1054'); -- UnterProjekt2 von Baalbek
INSERT INTO "project" VALUES ('61101fc6-e4a1-421e-8965-3e3a6f692af0', '15402de5-1f99-49dc-bc9e-cb40ceb425d9', '8bad1573-c0f5-4579-adf3-d473f5bf3c8d', '32ba8c4d-6272-42f5-867e-2c5829c1f34e'); -- UnterUnterProjekt von UnterProjekt1
INSERT INTO "project" VALUES ('f17a0adc-bc0c-47e0-92ba-92e9bde75e0f', '2fd41f26-158b-4b2e-a9c9-697c11ca7b0a', '8bad1573-c0f5-4579-adf3-d473f5bf3c8d', '61101fc6-e4a1-421e-8965-3e3a6f692af0'); -- UnterUnterUnterProjekt von UnterUnterProjekt


-------------------------------------
-- Daten für Projekt UnterProjekt1 --
-------------------------------------

-- Hinzufügen von Beschreibungen, Werten und Namen
INSERT INTO "localized_character_string" VALUES ('e7318517-eedc-4cf6-8950-9c97279bc6f6', 'c0d76ff3-a711-42af-920d-09132a287015', 'testExt_Themenauspraegung1');
INSERT INTO "localized_character_string" VALUES ('77c71472-c453-4b0d-82f4-c315bcd67a96', 'c0d76ff3-a711-42af-920d-09132a287015', 'testExt_Themenauspraegung2');
INSERT INTO "localized_character_string" VALUES ('3da4308c-7a0d-4ac3-9f17-8024ce7a4302', 'c0d76ff3-a711-42af-920d-09132a287015', 'https://www.google.de');
INSERT INTO "localized_character_string" VALUES ('764f5da0-2ad7-4439-a89d-c3c286cabc0d', 'c0d76ff3-a711-42af-920d-09132a287015', 'textExt_Internetadresse');

-- Attributtyp für URL hinzufügen
INSERT INTO "attribute_type" VALUES ('b772a4e1-2f32-4982-81b9-71f8836bf044', '764f5da0-2ad7-4439-a89d-c3c286cabc0d', '8bad1573-c0f5-4579-adf3-d473f5bf3c8d', '36ca15c3-dc8c-4cf6-a1a3-d015b020bfd3', NULL, NULL);

-- 2 Themenausprägungen hinzufügen
INSERT INTO "topic_characteristic" VALUES ('cfaf11cb-8de6-41de-9687-a5913bfc66c5', 'e7318517-eedc-4cf6-8950-9c97279bc6f6', 'b98a0c96-b4f1-4733-b91d-5414e10246d0', '32ba8c4d-6272-42f5-867e-2c5829c1f34e'); -- testExt_Themenauspraegung1 / Plan / UnterProjekt1
INSERT INTO "topic_characteristic" VALUES ('e464c9a6-6b5b-4835-8874-de4ac48bcae6', '77c71472-c453-4b0d-82f4-c315bcd67a96', '13d7f86f-5e81-4c30-ad3b-95263d2e2a30', '32ba8c4d-6272-42f5-867e-2c5829c1f34e'); -- testExt_Themenauspraegung2 / Foto / UnterProjekt1

-- 4 Attributtypen_zur_Themenauspraegung hinzufügen
INSERT INTO "attribute_type_to_topic_characteristic" VALUES ('cfaf11cb-8de6-41de-9687-a5913bfc66c5', '4bf4a032-08e2-4318-b182-a51fe4d56543', '09d832bc-2ea8-4874-8f60-9f5878cb89e3', NULL); -- testExt_Themenauspraegung1 / testExt_Geometrie (geomz) / 0:1 / kein default
INSERT INTO "attribute_type_to_topic_characteristic" VALUES ('cfaf11cb-8de6-41de-9687-a5913bfc66c5', 'b772a4e1-2f32-4982-81b9-71f8836bf044', '2a69c2f9-4569-4527-a69b-dcf875a975fb', NULL); -- testExt_Themenauspraegung1 / testExt_URL (url) / 0:NULL / kein default
INSERT INTO "attribute_type_to_topic_characteristic" VALUES ('e464c9a6-6b5b-4835-8874-de4ac48bcae6', '5f066f33-93d1-40ba-a5d2-cfee3a3f0bb2', '4fd7d3e5-0a84-4487-b2af-ebdf234303d9', '57e0e2fe-351f-4c09-bbc4-338612dea69f'); -- testExt_Themenauspraegung2 / Art des Fotos (Foto.Kategorie) / 1:1 / - nicht bearbeitet -
INSERT INTO "attribute_type_to_topic_characteristic" VALUES ('e464c9a6-6b5b-4835-8874-de4ac48bcae6', '78b47591-b1eb-447f-b369-0aa3476c965c', '09d832bc-2ea8-4874-8f60-9f5878cb89e3', NULL); -- testExt_Themenauspraegung2 / Geometrie (geom) / 0:1 / kein default

-- 2 Themeninstanzen
INSERT INTO "topic_instance" VALUES ('0daa55ac-bd4b-4c66-ae84-2dfa755e2dd4', 'cfaf11cb-8de6-41de-9687-a5913bfc66c5'); -- testExt_Themenauspraegung1
INSERT INTO "topic_instance" VALUES ('5a1788f1-e645-473c-889e-96f5086e37b8', 'e464c9a6-6b5b-4835-8874-de4ac48bcae6'); -- testExt_Themenauspraegung2

-- 1 Beziehung zwischen Themeninstanzen
INSERT INTO "relationship_type" VALUES ('a4e175e1-7c06-475a-842d-df993314e2dc', '13d7f86f-5e81-4c30-ad3b-95263d2e2a30', 'cc7c5773-973d-41e8-b735-71d54fe2dc87'); -- Foto / gehört zu
INSERT INTO "relationship_type_to_topic_characteristic" VALUES ('cfaf11cb-8de6-41de-9687-a5913bfc66c5', 'a4e175e1-7c06-475a-842d-df993314e2dc', '09d832bc-2ea8-4874-8f60-9f5878cb89e3'); -- Plan / gehört zu Foto / 0:1
INSERT INTO "topic_instance_x_topic_instance" VALUES ('406bbc76-968c-480b-87f9-651c5503910f', '0daa55ac-bd4b-4c66-ae84-2dfa755e2dd4', '5a1788f1-e645-473c-889e-96f5086e37b8', 'a4e175e1-7c06-475a-842d-df993314e2dc'); -- Ti1 / Ti2 / gehört zu

-- 4 Attributwerte
INSERT INTO "attribute_value_geomz" VALUES ('187ef387-5da7-489f-84f5-9f97cd901612', '4bf4a032-08e2-4318-b182-a51fe4d56543', '0daa55ac-bd4b-4c66-ae84-2dfa755e2dd4', '01060000A0E6100000010000000103000080010000000500000013CFC4E2671A424079BA14D4C800414000E0FA705F5892404EEE1093681A424001B2936FC90041400000F67E5F58924053362A8E6C1A42400379C92AC700414000D07765605892400980F72A6B1A4240C60F603FC600414000306C416058924013CFC4E2671A424079BA14D4C800414000E0FA705F589240'); -- testExt_Geometrie / Ti1 / ...
INSERT INTO "attribute_value_value" VALUES ('8165f2eb-bf42-4a07-90ac-e7d4a350641b', 'b772a4e1-2f32-4982-81b9-71f8836bf044', '0daa55ac-bd4b-4c66-ae84-2dfa755e2dd4', '3da4308c-7a0d-4ac3-9f17-8024ce7a4302'); -- testExt_URL / Ti1 / ...
INSERT INTO "attribute_value_domain" VALUES ('4463de8a-bfea-49c2-803a-e087c56ae13a', '5f066f33-93d1-40ba-a5d2-cfee3a3f0bb2', '5a1788f1-e645-473c-889e-96f5086e37b8', '870c26bd-65ce-4ea8-ba26-e60cc45bf022'); -- Art des Fotos / Ti2 / Digitalfoto
INSERT INTO "attribute_value_geom" VALUES ('e6b488b5-8266-4198-bcbe-956bee98a1c7', '78b47591-b1eb-447f-b369-0aa3476c965c', '5a1788f1-e645-473c-889e-96f5086e37b8', '0103000020E6100000010000000800000020BE869F0D1A424030AD5075A8004140ABD7735A0D1A42402A53FEBAA8004140AED11B200D1A4240EE1700D4A8004140162C73590D1A4240E418D825A90041409242DD960D1A4240377FCB07A90041401FD4C6DA0D1A42400D9B03C4A800414061F61CCA0D1A424095846680A800414020BE869F0D1A424030AD5075A8004140'); -- Geometrie / Ti2 / ...


-------------------------------------
-- Daten für Projekt UnterProjekt2 --
-------------------------------------

-- Hinzufügen von Beschreibungen für Themenausprägungen
INSERT INTO "localized_character_string" VALUES ('cb05ae85-923c-46a0-ac90-53924cc0122a', 'c0d76ff3-a711-42af-920d-09132a287015', 'testExt_Themenauspraegung3');
INSERT INTO "localized_character_string" VALUES ('6146eb12-1dc6-4d56-93c7-e43bebc6287f', 'c0d76ff3-a711-42af-920d-09132a287015', 'testExt_Themenauspraegung4');
INSERT INTO "localized_character_string" VALUES ('a24c390d-ba6c-4703-9ddc-8e9474e38fe1', 'c0d76ff3-a711-42af-920d-09132a287015', 'testExt_Ramirez');

-- 2 Themenausprägungen hinzufügen
INSERT INTO "topic_characteristic" VALUES ('93cd070d-965c-4972-a0f4-7cea37889331', 'cb05ae85-923c-46a0-ac90-53924cc0122a', 'b98a0c96-b4f1-4733-b91d-5414e10246d0', '95c1d361-3643-4ced-a712-21d8c9a03622'); -- testExt_Themenauspraegung3 / Plan / UnterProjekt2
INSERT INTO "topic_characteristic" VALUES ('2772573d-ae10-457e-89dd-c600ab89e220', '6146eb12-1dc6-4d56-93c7-e43bebc6287f', '13d7f86f-5e81-4c30-ad3b-95263d2e2a30', '95c1d361-3643-4ced-a712-21d8c9a03622'); -- testExt_Themenauspraegung4 / Foto / UnterProjekt2

-- 4 Attributtypen_zur_Themenauspraegung hinzufügen
INSERT INTO "attribute_type_to_topic_characteristic" VALUES ('93cd070d-965c-4972-a0f4-7cea37889331', '4bf4a032-08e2-4318-b182-a51fe4d56543', '09d832bc-2ea8-4874-8f60-9f5878cb89e3', NULL); -- testExt_Themenauspraegung3 / testExt_Geometrie (geomz) / 0:1 / kein default
INSERT INTO "attribute_type_to_topic_characteristic" VALUES ('93cd070d-965c-4972-a0f4-7cea37889331', 'e6732be7-67fd-4bae-bed2-e20f5dadccc4', '4fd7d3e5-0a84-4487-b2af-ebdf234303d9', NULL); -- testExt_Themenauspraegung3 / Verwalter (varchar) / 1:1 / kein default
INSERT INTO "attribute_type_to_topic_characteristic" VALUES ('2772573d-ae10-457e-89dd-c600ab89e220', '5f066f33-93d1-40ba-a5d2-cfee3a3f0bb2', '4fd7d3e5-0a84-4487-b2af-ebdf234303d9', '57e0e2fe-351f-4c09-bbc4-338612dea69f'); -- testExt_Themenauspraegung4 / Art des Fotos (Foto.Kategorie) / 1:1 / - nicht bearbeitet -
INSERT INTO "attribute_type_to_topic_characteristic" VALUES ('2772573d-ae10-457e-89dd-c600ab89e220', '78b47591-b1eb-447f-b369-0aa3476c965c', '09d832bc-2ea8-4874-8f60-9f5878cb89e3', NULL); -- testExt_Themenauspraegung4 / Geometrie (geom) / 0:1 / kein default

-- 2 Themeninstanzen
INSERT INTO "topic_instance" VALUES ('3d0d4145-ede1-4d91-b96f-cc7e42a2ec5f', '93cd070d-965c-4972-a0f4-7cea37889331'); -- testExt_Themenauspraegung3
INSERT INTO "topic_instance" VALUES ('9ebb5a3c-4716-4a08-86a0-54e8f7838ec0', 'e464c9a6-6b5b-4835-8874-de4ac48bcae6'); -- testExt_Themenauspraegung4

-- 1 Beziehung zwischen Themeninstanzen
INSERT INTO "relationship_type_to_topic_characteristic" VALUES ('93cd070d-965c-4972-a0f4-7cea37889331', 'a4e175e1-7c06-475a-842d-df993314e2dc', '09d832bc-2ea8-4874-8f60-9f5878cb89e3'); -- Plan / gehört zu Foto / 0:1
INSERT INTO "topic_instance_x_topic_instance" VALUES ('8ed22cd6-3b9e-4592-9c76-6008c521c50b', '3d0d4145-ede1-4d91-b96f-cc7e42a2ec5f', '9ebb5a3c-4716-4a08-86a0-54e8f7838ec0', 'a4e175e1-7c06-475a-842d-df993314e2dc'); -- Ti1 / Ti2 / gehört zu

-- 4 Attributwerte
INSERT INTO "attribute_value_geomz" VALUES ('c3dedb64-3f1d-4e4b-97bf-c1f8e75f16c3', '4bf4a032-08e2-4318-b182-a51fe4d56543', '3d0d4145-ede1-4d91-b96f-cc7e42a2ec5f', '01060000A0E6100000010000000103000080010000000500000013CFC4E2671A424079BA14D4C800414000E0FA705F5892404EEE1093681A424001B2936FC90041400000F67E5F58924053362A8E6C1A42400379C92AC700414000D07765605892400980F72A6B1A4240C60F603FC600414000306C416058924013CFC4E2671A424079BA14D4C800414000E0FA705F589240'); -- testExt_Geometrie / Ti1 / ...
INSERT INTO "attribute_value_value" VALUES ('cdaa5fc1-1390-431e-b6ab-43f5cd08bf82', 'e6732be7-67fd-4bae-bed2-e20f5dadccc4', '3d0d4145-ede1-4d91-b96f-cc7e42a2ec5f', 'a24c390d-ba6c-4703-9ddc-8e9474e38fe1'); -- Verwalter / Ti1 / testExt_Ramirez
INSERT INTO "attribute_value_domain" VALUES ('bbb2109e-6d3f-464b-9610-0d1dece37f57', '5f066f33-93d1-40ba-a5d2-cfee3a3f0bb2', '9ebb5a3c-4716-4a08-86a0-54e8f7838ec0', '870c26bd-65ce-4ea8-ba26-e60cc45bf022'); -- Art des Fotos / Ti2 / Digitalfoto
INSERT INTO "attribute_value_geom" VALUES ('e3fcdb24-4878-426d-a5ee-6c2e8f348f41', '78b47591-b1eb-447f-b369-0aa3476c965c', '9ebb5a3c-4716-4a08-86a0-54e8f7838ec0', '0103000020E6100000010000000800000020BE869F0D1A424030AD5075A8004140ABD7735A0D1A42402A53FEBAA8004140AED11B200D1A4240EE1700D4A8004140162C73590D1A4240E418D825A90041409242DD960D1A4240377FCB07A90041401FD4C6DA0D1A42400D9B03C4A800414061F61CCA0D1A424095846680A800414020BE869F0D1A424030AD5075A8004140'); -- Geometrie / Ti2 / ...


-----------------------------------------
-- Daten für Projekt UnterUnterProjekt --
-----------------------------------------

-- Hinzufügen von Beschreibungen für Themenausprägungen
INSERT INTO "localized_character_string" VALUES ('d19be41b-1b2c-4714-8e9a-39458e6f4791', 'c0d76ff3-a711-42af-920d-09132a287015', 'testExt_Themenauspraegung5');
INSERT INTO "localized_character_string" VALUES ('7f6158b6-6693-40c0-be6b-dc12b9b53cf0', 'c0d76ff3-a711-42af-920d-09132a287015', 'testExt_Themenauspraegung6');
INSERT INTO "localized_character_string" VALUES ('7a6b9f89-3bf1-4155-9519-3d06f32f19ef', 'c0d76ff3-a711-42af-920d-09132a287015', 'testExt_Hugo');

-- 2 Themenausprägungen hinzufügen
INSERT INTO "topic_characteristic" VALUES ('3a5b630a-7a4b-4b9b-ada3-c3290c3feb8b', 'd19be41b-1b2c-4714-8e9a-39458e6f4791', 'b98a0c96-b4f1-4733-b91d-5414e10246d0', '61101fc6-e4a1-421e-8965-3e3a6f692af0'); -- testExt_Themenauspraegung5 / Plan / UnterUnterProjekt
INSERT INTO "topic_characteristic" VALUES ('43c145ee-5595-4e2f-bdf5-9ee626dff902', '7f6158b6-6693-40c0-be6b-dc12b9b53cf0', '13d7f86f-5e81-4c30-ad3b-95263d2e2a30', '61101fc6-e4a1-421e-8965-3e3a6f692af0'); -- testExt_Themenauspraegung6 / Foto / UnterUnterProjekt

-- 4 Attributtypen_zur_Themenauspraegung hinzufügen
INSERT INTO "attribute_type_to_topic_characteristic" VALUES ('3a5b630a-7a4b-4b9b-ada3-c3290c3feb8b', '4bf4a032-08e2-4318-b182-a51fe4d56543', '09d832bc-2ea8-4874-8f60-9f5878cb89e3', NULL); -- testExt_Themenauspraegung5 / testExt_Geometrie (geomz) / 0:1 / kein default
INSERT INTO "attribute_type_to_topic_characteristic" VALUES ('3a5b630a-7a4b-4b9b-ada3-c3290c3feb8b', 'e6732be7-67fd-4bae-bed2-e20f5dadccc4', '4fd7d3e5-0a84-4487-b2af-ebdf234303d9', NULL); -- testExt_Themenauspraegung5 / Verwalter (varchar) / 1:1 / kein default
INSERT INTO "attribute_type_to_topic_characteristic" VALUES ('43c145ee-5595-4e2f-bdf5-9ee626dff902', '5f066f33-93d1-40ba-a5d2-cfee3a3f0bb2', '4fd7d3e5-0a84-4487-b2af-ebdf234303d9', '57e0e2fe-351f-4c09-bbc4-338612dea69f'); -- testExt_Themenauspraegung6 / Art des Fotos (Foto.Kategorie) / 1:1 / - nicht bearbeitet -
INSERT INTO "attribute_type_to_topic_characteristic" VALUES ('43c145ee-5595-4e2f-bdf5-9ee626dff902', '78b47591-b1eb-447f-b369-0aa3476c965c', '09d832bc-2ea8-4874-8f60-9f5878cb89e3', NULL); -- testExt_Themenauspraegung6 / Geometrie (geom) / 0:1 / kein default

-- 2 Themeninstanzen
INSERT INTO "topic_instance" VALUES ('e395406e-ff05-4a34-8ca3-f38d6b32de42', '3a5b630a-7a4b-4b9b-ada3-c3290c3feb8b'); -- testExt_Themenauspraegung5
INSERT INTO "topic_instance" VALUES ('22cbece7-a7d0-4b49-bb70-f19ad99914da', '43c145ee-5595-4e2f-bdf5-9ee626dff902'); -- testExt_Themenauspraegung6

-- 1 Beziehung zwischen Themeninstanzen
INSERT INTO "relationship_type_to_topic_characteristic" VALUES ('3a5b630a-7a4b-4b9b-ada3-c3290c3feb8b', 'a4e175e1-7c06-475a-842d-df993314e2dc', '09d832bc-2ea8-4874-8f60-9f5878cb89e3'); -- Plan / gehört zu Foto / 0:1
INSERT INTO "topic_instance_x_topic_instance" VALUES ('65f73e4f-8700-43cc-bcee-8b7b71fd521d', 'e395406e-ff05-4a34-8ca3-f38d6b32de42', '22cbece7-a7d0-4b49-bb70-f19ad99914da', 'a4e175e1-7c06-475a-842d-df993314e2dc'); -- Ti1 / Ti2 / gehört zu

-- 4 Attributwerte
INSERT INTO "attribute_value_geomz" VALUES ('f9b74b5b-6b67-4534-980e-79e5dbdb117a', '4bf4a032-08e2-4318-b182-a51fe4d56543', 'e395406e-ff05-4a34-8ca3-f38d6b32de42', '01060000A0E6100000010000000103000080010000000500000013CFC4E2671A424079BA14D4C800414000E0FA705F5892404EEE1093681A424001B2936FC90041400000F67E5F58924053362A8E6C1A42400379C92AC700414000D07765605892400980F72A6B1A4240C60F603FC600414000306C416058924013CFC4E2671A424079BA14D4C800414000E0FA705F589240'); -- testExt_Geometrie / Ti1 / ...
INSERT INTO "attribute_value_value" VALUES ('f87cbcb7-755c-4f91-ab18-4d63d723931a', 'e6732be7-67fd-4bae-bed2-e20f5dadccc4', 'e395406e-ff05-4a34-8ca3-f38d6b32de42', '7a6b9f89-3bf1-4155-9519-3d06f32f19ef'); -- Verwalter / Ti1 / testExt_Hugo
INSERT INTO "attribute_value_domain" VALUES ('830aad82-167b-49c8-b847-9abf7c549bb9', '5f066f33-93d1-40ba-a5d2-cfee3a3f0bb2', '22cbece7-a7d0-4b49-bb70-f19ad99914da', '870c26bd-65ce-4ea8-ba26-e60cc45bf022'); -- Art des Fotos / Ti2 / Digitalfoto
INSERT INTO "attribute_value_geom" VALUES ('0851c865-4dc4-4671-a902-9900be255f1d', '78b47591-b1eb-447f-b369-0aa3476c965c', '22cbece7-a7d0-4b49-bb70-f19ad99914da', '0103000020E6100000010000000800000020BE869F0D1A424030AD5075A8004140ABD7735A0D1A42402A53FEBAA8004140AED11B200D1A4240EE1700D4A8004140162C73590D1A4240E418D825A90041409242DD960D1A4240377FCB07A90041401FD4C6DA0D1A42400D9B03C4A800414061F61CCA0D1A424095846680A800414020BE869F0D1A424030AD5075A8004140'); -- Geometrie / Ti2 / ...


----------------------------------------------
-- Daten für Projekt UnterUnterUnterProjekt --
----------------------------------------------

-- Hinzufügen von Beschreibungen für Themenausprägungen
INSERT INTO "localized_character_string" VALUES ('07843023-7f34-470e-a41d-1a93c0126cf5', 'c0d76ff3-a711-42af-920d-09132a287015', 'testExt_Themenauspraegung7');
INSERT INTO "localized_character_string" VALUES ('91452052-953d-45ba-890d-30df58ba1660', 'c0d76ff3-a711-42af-920d-09132a287015', 'testExt_Themenauspraegung8');
INSERT INTO "localized_character_string" VALUES ('8158930d-b281-4f1f-be9f-c6a28fe47b46', 'c0d76ff3-a711-42af-920d-09132a287015', 'testExt_Egon');

-- 2 Themenausprägungen hinzufügen
INSERT INTO "topic_characteristic" VALUES ('ff3a84c1-6f6a-4a40-b33a-90e496a53a8b', '07843023-7f34-470e-a41d-1a93c0126cf5', 'b98a0c96-b4f1-4733-b91d-5414e10246d0', 'f17a0adc-bc0c-47e0-92ba-92e9bde75e0f'); -- testExt_Themenauspraegung7 / Plan / UnterUnterUnterProjekt
INSERT INTO "topic_characteristic" VALUES ('6e3688f6-98e2-44ba-b3fc-40a0c0df3d70', '91452052-953d-45ba-890d-30df58ba1660', '13d7f86f-5e81-4c30-ad3b-95263d2e2a30', 'f17a0adc-bc0c-47e0-92ba-92e9bde75e0f'); -- testExt_Themenauspraegung8 / Foto / UnterUnterUnterProjekt

-- 4 Attributtypen_zur_Themenauspraegung hinzufügen
INSERT INTO "attribute_type_to_topic_characteristic" VALUES ('ff3a84c1-6f6a-4a40-b33a-90e496a53a8b', '4bf4a032-08e2-4318-b182-a51fe4d56543', '09d832bc-2ea8-4874-8f60-9f5878cb89e3', NULL); -- testExt_Themenauspraegung7 / testExt_Geometrie (geomz) / 0:1 / kein default
INSERT INTO "attribute_type_to_topic_characteristic" VALUES ('ff3a84c1-6f6a-4a40-b33a-90e496a53a8b', 'e6732be7-67fd-4bae-bed2-e20f5dadccc4', '4fd7d3e5-0a84-4487-b2af-ebdf234303d9', NULL); -- testExt_Themenauspraegung7 / Verwalter (varchar) / 1:1 / kein default
INSERT INTO "attribute_type_to_topic_characteristic" VALUES ('6e3688f6-98e2-44ba-b3fc-40a0c0df3d70', '5f066f33-93d1-40ba-a5d2-cfee3a3f0bb2', '4fd7d3e5-0a84-4487-b2af-ebdf234303d9', '57e0e2fe-351f-4c09-bbc4-338612dea69f'); -- testExt_Themenauspraegung8 / Art des Fotos (Foto.Kategorie) / 1:1 / - nicht bearbeitet -
INSERT INTO "attribute_type_to_topic_characteristic" VALUES ('6e3688f6-98e2-44ba-b3fc-40a0c0df3d70', '78b47591-b1eb-447f-b369-0aa3476c965c', '09d832bc-2ea8-4874-8f60-9f5878cb89e3', NULL); -- testExt_Themenauspraegung8 / Geometrie (geom) / 0:1 / kein default

-- 2 Themeninstanzen
INSERT INTO "topic_instance" VALUES ('8e42370f-044c-4c97-ab51-6d9328857f2f', 'ff3a84c1-6f6a-4a40-b33a-90e496a53a8b'); -- testExt_Themenauspraegung7
INSERT INTO "topic_instance" VALUES ('e56a5c0a-cb03-4f53-91ae-ee6ce7627198', '6e3688f6-98e2-44ba-b3fc-40a0c0df3d70'); -- testExt_Themenauspraegung8

-- 1 Beziehung zwischen Themeninstanzen
INSERT INTO "relationship_type_to_topic_characteristic" VALUES ('ff3a84c1-6f6a-4a40-b33a-90e496a53a8b', 'a4e175e1-7c06-475a-842d-df993314e2dc', '09d832bc-2ea8-4874-8f60-9f5878cb89e3'); -- Plan / gehört zu Foto / 0:1
INSERT INTO "topic_instance_x_topic_instance" VALUES ('d0ac740a-e9cd-4bc5-9686-a08b303f5ca3', '8e42370f-044c-4c97-ab51-6d9328857f2f', 'e56a5c0a-cb03-4f53-91ae-ee6ce7627198', 'a4e175e1-7c06-475a-842d-df993314e2dc'); -- Ti1 / Ti2 / gehört zu

-- 4 Attributwerte
INSERT INTO "attribute_value_geomz" VALUES ('7db62d1d-d641-42c6-b00c-eaad4da5f7b4', '4bf4a032-08e2-4318-b182-a51fe4d56543', '8e42370f-044c-4c97-ab51-6d9328857f2f', '01060000A0E6100000010000000103000080010000000500000013CFC4E2671A424079BA14D4C800414000E0FA705F5892404EEE1093681A424001B2936FC90041400000F67E5F58924053362A8E6C1A42400379C92AC700414000D07765605892400980F72A6B1A4240C60F603FC600414000306C416058924013CFC4E2671A424079BA14D4C800414000E0FA705F589240'); -- testExt_Geometrie / Ti1 / ...
INSERT INTO "attribute_value_value" VALUES ('5409717e-4fd1-4a1b-998b-6c0f143715b5', 'e6732be7-67fd-4bae-bed2-e20f5dadccc4', '8e42370f-044c-4c97-ab51-6d9328857f2f', '8158930d-b281-4f1f-be9f-c6a28fe47b46'); -- Verwalter / Ti1 / testExt_Egon
INSERT INTO "attribute_value_domain" VALUES ('901262f8-8ee4-4190-9680-ca53d1599fad', '5f066f33-93d1-40ba-a5d2-cfee3a3f0bb2', 'e56a5c0a-cb03-4f53-91ae-ee6ce7627198', '870c26bd-65ce-4ea8-ba26-e60cc45bf022'); -- Art des Fotos / Ti2 / Digitalfoto
INSERT INTO "attribute_value_geom" VALUES ('1b84f542-8de3-446f-90eb-6d72e0f6c238', '78b47591-b1eb-447f-b369-0aa3476c965c', 'e56a5c0a-cb03-4f53-91ae-ee6ce7627198', '0103000020E6100000010000000800000020BE869F0D1A424030AD5075A8004140ABD7735A0D1A42402A53FEBAA8004140AED11B200D1A4240EE1700D4A8004140162C73590D1A4240E418D825A90041409242DD960D1A4240377FCB07A90041401FD4C6DA0D1A42400D9B03C4A800414061F61CCA0D1A424095846680A800414020BE869F0D1A424030AD5075A8004140'); -- Geometrie / Ti2 / ...