-- Initial topic framework of the project database

SET search_path TO "project", "constraints", "public";
SET CLIENT_ENCODING TO "UTF8";


INSERT INTO localized_character_string (pt_free_text_id, pt_locale_id, free_text) VALUES ('d95ac087-3adf-4c1d-b905-34395f1530e1', 'c0d76ff3-a711-42af-920d-09132a287015', 'Planum');
INSERT INTO localized_character_string (pt_free_text_id, pt_locale_id, free_text) VALUES ('af925670-1259-11e4-9191-0800200c9a66', 'c0d76ff3-a711-42af-920d-09132a287015', 'Topographie');
INSERT INTO localized_character_string (pt_free_text_id, pt_locale_id, free_text) VALUES ('c641ae20-1259-11e4-9191-0800200c9a66', 'c0d76ff3-a711-42af-920d-09132a287015', 'Fundplatz');
INSERT INTO localized_character_string (pt_free_text_id, pt_locale_id, free_text) VALUES ('dff740f0-1259-11e4-9191-0800200c9a66', 'c0d76ff3-a711-42af-920d-09132a287015', 'Befundgruppe');
INSERT INTO localized_character_string (pt_free_text_id, pt_locale_id, free_text) VALUES ('f7db6f20-1259-11e4-9191-0800200c9a66', 'c0d76ff3-a711-42af-920d-09132a287015', 'Grab');
INSERT INTO localized_character_string (pt_free_text_id, pt_locale_id, free_text) VALUES ('08088450-125a-11e4-9191-0800200c9a66', 'c0d76ff3-a711-42af-920d-09132a287015', 'Haus');
INSERT INTO localized_character_string (pt_free_text_id, pt_locale_id, free_text) VALUES ('1bd70330-125a-11e4-9191-0800200c9a66', 'c0d76ff3-a711-42af-920d-09132a287015', 'Befund');
INSERT INTO localized_character_string (pt_free_text_id, pt_locale_id, free_text) VALUES ('4eadd810-125a-11e4-9191-0800200c9a66', 'c0d76ff3-a711-42af-920d-09132a287015', 'Mauer');
INSERT INTO localized_character_string (pt_free_text_id, pt_locale_id, free_text) VALUES ('62f4e250-125a-11e4-9191-0800200c9a66', 'c0d76ff3-a711-42af-920d-09132a287015', 'Schicht');
INSERT INTO localized_character_string (pt_free_text_id, pt_locale_id, free_text) VALUES ('7477c380-125a-11e4-9191-0800200c9a66', 'c0d76ff3-a711-42af-920d-09132a287015', 'Fundkollektion');
INSERT INTO localized_character_string (pt_free_text_id, pt_locale_id, free_text) VALUES ('85b8b9b0-125a-11e4-9191-0800200c9a66', 'c0d76ff3-a711-42af-920d-09132a287015', 'Fund');
INSERT INTO localized_character_string (pt_free_text_id, pt_locale_id, free_text) VALUES ('9734bd10-125a-11e4-9191-0800200c9a66', 'c0d76ff3-a711-42af-920d-09132a287015', 'Ton');
INSERT INTO localized_character_string (pt_free_text_id, pt_locale_id, free_text) VALUES ('2789d8b5-02da-4f83-bb11-473cacd210bc', 'c0d76ff3-a711-42af-920d-09132a287015', 'Keramik');
INSERT INTO localized_character_string (pt_free_text_id, pt_locale_id, free_text) VALUES ('585c7aec-6a78-4c86-9160-e7d8a51d313a', 'c0d76ff3-a711-42af-920d-09132a287015', 'Lampe');
INSERT INTO localized_character_string (pt_free_text_id, pt_locale_id, free_text) VALUES ('b1d991e0-125a-11e4-9191-0800200c9a66', 'c0d76ff3-a711-42af-920d-09132a287015', 'Metall');
INSERT INTO localized_character_string (pt_free_text_id, pt_locale_id, free_text) VALUES ('cd4d4f70-125a-11e4-9191-0800200c9a66', 'c0d76ff3-a711-42af-920d-09132a287015', 'Glas');
INSERT INTO localized_character_string (pt_free_text_id, pt_locale_id, free_text) VALUES ('de53fbc0-125a-11e4-9191-0800200c9a66', 'c0d76ff3-a711-42af-920d-09132a287015', 'Holz');
INSERT INTO localized_character_string (pt_free_text_id, pt_locale_id, free_text) VALUES ('fb9d3ca0-125a-11e4-9191-0800200c9a66', 'c0d76ff3-a711-42af-920d-09132a287015', 'Stein');
INSERT INTO localized_character_string (pt_free_text_id, pt_locale_id, free_text) VALUES ('0d05b800-125b-11e4-9191-0800200c9a66', 'c0d76ff3-a711-42af-920d-09132a287015', 'Inschrift');
INSERT INTO localized_character_string (pt_free_text_id, pt_locale_id, free_text) VALUES ('26392280-125b-11e4-9191-0800200c9a66', 'c0d76ff3-a711-42af-920d-09132a287015', 'Maßnahme');
INSERT INTO localized_character_string (pt_free_text_id, pt_locale_id, free_text) VALUES ('38d5d820-125b-11e4-9191-0800200c9a66', 'c0d76ff3-a711-42af-920d-09132a287015', 'Survey');
INSERT INTO localized_character_string (pt_free_text_id, pt_locale_id, free_text) VALUES ('6374cb40-125b-11e4-9191-0800200c9a66', 'c0d76ff3-a711-42af-920d-09132a287015', 'Bohrung');
INSERT INTO localized_character_string (pt_free_text_id, pt_locale_id, free_text) VALUES ('01dd13b2-13be-4fdc-8cce-a1dfdc46eb83', 'c0d76ff3-a711-42af-920d-09132a287015', 'Schnitt');
INSERT INTO localized_character_string (pt_free_text_id, pt_locale_id, free_text) VALUES ('d5bab61a-6d46-4204-8af8-3eabf712f03e', 'c0d76ff3-a711-42af-920d-09132a287015', 'Bauaufnahme');
INSERT INTO localized_character_string (pt_free_text_id, pt_locale_id, free_text) VALUES ('08d21e8e-a5c8-44b5-8449-209648548bac', 'c0d76ff3-a711-42af-920d-09132a287015', 'Arbeitsgang');
INSERT INTO localized_character_string (pt_free_text_id, pt_locale_id, free_text) VALUES ('823e7081-8dfa-4f27-991e-b38b88810a4a', 'c0d76ff3-a711-42af-920d-09132a287015', 'BohrkernSchicht');
INSERT INTO localized_character_string (pt_free_text_id, pt_locale_id, free_text) VALUES ('1b679f18-9d9d-4293-b300-ecf1fc5012c0', 'c0d76ff3-a711-42af-920d-09132a287015', 'Profil');
INSERT INTO localized_character_string (pt_free_text_id, pt_locale_id, free_text) VALUES ('740fe41e-8abb-410f-be4c-e5e8d5fe5773', 'c0d76ff3-a711-42af-920d-09132a287015', 'Abhub');
INSERT INTO localized_character_string (pt_free_text_id, pt_locale_id, free_text) VALUES ('c7623aa7-e556-42b2-8f32-36d400eeaa6b', 'c0d76ff3-a711-42af-920d-09132a287015', 'Probe');
INSERT INTO localized_character_string (pt_free_text_id, pt_locale_id, free_text) VALUES ('4e7f8912-9093-4d86-8d1a-509f4718818e', 'c0d76ff3-a711-42af-920d-09132a287015', 'C14');
INSERT INTO localized_character_string (pt_free_text_id, pt_locale_id, free_text) VALUES ('90a74e93-8667-48b6-886b-ad1eab293eae', 'c0d76ff3-a711-42af-920d-09132a287015', 'Dendrochronologie');
INSERT INTO localized_character_string (pt_free_text_id, pt_locale_id, free_text) VALUES ('53f82210-67bc-4978-88ad-7bbaff27edba', 'c0d76ff3-a711-42af-920d-09132a287015', 'Bauwerk');
INSERT INTO localized_character_string (pt_free_text_id, pt_locale_id, free_text) VALUES ('764cc408-71c7-4125-b924-383d097c42be', 'c0d76ff3-a711-42af-920d-09132a287015', 'Raum');
INSERT INTO localized_character_string (pt_free_text_id, pt_locale_id, free_text) VALUES ('43335b3a-4f7f-4741-9f30-d901f2367cdb', 'c0d76ff3-a711-42af-920d-09132a287015', 'Wand');
INSERT INTO localized_character_string (pt_free_text_id, pt_locale_id, free_text) VALUES ('9197f354-381f-45aa-8616-51d6834593fb', 'c0d76ff3-a711-42af-920d-09132a287015', 'Bauwerk im Testprojekt');
INSERT INTO localized_character_string (pt_free_text_id, pt_locale_id, free_text) VALUES ('28fd745d-9082-46fc-8adb-1206b90b0592', 'c0d76ff3-a711-42af-920d-09132a287015', 'Raum im Testprojekt');
INSERT INTO localized_character_string (pt_free_text_id, pt_locale_id, free_text) VALUES ('b5831587-aecf-4b24-a865-e90bcf43b28a', 'c0d76ff3-a711-42af-920d-09132a287015', 'Wand im Testprojekt');
INSERT INTO localized_character_string (pt_free_text_id, pt_locale_id, free_text) VALUES ('472303e2-472a-49f2-9cee-514808e8b24c', 'c0d76ff3-a711-42af-920d-09132a287015', 'Abhub im Testprojekt');
INSERT INTO localized_character_string (pt_free_text_id, pt_locale_id, free_text) VALUES ('e60bb9ef-3027-4123-bb40-7c359e52811d', 'c0d76ff3-a711-42af-920d-09132a287015', 'Bohrung im Testprojekt');
INSERT INTO localized_character_string (pt_free_text_id, pt_locale_id, free_text) VALUES ('9a62a123-4914-46de-9601-8b0b8edab53f', 'c0d76ff3-a711-42af-920d-09132a287015', 'BohrkernSchicht im Testprojekt');
INSERT INTO localized_character_string (pt_free_text_id, pt_locale_id, free_text) VALUES ('9d5186e2-3f85-433b-9d18-d944ab6e37ea', 'c0d76ff3-a711-42af-920d-09132a287015', 'Planum im Testprojekt');
INSERT INTO localized_character_string (pt_free_text_id, pt_locale_id, free_text) VALUES ('a2462bc4-cd8e-4b9a-98a9-f38df9639d12', 'c0d76ff3-a711-42af-920d-09132a287015', 'Profil im Testprojekt');
INSERT INTO localized_character_string (pt_free_text_id, pt_locale_id, free_text) VALUES ('5902234e-88d0-4073-9817-1d3d68be5c7c', 'c0d76ff3-a711-42af-920d-09132a287015', 'Metadaten');
INSERT INTO localized_character_string (pt_free_text_id, pt_locale_id, free_text) VALUES ('263f7e96-1902-4178-8ce8-3106f12e99e1', 'c0d76ff3-a711-42af-920d-09132a287015', 'Bauwerk_Bezeichnung');
INSERT INTO localized_character_string (pt_free_text_id, pt_locale_id, free_text) VALUES ('9c31d2ba-d096-43bf-ab16-8d8763da53d8', 'c0d76ff3-a711-42af-920d-09132a287015', 'Bauwerk_Lage');
INSERT INTO localized_character_string (pt_free_text_id, pt_locale_id, free_text) VALUES ('a4166f8e-8c34-416c-9baf-619b111547cd', 'c0d76ff3-a711-42af-920d-09132a287015', 'Bauwerk_Klassifizierung');
INSERT INTO localized_character_string (pt_free_text_id, pt_locale_id, free_text) VALUES ('bbce24e9-37c1-4f94-ae4e-ab9d602d2fa3', 'c0d76ff3-a711-42af-920d-09132a287015', 'Bauwerk_Beschreibungen');
INSERT INTO localized_character_string (pt_free_text_id, pt_locale_id, free_text) VALUES ('d8197ebf-9cce-451a-9bd7-c2fb8ae26070', 'c0d76ff3-a711-42af-920d-09132a287015', 'Bauwerk_Geschichte');
INSERT INTO localized_character_string (pt_free_text_id, pt_locale_id, free_text) VALUES ('7e464505-444d-432c-8f81-4de70bcf7578', 'c0d76ff3-a711-42af-920d-09132a287015', 'Raum_Maße');
INSERT INTO localized_character_string (pt_free_text_id, pt_locale_id, free_text) VALUES ('577fcdb0-5d03-4201-bb90-72f9c459f0ee', 'c0d76ff3-a711-42af-920d-09132a287015', 'Raum_Beschreibung');
INSERT INTO localized_character_string (pt_free_text_id, pt_locale_id, free_text) VALUES ('463243c7-8477-4667-b541-db7ae175b21a', 'c0d76ff3-a711-42af-920d-09132a287015', 'Wand_Allgemein');
INSERT INTO localized_character_string (pt_free_text_id, pt_locale_id, free_text) VALUES ('402f107b-7557-4667-804b-53a86e24ab7d', 'c0d76ff3-a711-42af-920d-09132a287015', 'Wand_Maße');
INSERT INTO localized_character_string (pt_free_text_id, pt_locale_id, free_text) VALUES ('47c857b2-7bb7-4d36-8758-cd44a94984fe', 'c0d76ff3-a711-42af-920d-09132a287015', 'Wand_Mauer');
INSERT INTO localized_character_string (pt_free_text_id, pt_locale_id, free_text) VALUES ('9d2f9955-1906-490a-a6dd-ffe147649422', 'c0d76ff3-a711-42af-920d-09132a287015', 'Wand_Wandgestaltung');
INSERT INTO localized_character_string (pt_free_text_id, pt_locale_id, free_text) VALUES ('66776783-2c6f-44b1-8910-f15058236698', 'c0d76ff3-a711-42af-920d-09132a287015', 'Abhub_Allgemein');
INSERT INTO localized_character_string (pt_free_text_id, pt_locale_id, free_text) VALUES ('b54371f7-5313-4f61-a483-9456ca83bc2b', 'c0d76ff3-a711-42af-920d-09132a287015', 'Wand_Erhaltung');
INSERT INTO localized_character_string (pt_free_text_id, pt_locale_id, free_text) VALUES ('fbde4c3b-8c83-4283-8480-a39c726a31b1', 'c0d76ff3-a711-42af-920d-09132a287015', 'Planum_Allgemein');
INSERT INTO localized_character_string (pt_free_text_id, pt_locale_id, free_text) VALUES ('9f6c1189-53aa-4424-b6e8-ae0186c44811', 'c0d76ff3-a711-42af-920d-09132a287015', 'Planum_Beschreibung');
INSERT INTO localized_character_string (pt_free_text_id, pt_locale_id, free_text) VALUES ('6ae17f8b-e6d8-43a6-96dc-698c6b7591bf', 'c0d76ff3-a711-42af-920d-09132a287015', 'Profil_Allgemein');
INSERT INTO localized_character_string (pt_free_text_id, pt_locale_id, free_text) VALUES ('2955614e-1b8d-4486-a77b-fed927b0f215', 'c0d76ff3-a711-42af-920d-09132a287015', 'Profil_Beschreibung');
INSERT INTO localized_character_string (pt_free_text_id, pt_locale_id, free_text) VALUES ('a27f7fdc-f7d5-11e4-a322-1697f925ec7b', 'c0d76ff3-a711-42af-920d-09132a287015', 'Profil_Lage');
INSERT INTO localized_character_string (pt_free_text_id, pt_locale_id, free_text) VALUES ('4d352c69-6e20-486e-adae-87da7cf07272', 'c0d76ff3-a711-42af-920d-09132a287015', 'Bohrung_Allgemein');
INSERT INTO localized_character_string (pt_free_text_id, pt_locale_id, free_text) VALUES ('95fdf75e-a975-4408-af6b-4b8624c3489f', 'c0d76ff3-a711-42af-920d-09132a287015', 'BohrkernSchicht_Beschreibung');
INSERT INTO localized_character_string (pt_free_text_id, pt_locale_id, free_text) VALUES ('c7ec35f3-456d-4d77-9b98-4e2f71f56248', 'c0d76ff3-a711-42af-920d-09132a287015', 'BohrkernSchicht_Allgemein');
INSERT INTO localized_character_string (pt_free_text_id, pt_locale_id, free_text) VALUES ('003dff63-65a0-494f-a52b-2e6e7df3b526', 'c0d76ff3-a711-42af-920d-09132a287015', 'Bohrung_Parameter');
INSERT INTO localized_character_string (pt_free_text_id, pt_locale_id, free_text) VALUES ('ee4e2c19-eb2c-49e0-a513-3f87b705dde3', 'c0d76ff3-a711-42af-920d-09132a287015', 'Metadaten_Ersteller');
INSERT INTO localized_character_string (pt_free_text_id, pt_locale_id, free_text) VALUES ('3c2c35a2-0849-4602-bd22-8724106a94bc', 'c0d76ff3-a711-42af-920d-09132a287015', 'Metadaten_Erstellungsdatum');
INSERT INTO localized_character_string (pt_free_text_id, pt_locale_id, free_text) VALUES ('afc6e4f2-eb24-4c40-8a9a-4adb9109c0f9', 'c0d76ff3-a711-42af-920d-09132a287015', 'Metadaten_Bearbeiter');
INSERT INTO localized_character_string (pt_free_text_id, pt_locale_id, free_text) VALUES ('db68ea91-572f-4a90-a141-cea59e40db8a', 'c0d76ff3-a711-42af-920d-09132a287015', 'Metadaten_Bearbeitungsdatum');
INSERT INTO localized_character_string (pt_free_text_id, pt_locale_id, free_text) VALUES ('389a794a-c632-4bae-8e0a-18ad69c7795f', 'c0d76ff3-a711-42af-920d-09132a287015', 'Bauwerk_Nummer');
INSERT INTO localized_character_string (pt_free_text_id, pt_locale_id, free_text) VALUES ('2cd79f11-cfef-4fac-a706-50ddce75a5a8', 'c0d76ff3-a711-42af-920d-09132a287015', 'Bauwerk_Kurzbeschreibung');
INSERT INTO localized_character_string (pt_free_text_id, pt_locale_id, free_text) VALUES ('f71b2c0b-72e9-4075-a6ff-1af0f2164016', 'c0d76ff3-a711-42af-920d-09132a287015', 'Bauwerk_Teilprojekt');
INSERT INTO localized_character_string (pt_free_text_id, pt_locale_id, free_text) VALUES ('13fcd3e7-d904-42ff-9717-68ddfebd0418', 'c0d76ff3-a711-42af-920d-09132a287015', 'Bauwerk_OrtAntik');
INSERT INTO localized_character_string (pt_free_text_id, pt_locale_id, free_text) VALUES ('2ed9f107-425b-4c63-8d7c-974320cac766', 'c0d76ff3-a711-42af-920d-09132a287015', 'Bauwerk_OrtModern');
INSERT INTO localized_character_string (pt_free_text_id, pt_locale_id, free_text) VALUES ('5152fce4-392c-4f98-b375-0aa81ee0527b', 'c0d76ff3-a711-42af-920d-09132a287015', 'Bauwerk_Staat');
INSERT INTO localized_character_string (pt_free_text_id, pt_locale_id, free_text) VALUES ('225dedb4-d0e3-416e-8585-918f5be85b37', 'c0d76ff3-a711-42af-920d-09132a287015', 'Bauwerk_ProvinzModern');
INSERT INTO localized_character_string (pt_free_text_id, pt_locale_id, free_text) VALUES ('b7d61a4b-6bf7-42ba-b1e4-8af5b63c0ac6', 'c0d76ff3-a711-42af-920d-09132a287015', 'Bauwerk_ProvinzAntik');
INSERT INTO localized_character_string (pt_free_text_id, pt_locale_id, free_text) VALUES ('d12605e4-aac7-47aa-bb0b-cf300a79e5ad', 'c0d76ff3-a711-42af-920d-09132a287015', 'Bauwerk_Lokalisierung');
INSERT INTO localized_character_string (pt_free_text_id, pt_locale_id, free_text) VALUES ('96820c78-547e-47b0-9be1-6a9faca2bdfa', 'c0d76ff3-a711-42af-920d-09132a287015', 'Bauwerk_Baumaterialien');
INSERT INTO localized_character_string (pt_free_text_id, pt_locale_id, free_text) VALUES ('3ceb050a-098e-4c3b-881d-c810288ca293', 'c0d76ff3-a711-42af-920d-09132a287015', 'Bauwerk_Beschreibung');
INSERT INTO localized_character_string (pt_free_text_id, pt_locale_id, free_text) VALUES ('2e357c18-3d15-4d1c-aa85-d382f300dedc', 'c0d76ff3-a711-42af-920d-09132a287015', 'Bauwerk_Erhaltung');
INSERT INTO localized_character_string (pt_free_text_id, pt_locale_id, free_text) VALUES ('45f37eeb-df31-4606-b658-ed433495422d', 'c0d76ff3-a711-42af-920d-09132a287015', 'Bauwerk_Ausgrabungsgeschichte');
INSERT INTO localized_character_string (pt_free_text_id, pt_locale_id, free_text) VALUES ('2a18a278-eb7b-46fd-92c3-bcbb52e98ce0', 'c0d76ff3-a711-42af-920d-09132a287015', 'Bauwerk_Forschungsgeschichte');
INSERT INTO localized_character_string (pt_free_text_id, pt_locale_id, free_text) VALUES ('80413d33-08cc-4ecf-9c06-e1bff8a758d2', 'c0d76ff3-a711-42af-920d-09132a287015', 'Bauwerk_Restaurierung');
INSERT INTO localized_character_string (pt_free_text_id, pt_locale_id, free_text) VALUES ('4cd2fea0-d796-4e9d-876e-e3f06875c434', 'c0d76ff3-a711-42af-920d-09132a287015', 'Raum_Breite');
INSERT INTO localized_character_string (pt_free_text_id, pt_locale_id, free_text) VALUES ('9f11ce64-676f-4233-ae4b-330d7c066f64', 'c0d76ff3-a711-42af-920d-09132a287015', 'Raum_Fläche');
INSERT INTO localized_character_string (pt_free_text_id, pt_locale_id, free_text) VALUES ('765b56be-3298-4541-af71-cf72634cc08f', 'c0d76ff3-a711-42af-920d-09132a287015', 'Raum_Länge');
INSERT INTO localized_character_string (pt_free_text_id, pt_locale_id, free_text) VALUES ('39a5de04-c088-42fd-92df-3d92241b1582', 'c0d76ff3-a711-42af-920d-09132a287015', 'Raum_Laufniveau');
INSERT INTO localized_character_string (pt_free_text_id, pt_locale_id, free_text) VALUES ('12a98f53-5841-4433-9245-af838c91fb75', 'c0d76ff3-a711-42af-920d-09132a287015', 'Raum_Kurzbeschreibung');
INSERT INTO localized_character_string (pt_free_text_id, pt_locale_id, free_text) VALUES ('a918c5eb-dae8-499d-8ee5-9108bab718f4', 'c0d76ff3-a711-42af-920d-09132a287015', 'Raum_Nummer');
INSERT INTO localized_character_string (pt_free_text_id, pt_locale_id, free_text) VALUES ('a13292d7-e740-4b4b-8399-0c1c9633dd18', 'c0d76ff3-a711-42af-920d-09132a287015', 'Wand_Nummer');
INSERT INTO localized_character_string (pt_free_text_id, pt_locale_id, free_text) VALUES ('67648f2c-a6b3-415c-a812-e72a120bf2e6', 'c0d76ff3-a711-42af-920d-09132a287015', 'Wand_Mauerseite');
INSERT INTO localized_character_string (pt_free_text_id, pt_locale_id, free_text) VALUES ('fedc3325-df3e-4c45-9c13-95708dbf2ff8', 'c0d76ff3-a711-42af-920d-09132a287015', 'Wand_Wandflaeche');
INSERT INTO localized_character_string (pt_free_text_id, pt_locale_id, free_text) VALUES ('586ee5eb-ea24-424c-9886-a5b11c55d7ae', 'c0d76ff3-a711-42af-920d-09132a287015', 'Wand_Laenge');
INSERT INTO localized_character_string (pt_free_text_id, pt_locale_id, free_text) VALUES ('16142026-c1bc-4774-bead-ee8842717021', 'c0d76ff3-a711-42af-920d-09132a287015', 'Wand_Hoehe');
INSERT INTO localized_character_string (pt_free_text_id, pt_locale_id, free_text) VALUES ('156d1613-4080-4eb1-8ce8-d790f6deb47c', 'c0d76ff3-a711-42af-920d-09132a287015', 'Wand_Mauertechnik');
INSERT INTO localized_character_string (pt_free_text_id, pt_locale_id, free_text) VALUES ('31bfed38-e023-4e8d-8a76-a3604bc6e1f1', 'c0d76ff3-a711-42af-920d-09132a287015', 'Wand_MauerKonstruktionsdetails');
INSERT INTO localized_character_string (pt_free_text_id, pt_locale_id, free_text) VALUES ('a84b574e-8e62-4b4d-8d6e-e619c89dfd74', 'c0d76ff3-a711-42af-920d-09132a287015', 'Wand_MauerKonstruktionsdetailsBeschreibung');
INSERT INTO localized_character_string (pt_free_text_id, pt_locale_id, free_text) VALUES ('0397b6cf-daf5-48c7-95af-c0266cfce17c', 'c0d76ff3-a711-42af-920d-09132a287015', 'Wand_Fugengestaltung');
INSERT INTO localized_character_string (pt_free_text_id, pt_locale_id, free_text) VALUES ('107a680d-e9ae-421e-887d-a754cac369bc', 'c0d76ff3-a711-42af-920d-09132a287015', 'Wand_SteinblockBearbeitung');
INSERT INTO localized_character_string (pt_free_text_id, pt_locale_id, free_text) VALUES ('3fbe389c-2c29-45bf-b648-e1b30183f592', 'c0d76ff3-a711-42af-920d-09132a287015', 'Wand_BeschreibungWandgestaltung');
INSERT INTO localized_character_string (pt_free_text_id, pt_locale_id, free_text) VALUES ('d5afb543-89ad-4420-a7a9-e4b8d11a8cba', 'c0d76ff3-a711-42af-920d-09132a287015', 'Wand_VerputzMalschicht');
INSERT INTO localized_character_string (pt_free_text_id, pt_locale_id, free_text) VALUES ('2b5e1bcb-1adc-467c-a43d-0424d773cae6', 'c0d76ff3-a711-42af-920d-09132a287015', 'Wand_VerputzAeltererPutz');
INSERT INTO localized_character_string (pt_free_text_id, pt_locale_id, free_text) VALUES ('7dc24ebc-086d-489c-a4ca-a330e8beb688', 'c0d76ff3-a711-42af-920d-09132a287015', 'Wand_VerputzDekoration');
INSERT INTO localized_character_string (pt_free_text_id, pt_locale_id, free_text) VALUES ('6df9f238-a971-4868-9cd4-57ad427bd262', 'c0d76ff3-a711-42af-920d-09132a287015', 'Wand_VerputzErhaltung');
INSERT INTO localized_character_string (pt_free_text_id, pt_locale_id, free_text) VALUES ('94d30f25-077b-47ab-8cb6-866839592ce9', 'c0d76ff3-a711-42af-920d-09132a287015', 'Wand_MauerErhaltungOberflaeche');
INSERT INTO localized_character_string (pt_free_text_id, pt_locale_id, free_text) VALUES ('9b509f3a-aceb-4bdd-90bb-b3e55613b2da', 'c0d76ff3-a711-42af-920d-09132a287015', 'Wand_MauerErhaltungFugen');
INSERT INTO localized_character_string (pt_free_text_id, pt_locale_id, free_text) VALUES ('629c3e7b-d592-492d-92b3-8ba66cac9403', 'c0d76ff3-a711-42af-920d-09132a287015', 'Abhub_Nummer');
INSERT INTO localized_character_string (pt_free_text_id, pt_locale_id, free_text) VALUES ('e6bec961-2e67-4714-b0c4-babab9b52731', 'c0d76ff3-a711-42af-920d-09132a287015', 'Abhub_Beschreibung');
INSERT INTO localized_character_string (pt_free_text_id, pt_locale_id, free_text) VALUES ('ba2bddfd-e837-4b7c-94e9-8707fd321d2d', 'c0d76ff3-a711-42af-920d-09132a287015', 'Abhub_Kurzbeschreibung');
INSERT INTO localized_character_string (pt_free_text_id, pt_locale_id, free_text) VALUES ('f037b14c-883d-45ac-8aad-554e19ab857c', 'c0d76ff3-a711-42af-920d-09132a287015', 'Abhub_Stärke');
INSERT INTO localized_character_string (pt_free_text_id, pt_locale_id, free_text) VALUES ('88a74003-35a4-4d0c-ae0e-d133f7bb9441', 'c0d76ff3-a711-42af-920d-09132a287015', 'Planum_Nummer');
INSERT INTO localized_character_string (pt_free_text_id, pt_locale_id, free_text) VALUES ('7998ea81-3d09-40c5-8151-14c0c2d5e5c1', 'c0d76ff3-a711-42af-920d-09132a287015', 'Planum_Kurzbeschreibung');
INSERT INTO localized_character_string (pt_free_text_id, pt_locale_id, free_text) VALUES ('55d357d9-68da-4274-84bb-0f222426e30f', 'c0d76ff3-a711-42af-920d-09132a287015', 'Planum_Datum');
INSERT INTO localized_character_string (pt_free_text_id, pt_locale_id, free_text) VALUES ('2c1a48b1-1bd9-4ee2-8a95-5bf4666f47ff', 'c0d76ff3-a711-42af-920d-09132a287015', 'Planum_Horizontallage');
INSERT INTO localized_character_string (pt_free_text_id, pt_locale_id, free_text) VALUES ('37f8156b-7c50-49fe-b68e-1bdf50f2a267', 'c0d76ff3-a711-42af-920d-09132a287015', 'Planum_Flaechenform');
INSERT INTO localized_character_string (pt_free_text_id, pt_locale_id, free_text) VALUES ('1b8d6c6f-97f4-433e-b1f1-1898651ba3d4', 'c0d76ff3-a711-42af-920d-09132a287015', 'Planum_RelativeTiefe');
INSERT INTO localized_character_string (pt_free_text_id, pt_locale_id, free_text) VALUES ('8cd7ec8f-18c0-4c0a-96dd-ae78b434f86e', 'c0d76ff3-a711-42af-920d-09132a287015', 'Planum_RelativeTiefeBezugspunkt');
INSERT INTO localized_character_string (pt_free_text_id, pt_locale_id, free_text) VALUES ('2741fe6c-c9f1-4a91-8df1-949d681a1528', 'c0d76ff3-a711-42af-920d-09132a287015', 'Profil_Nummer');
INSERT INTO localized_character_string (pt_free_text_id, pt_locale_id, free_text) VALUES ('aa4b99e7-4f57-43e0-9167-64e398f2a850', 'c0d76ff3-a711-42af-920d-09132a287015', 'Profil_Datum');
INSERT INTO localized_character_string (pt_free_text_id, pt_locale_id, free_text) VALUES ('1b05a8e3-3e37-4934-8884-7ba0324014cf', 'c0d76ff3-a711-42af-920d-09132a287015', 'Profil_Kurzbeschreibung');
INSERT INTO localized_character_string (pt_free_text_id, pt_locale_id, free_text) VALUES ('312bdf0c-c9f6-4bf0-8511-150590d492b2', 'c0d76ff3-a711-42af-920d-09132a287015', 'Profil_Verlauf');
INSERT INTO localized_character_string (pt_free_text_id, pt_locale_id, free_text) VALUES ('6b693f13-5ac3-43f4-8f66-e0c74efcac6d', 'c0d76ff3-a711-42af-920d-09132a287015', 'Profil_Vertikallage');
INSERT INTO localized_character_string (pt_free_text_id, pt_locale_id, free_text) VALUES ('1f492ab2-18b0-4fe0-88b3-8422e489a274', 'c0d76ff3-a711-42af-920d-09132a287015', 'Profil_Hoehe');
INSERT INTO localized_character_string (pt_free_text_id, pt_locale_id, free_text) VALUES ('b7abcb41-bce3-49bf-b0c7-4b997256a619', 'c0d76ff3-a711-42af-920d-09132a287015', 'Profil_HoeheOK');
INSERT INTO localized_character_string (pt_free_text_id, pt_locale_id, free_text) VALUES ('e6a18898-7679-4210-a962-52eca03a2b09', 'c0d76ff3-a711-42af-920d-09132a287015', 'Profil_HoeheUK');
INSERT INTO localized_character_string (pt_free_text_id, pt_locale_id, free_text) VALUES ('35bfbfba-59ab-44de-8db8-0429fcc00859', 'c0d76ff3-a711-42af-920d-09132a287015', 'Profil_Orientierung');
INSERT INTO localized_character_string (pt_free_text_id, pt_locale_id, free_text) VALUES ('3b54b145-d4b0-4cbf-8da5-a5097a384a7d', 'c0d76ff3-a711-42af-920d-09132a287015', 'Bohrung_Nummer');
INSERT INTO localized_character_string (pt_free_text_id, pt_locale_id, free_text) VALUES ('96b5dc09-0e35-437c-8453-bb0a38a22bd1', 'c0d76ff3-a711-42af-920d-09132a287015', 'BohrkernSchicht_Kurzbeschreibung');
INSERT INTO localized_character_string (pt_free_text_id, pt_locale_id, free_text) VALUES ('3406e293-5edc-42d5-81b1-434ceb403182', 'c0d76ff3-a711-42af-920d-09132a287015', 'BohrkernSchicht_Oberkante');
INSERT INTO localized_character_string (pt_free_text_id, pt_locale_id, free_text) VALUES ('fbb92e14-7393-40e2-a6b9-5b4107afe078', 'c0d76ff3-a711-42af-920d-09132a287015', 'BohrkernSchicht_Unterkante');
INSERT INTO localized_character_string (pt_free_text_id, pt_locale_id, free_text) VALUES ('ef7ac0b4-92ae-4e72-b9e8-06532aea274a', 'c0d76ff3-a711-42af-920d-09132a287015', 'BohrkernSchicht_Staerke');
INSERT INTO localized_character_string (pt_free_text_id, pt_locale_id, free_text) VALUES ('5000f90b-6aeb-4d64-9c0d-b8adc289ea02', 'c0d76ff3-a711-42af-920d-09132a287015', 'BohrkernSchicht_Bodenart');
INSERT INTO localized_character_string (pt_free_text_id, pt_locale_id, free_text) VALUES ('3662d0a9-33a2-4b5f-9c7d-de1a486b3e47', 'c0d76ff3-a711-42af-920d-09132a287015', 'BohrkernSchicht_Farbe');
INSERT INTO localized_character_string (pt_free_text_id, pt_locale_id, free_text) VALUES ('b4de1de9-5dfc-4a02-83c0-ec015020944c', 'c0d76ff3-a711-42af-920d-09132a287015', 'BohrkernSchicht_Fundmaterial');
INSERT INTO localized_character_string (pt_free_text_id, pt_locale_id, free_text) VALUES ('53bba697-b068-4ecd-9f99-6436a0ee3556', 'c0d76ff3-a711-42af-920d-09132a287015', 'Bohrung_Leitung');
INSERT INTO localized_character_string (pt_free_text_id, pt_locale_id, free_text) VALUES ('96c4a5aa-cfd7-4677-b991-74f953f6b35f', 'c0d76ff3-a711-42af-920d-09132a287015', 'Bohrung_Datum');
INSERT INTO localized_character_string (pt_free_text_id, pt_locale_id, free_text) VALUES ('d2867ad7-621d-41de-a521-2a9ea538109e', 'c0d76ff3-a711-42af-920d-09132a287015', 'Bohrung_OrtModern');
INSERT INTO localized_character_string (pt_free_text_id, pt_locale_id, free_text) VALUES ('6b0598a1-89ca-4fba-af92-29382b4651e2', 'c0d76ff3-a711-42af-920d-09132a287015', 'Bohrung_Kurzbeschreibung');
INSERT INTO localized_character_string (pt_free_text_id, pt_locale_id, free_text) VALUES ('b1d75d61-c158-4a88-a369-b2094341d105', 'c0d76ff3-a711-42af-920d-09132a287015', 'Bohrung_Durchmesser');
INSERT INTO localized_character_string (pt_free_text_id, pt_locale_id, free_text) VALUES ('436697fd-7ea3-44e7-801d-c181c937c2a0', 'c0d76ff3-a711-42af-920d-09132a287015', 'Bohrung_Gesamttiefe');
INSERT INTO localized_character_string (pt_free_text_id, pt_locale_id, free_text) VALUES ('6d0fbf8e-5b08-4e3b-95b5-d0469408c9de', 'bd0fcf55-547a-44da-b7c7-915e6e4ec40e', 'm ü.NN');
INSERT INTO localized_character_string (pt_free_text_id, pt_locale_id, free_text) VALUES ('4712b446-761f-4f05-a2a3-70c4b9498290', 'c0d76ff3-a711-42af-920d-09132a287015', 'Bohrung_NiveauOben');
INSERT INTO localized_character_string (pt_free_text_id, pt_locale_id, free_text) VALUES ('c86163e2-efe1-4347-8758-7b50fef8a1ee', 'c0d76ff3-a711-42af-920d-09132a287015', 'Bohrung_NiveauUnten');
INSERT INTO localized_character_string (pt_free_text_id, pt_locale_id, free_text) VALUES ('5bdeb327-c198-4b1c-8a93-a03e971a616e', 'c0d76ff3-a711-42af-920d-09132a287015', 'Kampagne');
INSERT INTO localized_character_string (pt_free_text_id, pt_locale_id, free_text) VALUES ('113fb388-8df1-4397-876e-dcc1bc9dc7a9', 'c0d76ff3-a711-42af-920d-09132a287015', 'Bauwerk_Bautechnik');
INSERT INTO localized_character_string (pt_free_text_id, pt_locale_id, free_text) VALUES ('fccee49e-e45e-42d1-8175-e570cb9ce78b', 'c0d76ff3-a711-42af-920d-09132a287015', 'Bauwerk_Kontext');
INSERT INTO localized_character_string (pt_free_text_id, pt_locale_id, free_text) VALUES ('cf42eb69-e0be-4865-9679-a236ba3a67e1', 'c0d76ff3-a711-42af-920d-09132a287015', 'Bauwerk_BautypSpeziell');
INSERT INTO localized_character_string (pt_free_text_id, pt_locale_id, free_text) VALUES ('31089a15-5e6b-4191-ab2e-edcd2646d3f5', 'c0d76ff3-a711-42af-920d-09132a287015', 'Bauwerk_Bautyp');

--

INSERT INTO value_list_values (id, name, description, visibility, belongs_to_value_list) VALUES ('bdb6f170-1259-11e4-9191-0800200c9a66', 'af925670-1259-11e4-9191-0800200c9a66', NULL, true, 'd145bf95-f6ea-4405-832b-55da75e825e5');
INSERT INTO value_list_values (id, name, description, visibility, belongs_to_value_list) VALUES ('d7987640-1259-11e4-9191-0800200c9a66', 'c641ae20-1259-11e4-9191-0800200c9a66', NULL, true, 'd145bf95-f6ea-4405-832b-55da75e825e5');
INSERT INTO value_list_values (id, name, description, visibility, belongs_to_value_list) VALUES ('f0319c90-1259-11e4-9191-0800200c9a66', 'dff740f0-1259-11e4-9191-0800200c9a66', NULL, true, 'd145bf95-f6ea-4405-832b-55da75e825e5');
INSERT INTO value_list_values (id, name, description, visibility, belongs_to_value_list) VALUES ('02245690-125a-11e4-9191-0800200c9a66', 'f7db6f20-1259-11e4-9191-0800200c9a66', NULL, true, 'd145bf95-f6ea-4405-832b-55da75e825e5');
INSERT INTO value_list_values (id, name, description, visibility, belongs_to_value_list) VALUES ('131f4310-125a-11e4-9191-0800200c9a66', '08088450-125a-11e4-9191-0800200c9a66', NULL, true, 'd145bf95-f6ea-4405-832b-55da75e825e5');
INSERT INTO value_list_values (id, name, description, visibility, belongs_to_value_list) VALUES ('27eb5bd0-125a-11e4-9191-0800200c9a66', '1bd70330-125a-11e4-9191-0800200c9a66', NULL, true, 'd145bf95-f6ea-4405-832b-55da75e825e5');
INSERT INTO value_list_values (id, name, description, visibility, belongs_to_value_list) VALUES ('58b6d050-125a-11e4-9191-0800200c9a66', '4eadd810-125a-11e4-9191-0800200c9a66', NULL, true, 'd145bf95-f6ea-4405-832b-55da75e825e5');
INSERT INTO value_list_values (id, name, description, visibility, belongs_to_value_list) VALUES ('6dd48b80-125a-11e4-9191-0800200c9a66', '62f4e250-125a-11e4-9191-0800200c9a66', NULL, true, 'd145bf95-f6ea-4405-832b-55da75e825e5');
INSERT INTO value_list_values (id, name, description, visibility, belongs_to_value_list) VALUES ('7e10bbe0-125a-11e4-9191-0800200c9a66', '7477c380-125a-11e4-9191-0800200c9a66', NULL, true, 'd145bf95-f6ea-4405-832b-55da75e825e5');
INSERT INTO value_list_values (id, name, description, visibility, belongs_to_value_list) VALUES ('8fb0e910-125a-11e4-9191-0800200c9a66', '85b8b9b0-125a-11e4-9191-0800200c9a66', NULL, true, 'd145bf95-f6ea-4405-832b-55da75e825e5');
INSERT INTO value_list_values (id, name, description, visibility, belongs_to_value_list) VALUES ('a3412670-125a-11e4-9191-0800200c9a66', '9734bd10-125a-11e4-9191-0800200c9a66', NULL, true, 'd145bf95-f6ea-4405-832b-55da75e825e5');
INSERT INTO value_list_values (id, name, description, visibility, belongs_to_value_list) VALUES ('cbdb4588-81c3-46c0-a870-2591cdacbdcd', '2789d8b5-02da-4f83-bb11-473cacd210bc', NULL, true, 'd145bf95-f6ea-4405-832b-55da75e825e5');
INSERT INTO value_list_values (id, name, description, visibility, belongs_to_value_list) VALUES ('09b8ee98-7f8d-4578-9e47-c34ed5fa5b1b', '585c7aec-6a78-4c86-9160-e7d8a51d313a', NULL, true, 'd145bf95-f6ea-4405-832b-55da75e825e5');
INSERT INTO value_list_values (id, name, description, visibility, belongs_to_value_list) VALUES ('c5678550-125a-11e4-9191-0800200c9a66', 'b1d991e0-125a-11e4-9191-0800200c9a66', NULL, true, 'd145bf95-f6ea-4405-832b-55da75e825e5');
INSERT INTO value_list_values (id, name, description, visibility, belongs_to_value_list) VALUES ('d835d240-125a-11e4-9191-0800200c9a66', 'cd4d4f70-125a-11e4-9191-0800200c9a66', NULL, true, 'd145bf95-f6ea-4405-832b-55da75e825e5');
INSERT INTO value_list_values (id, name, description, visibility, belongs_to_value_list) VALUES ('edce14a0-125a-11e4-9191-0800200c9a66', 'de53fbc0-125a-11e4-9191-0800200c9a66', NULL, true, 'd145bf95-f6ea-4405-832b-55da75e825e5');
INSERT INTO value_list_values (id, name, description, visibility, belongs_to_value_list) VALUES ('070acdf0-125b-11e4-9191-0800200c9a66', 'fb9d3ca0-125a-11e4-9191-0800200c9a66', NULL, true, 'd145bf95-f6ea-4405-832b-55da75e825e5');
INSERT INTO value_list_values (id, name, description, visibility, belongs_to_value_list) VALUES ('1a62bd40-125b-11e4-9191-0800200c9a66', '0d05b800-125b-11e4-9191-0800200c9a66', NULL, true, 'd145bf95-f6ea-4405-832b-55da75e825e5');
INSERT INTO value_list_values (id, name, description, visibility, belongs_to_value_list) VALUES ('324d5410-125b-11e4-9191-0800200c9a66', '26392280-125b-11e4-9191-0800200c9a66', NULL, true, 'd145bf95-f6ea-4405-832b-55da75e825e5');
INSERT INTO value_list_values (id, name, description, visibility, belongs_to_value_list) VALUES ('451bef20-125b-11e4-9191-0800200c9a66', '38d5d820-125b-11e4-9191-0800200c9a66', NULL, true, 'd145bf95-f6ea-4405-832b-55da75e825e5');
INSERT INTO value_list_values (id, name, description, visibility, belongs_to_value_list) VALUES ('6e3af900-125b-11e4-9191-0800200c9a66', '6374cb40-125b-11e4-9191-0800200c9a66', NULL, true, 'd145bf95-f6ea-4405-832b-55da75e825e5');
INSERT INTO value_list_values (id, name, description, visibility, belongs_to_value_list) VALUES ('db88d485-29ac-419c-b99a-7cfc97f287cd', '01dd13b2-13be-4fdc-8cce-a1dfdc46eb83', NULL, true, 'd145bf95-f6ea-4405-832b-55da75e825e5');
INSERT INTO value_list_values (id, name, description, visibility, belongs_to_value_list) VALUES ('5203b791-de2d-4415-b7d2-2334513243ef', 'd5bab61a-6d46-4204-8af8-3eabf712f03e', NULL, true, 'd145bf95-f6ea-4405-832b-55da75e825e5');
INSERT INTO value_list_values (id, name, description, visibility, belongs_to_value_list) VALUES ('275cd753-c955-4434-8b07-ba1fae78f70a', '08d21e8e-a5c8-44b5-8449-209648548bac', NULL, true, 'd145bf95-f6ea-4405-832b-55da75e825e5');
INSERT INTO value_list_values (id, name, description, visibility, belongs_to_value_list) VALUES ('e413d52f-07d7-4a67-aa5d-4fb9959934be', '823e7081-8dfa-4f27-991e-b38b88810a4a', NULL, true, 'd145bf95-f6ea-4405-832b-55da75e825e5');
INSERT INTO value_list_values (id, name, description, visibility, belongs_to_value_list) VALUES ('497e2fcb-a967-4246-9fc4-e89a8d385655', 'd95ac087-3adf-4c1d-b905-34395f1530e1', NULL, true, 'd145bf95-f6ea-4405-832b-55da75e825e5');
INSERT INTO value_list_values (id, name, description, visibility, belongs_to_value_list) VALUES ('ee736aaf-c705-4dea-80c5-5aefe47d94ae', '1b679f18-9d9d-4293-b300-ecf1fc5012c0', NULL, true, 'd145bf95-f6ea-4405-832b-55da75e825e5');
INSERT INTO value_list_values (id, name, description, visibility, belongs_to_value_list) VALUES ('c8e8e68b-d242-434e-8c70-29419674782b', '740fe41e-8abb-410f-be4c-e5e8d5fe5773', NULL, true, 'd145bf95-f6ea-4405-832b-55da75e825e5');
INSERT INTO value_list_values (id, name, description, visibility, belongs_to_value_list) VALUES ('3809f86e-55e6-4832-8b4b-f777998102ee', 'c7623aa7-e556-42b2-8f32-36d400eeaa6b', NULL, true, 'd145bf95-f6ea-4405-832b-55da75e825e5');
INSERT INTO value_list_values (id, name, description, visibility, belongs_to_value_list) VALUES ('1beb5a6b-d2af-43b0-a12d-c3bc940fbb17', '4e7f8912-9093-4d86-8d1a-509f4718818e', NULL, true, 'd145bf95-f6ea-4405-832b-55da75e825e5');
INSERT INTO value_list_values (id, name, description, visibility, belongs_to_value_list) VALUES ('55540a41-1bd6-4f6c-ba8d-bae53a92ebe7', '90a74e93-8667-48b6-886b-ad1eab293eae', NULL, true, 'd145bf95-f6ea-4405-832b-55da75e825e5');
INSERT INTO value_list_values (id, name, description, visibility, belongs_to_value_list) VALUES ('520af3af-2fe6-4739-ad60-b795d35a4f88', '53f82210-67bc-4978-88ad-7bbaff27edba', NULL, true, 'd145bf95-f6ea-4405-832b-55da75e825e5');
INSERT INTO value_list_values (id, name, description, visibility, belongs_to_value_list) VALUES ('591e5432-7d62-45b8-93a4-3ab98cd9c8de', '764cc408-71c7-4125-b924-383d097c42be', NULL, true, 'd145bf95-f6ea-4405-832b-55da75e825e5');
INSERT INTO value_list_values (id, name, description, visibility, belongs_to_value_list) VALUES ('52d474e1-061d-4694-9515-389a8ea3beac', '43335b3a-4f7f-4741-9f30-d901f2367cdb', NULL, true, 'd145bf95-f6ea-4405-832b-55da75e825e5');

--

INSERT INTO attribute_type (id, name, description, data_type, unit, domain) VALUES ('a8c80bc2-6659-4d32-a931-972f3f9642b5', 'ee4e2c19-eb2c-49e0-a513-3f87b705dde3', NULL, '7ea709cf-d31d-4c40-bc7a-4e700ae3cb69', NULL, NULL);
INSERT INTO attribute_type (id, name, description, data_type, unit, domain) VALUES ('91e807b7-34e1-4982-bf5f-ed196a9bd2d7', '3c2c35a2-0849-4602-bd22-8724106a94bc', NULL, '1453be24-2b0c-4b40-a648-ecccf0f382a3', NULL, NULL);
INSERT INTO attribute_type (id, name, description, data_type, unit, domain) VALUES ('69b54426-9696-4656-b7fc-73da825f7620', 'afc6e4f2-eb24-4c40-8a9a-4adb9109c0f9', NULL, '7ea709cf-d31d-4c40-bc7a-4e700ae3cb69', NULL, NULL);
INSERT INTO attribute_type (id, name, description, data_type, unit, domain) VALUES ('8c1acb8a-93f9-4d7a-8c6b-2b51cdf1c647', 'db68ea91-572f-4a90-a141-cea59e40db8a', NULL, '1453be24-2b0c-4b40-a648-ecccf0f382a3', NULL, NULL);
INSERT INTO attribute_type (id, name, description, data_type, unit, domain) VALUES ('2883bdcd-1f55-4f4f-8d8d-c1d6c7bc2d1c', '389a794a-c632-4bae-8e0a-18ad69c7795f', NULL, 'c10ddb22-babd-437d-a04a-f44f068ff62b', NULL, NULL);
INSERT INTO attribute_type (id, name, description, data_type, unit, domain) VALUES ('0d7945eb-e3d1-46db-8368-68a3b8803db8', '2cd79f11-cfef-4fac-a706-50ddce75a5a8', NULL, '7ea709cf-d31d-4c40-bc7a-4e700ae3cb69', NULL, NULL);
INSERT INTO attribute_type (id, name, description, data_type, unit, domain) VALUES ('d4af0e7c-757e-47d1-874c-f42e6f36a23a', 'f71b2c0b-72e9-4075-a6ff-1af0f2164016', NULL, '7ea709cf-d31d-4c40-bc7a-4e700ae3cb69', NULL, NULL);
INSERT INTO attribute_type (id, name, description, data_type, unit, domain) VALUES ('fc50f3f4-b16d-4af0-8d96-8452a2a4c486', '13fcd3e7-d904-42ff-9717-68ddfebd0418', NULL, '7ea709cf-d31d-4c40-bc7a-4e700ae3cb69', NULL, NULL);
INSERT INTO attribute_type (id, name, description, data_type, unit, domain) VALUES ('08ada8aa-74de-4214-adfa-0877bb3f8486', '2ed9f107-425b-4c63-8d7c-974320cac766', NULL, '7ea709cf-d31d-4c40-bc7a-4e700ae3cb69', NULL, NULL);
INSERT INTO attribute_type (id, name, description, data_type, unit, domain) VALUES ('7a378ffb-38a7-48c4-8dab-f161f58fa3da', '5152fce4-392c-4f98-b375-0aa81ee0527b', NULL, '7ea709cf-d31d-4c40-bc7a-4e700ae3cb69', NULL, NULL);
INSERT INTO attribute_type (id, name, description, data_type, unit, domain) VALUES ('0c9836b3-b0ac-4a72-a3c6-707a4beb02dd', '225dedb4-d0e3-416e-8585-918f5be85b37', NULL, '7ea709cf-d31d-4c40-bc7a-4e700ae3cb69', NULL, NULL);
INSERT INTO attribute_type (id, name, description, data_type, unit, domain) VALUES ('368c0204-d0f1-4862-a0c4-f5253d5e1eaa', 'b7d61a4b-6bf7-42ba-b1e4-8af5b63c0ac6', NULL, '7ea709cf-d31d-4c40-bc7a-4e700ae3cb69', NULL, NULL);
INSERT INTO attribute_type (id, name, description, data_type, unit, domain) VALUES ('e0e8ab7a-58ad-4fa0-b3e1-1654e32145a3', 'd12605e4-aac7-47aa-bb0b-cf300a79e5ad', NULL, '7ea709cf-d31d-4c40-bc7a-4e700ae3cb69', NULL, NULL);
INSERT INTO attribute_type (id, name, description, data_type, unit, domain) VALUES ('997b632b-8a7f-47fe-83c5-072808cb260f', '96820c78-547e-47b0-9be1-6a9faca2bdfa', NULL, '7ea709cf-d31d-4c40-bc7a-4e700ae3cb69', NULL, NULL);
INSERT INTO attribute_type (id, name, description, data_type, unit, domain) VALUES ('72041520-e51d-401f-977e-608273a2339e', '3ceb050a-098e-4c3b-881d-c810288ca293', NULL, '7ea709cf-d31d-4c40-bc7a-4e700ae3cb69', NULL, NULL);
INSERT INTO attribute_type (id, name, description, data_type, unit, domain) VALUES ('8f8c9b0b-3a84-499b-9657-89e1bd47f7ce', '2e357c18-3d15-4d1c-aa85-d382f300dedc', NULL, '7ea709cf-d31d-4c40-bc7a-4e700ae3cb69', NULL, NULL);
INSERT INTO attribute_type (id, name, description, data_type, unit, domain) VALUES ('0213c1bd-e3c9-48c5-92a1-241f5b1f67c6', '45f37eeb-df31-4606-b658-ed433495422d', NULL, '7ea709cf-d31d-4c40-bc7a-4e700ae3cb69', NULL, NULL);
INSERT INTO attribute_type (id, name, description, data_type, unit, domain) VALUES ('5a2cbbee-a2c0-43c4-873f-c76fadfb9f29', '2a18a278-eb7b-46fd-92c3-bcbb52e98ce0', NULL, '7ea709cf-d31d-4c40-bc7a-4e700ae3cb69', NULL, NULL);
INSERT INTO attribute_type (id, name, description, data_type, unit, domain) VALUES ('7129abc4-3ed0-4e1d-844e-3e984d21e43e', 'd8197ebf-9cce-451a-9bd7-c2fb8ae26070', NULL, '7ea709cf-d31d-4c40-bc7a-4e700ae3cb69', NULL, NULL);
INSERT INTO attribute_type (id, name, description, data_type, unit, domain) VALUES ('a7fbcdad-ca80-4032-9156-a35b6ef9b95a', '80413d33-08cc-4ecf-9c06-e1bff8a758d2', NULL, '7ea709cf-d31d-4c40-bc7a-4e700ae3cb69', NULL, NULL);
INSERT INTO attribute_type (id, name, description, data_type, unit, domain) VALUES ('0f31a70e-dcc3-4aeb-85f3-910f04f2f551', '4cd2fea0-d796-4e9d-876e-e3f06875c434', NULL, 'f5a22fd3-1b19-408c-8b6a-94f5d090d89f', NULL, NULL);
INSERT INTO attribute_type (id, name, description, data_type, unit, domain) VALUES ('8bd9d36c-b055-4d68-a990-7622ef21e073', '9f11ce64-676f-4233-ae4b-330d7c066f64', NULL, 'f5a22fd3-1b19-408c-8b6a-94f5d090d89f', NULL, NULL);
INSERT INTO attribute_type (id, name, description, data_type, unit, domain) VALUES ('68c5a831-c44f-4bcc-8b40-0ec568e40aa4', '765b56be-3298-4541-af71-cf72634cc08f', NULL, 'f5a22fd3-1b19-408c-8b6a-94f5d090d89f', NULL, NULL);
INSERT INTO attribute_type (id, name, description, data_type, unit, domain) VALUES ('204ff974-debe-4dff-8237-804529d0d0a2', '39a5de04-c088-42fd-92df-3d92241b1582', NULL, 'f5a22fd3-1b19-408c-8b6a-94f5d090d89f', NULL, NULL);
INSERT INTO attribute_type (id, name, description, data_type, unit, domain) VALUES ('3357774a-f0a9-48f3-a4a8-26bf02b3cb45', '12a98f53-5841-4433-9245-af838c91fb75', NULL, '7ea709cf-d31d-4c40-bc7a-4e700ae3cb69', NULL, NULL);
INSERT INTO attribute_type (id, name, description, data_type, unit, domain) VALUES ('204b4eb9-836a-400c-9bba-1e59c4fa82d2', 'a918c5eb-dae8-499d-8ee5-9108bab718f4', NULL, 'c10ddb22-babd-437d-a04a-f44f068ff62b', NULL, NULL);
INSERT INTO attribute_type (id, name, description, data_type, unit, domain) VALUES ('d604eed6-e07c-4d3c-bfdb-a09a31df0ccc', 'a13292d7-e740-4b4b-8399-0c1c9633dd18', NULL, 'c10ddb22-babd-437d-a04a-f44f068ff62b', NULL, NULL);
INSERT INTO attribute_type (id, name, description, data_type, unit, domain) VALUES ('ccd14f94-3c3d-44c6-9747-793a0b5bbf5e', '67648f2c-a6b3-415c-a812-e72a120bf2e6', NULL, '7ea709cf-d31d-4c40-bc7a-4e700ae3cb69', NULL, NULL);
INSERT INTO attribute_type (id, name, description, data_type, unit, domain) VALUES ('009ab454-4b84-40fe-b45e-a9ea4ab9b418', 'fedc3325-df3e-4c45-9c13-95708dbf2ff8', NULL, '7ea709cf-d31d-4c40-bc7a-4e700ae3cb69', NULL, NULL);
INSERT INTO attribute_type (id, name, description, data_type, unit, domain) VALUES ('1d61ee86-d553-4cd4-b05a-ebc485de2a84', '586ee5eb-ea24-424c-9886-a5b11c55d7ae', NULL, 'f5a22fd3-1b19-408c-8b6a-94f5d090d89f', NULL, NULL);
INSERT INTO attribute_type (id, name, description, data_type, unit, domain) VALUES ('3fc1a828-3fe1-4329-956c-176073220bfe', '16142026-c1bc-4774-bead-ee8842717021', NULL, 'f5a22fd3-1b19-408c-8b6a-94f5d090d89f', NULL, NULL);
INSERT INTO attribute_type (id, name, description, data_type, unit, domain) VALUES ('53ec3080-0514-45c6-9912-7e9bf7950cfc', '156d1613-4080-4eb1-8ce8-d790f6deb47c', NULL, '7ea709cf-d31d-4c40-bc7a-4e700ae3cb69', NULL, NULL);
INSERT INTO attribute_type (id, name, description, data_type, unit, domain) VALUES ('84b42fdb-fbe5-48f2-ba93-fbefdd297873', '31bfed38-e023-4e8d-8a76-a3604bc6e1f1', NULL, '7ea709cf-d31d-4c40-bc7a-4e700ae3cb69', NULL, NULL);
INSERT INTO attribute_type (id, name, description, data_type, unit, domain) VALUES ('e5df658c-f312-4935-a33c-6f49e88cfe9a', 'a84b574e-8e62-4b4d-8d6e-e619c89dfd74', NULL, '7ea709cf-d31d-4c40-bc7a-4e700ae3cb69', NULL, NULL);
INSERT INTO attribute_type (id, name, description, data_type, unit, domain) VALUES ('c5e006e5-5a0a-48fa-ad91-0d116bf3e217', '0397b6cf-daf5-48c7-95af-c0266cfce17c', NULL, '7ea709cf-d31d-4c40-bc7a-4e700ae3cb69', NULL, NULL);
INSERT INTO attribute_type (id, name, description, data_type, unit, domain) VALUES ('1a2edd14-2192-4a01-bda1-54bcbc742c7a', '107a680d-e9ae-421e-887d-a754cac369bc', NULL, '7ea709cf-d31d-4c40-bc7a-4e700ae3cb69', NULL, NULL);
INSERT INTO attribute_type (id, name, description, data_type, unit, domain) VALUES ('2e5a5c0e-1f3d-4cf3-ae5a-cea06e2602b0', '3fbe389c-2c29-45bf-b648-e1b30183f592', NULL, '7ea709cf-d31d-4c40-bc7a-4e700ae3cb69', NULL, NULL);
INSERT INTO attribute_type (id, name, description, data_type, unit, domain) VALUES ('a6b20bcc-556b-413f-8faa-bde3271f696a', 'd5afb543-89ad-4420-a7a9-e4b8d11a8cba', NULL, '7ea709cf-d31d-4c40-bc7a-4e700ae3cb69', NULL, NULL);
INSERT INTO attribute_type (id, name, description, data_type, unit, domain) VALUES ('2b64820a-2e6c-4652-bb12-ff56d53636c8', '2b5e1bcb-1adc-467c-a43d-0424d773cae6', NULL, '7ea709cf-d31d-4c40-bc7a-4e700ae3cb69', NULL, NULL);
INSERT INTO attribute_type (id, name, description, data_type, unit, domain) VALUES ('749f1e3e-a9b5-4d38-b60e-cfdb4516ddb5', '7dc24ebc-086d-489c-a4ca-a330e8beb688', NULL, '7ea709cf-d31d-4c40-bc7a-4e700ae3cb69', NULL, NULL);
INSERT INTO attribute_type (id, name, description, data_type, unit, domain) VALUES ('5ec538a9-8266-4a73-bbb7-583d04c2b45c', '6df9f238-a971-4868-9cd4-57ad427bd262', NULL, '7ea709cf-d31d-4c40-bc7a-4e700ae3cb69', NULL, NULL);
INSERT INTO attribute_type (id, name, description, data_type, unit, domain) VALUES ('aa9cb46a-9201-46c6-be21-3e63e5f848cd', '94d30f25-077b-47ab-8cb6-866839592ce9', NULL, '7ea709cf-d31d-4c40-bc7a-4e700ae3cb69', NULL, NULL);
INSERT INTO attribute_type (id, name, description, data_type, unit, domain) VALUES ('28950d49-2ce2-48fd-a011-fe0f0d008dbf', '9b509f3a-aceb-4bdd-90bb-b3e55613b2da', NULL, '7ea709cf-d31d-4c40-bc7a-4e700ae3cb69', NULL, NULL);
INSERT INTO attribute_type (id, name, description, data_type, unit, domain) VALUES ('d6a88bc5-9335-4bff-8be4-93e01281af37', '629c3e7b-d592-492d-92b3-8ba66cac9403', NULL, 'c10ddb22-babd-437d-a04a-f44f068ff62b', NULL, NULL);
INSERT INTO attribute_type (id, name, description, data_type, unit, domain) VALUES ('6f8d9576-e1d9-43ac-9d52-940c90a5813c', 'e6bec961-2e67-4714-b0c4-babab9b52731', NULL, '7ea709cf-d31d-4c40-bc7a-4e700ae3cb69', NULL, NULL);
INSERT INTO attribute_type (id, name, description, data_type, unit, domain) VALUES ('66e7849d-4950-47d5-9144-9bc2b51283d4', 'ba2bddfd-e837-4b7c-94e9-8707fd321d2d', NULL, '7ea709cf-d31d-4c40-bc7a-4e700ae3cb69', NULL, NULL);
INSERT INTO attribute_type (id, name, description, data_type, unit, domain) VALUES ('58cfba8d-6619-4870-9b69-04a5273e23a1', 'f037b14c-883d-45ac-8aad-554e19ab857c', NULL, 'c10ddb22-babd-437d-a04a-f44f068ff62b', NULL, NULL);
INSERT INTO attribute_type (id, name, description, data_type, unit, domain) VALUES ('3689fbd3-f3ef-44f5-ad43-9b01a343cac5', '88a74003-35a4-4d0c-ae0e-d133f7bb9441', NULL, 'c10ddb22-babd-437d-a04a-f44f068ff62b', NULL, NULL);
INSERT INTO attribute_type (id, name, description, data_type, unit, domain) VALUES ('49c7e244-8d1e-4ce2-b9a9-c533eb7acf51', '7998ea81-3d09-40c5-8151-14c0c2d5e5c1', NULL, '7ea709cf-d31d-4c40-bc7a-4e700ae3cb69', NULL, NULL);
INSERT INTO attribute_type (id, name, description, data_type, unit, domain) VALUES ('ccbae929-83bd-44b1-8f79-2b57b11c6b5e', '55d357d9-68da-4274-84bb-0f222426e30f', NULL, '1453be24-2b0c-4b40-a648-ecccf0f382a3', NULL, NULL);
INSERT INTO attribute_type (id, name, description, data_type, unit, domain) VALUES ('fe5bce12-2f07-4cbd-8d6d-ddf674953831', '9f6c1189-53aa-4424-b6e8-ae0186c44811', NULL, '7ea709cf-d31d-4c40-bc7a-4e700ae3cb69', NULL, NULL);
INSERT INTO attribute_type (id, name, description, data_type, unit, domain) VALUES ('23068153-cdd3-4f55-af24-f321146bc9f3', '2c1a48b1-1bd9-4ee2-8a95-5bf4666f47ff', NULL, '7ea709cf-d31d-4c40-bc7a-4e700ae3cb69', NULL, NULL);
INSERT INTO attribute_type (id, name, description, data_type, unit, domain) VALUES ('0e3f1dca-bece-4c09-8216-1518a0a52cf0', '37f8156b-7c50-49fe-b68e-1bdf50f2a267', NULL, '7ea709cf-d31d-4c40-bc7a-4e700ae3cb69', NULL, NULL);
INSERT INTO attribute_type (id, name, description, data_type, unit, domain) VALUES ('1a4fe2d1-e398-4b39-b719-b80513e8e5c2', '1b8d6c6f-97f4-433e-b1f1-1898651ba3d4', NULL, 'f5a22fd3-1b19-408c-8b6a-94f5d090d89f', NULL, NULL);
INSERT INTO attribute_type (id, name, description, data_type, unit, domain) VALUES ('13d25341-1b42-4a81-a22d-35bbe220107b', '8cd7ec8f-18c0-4c0a-96dd-ae78b434f86e', NULL, '7ea709cf-d31d-4c40-bc7a-4e700ae3cb69', NULL, NULL);
INSERT INTO attribute_type (id, name, description, data_type, unit, domain) VALUES ('8ba2963d-5cc6-4c02-8452-8d52ca3eba1a', '2741fe6c-c9f1-4a91-8df1-949d681a1528', NULL, 'c10ddb22-babd-437d-a04a-f44f068ff62b', NULL, NULL);
INSERT INTO attribute_type (id, name, description, data_type, unit, domain) VALUES ('828ce7c7-ff2f-49a4-8de0-8d16271bd797', 'aa4b99e7-4f57-43e0-9167-64e398f2a850', NULL, '1453be24-2b0c-4b40-a648-ecccf0f382a3', NULL, NULL);
INSERT INTO attribute_type (id, name, description, data_type, unit, domain) VALUES ('caaccd83-0e7c-482c-a2cb-56efc7d52ebe', '1b05a8e3-3e37-4934-8884-7ba0324014cf', NULL, '7ea709cf-d31d-4c40-bc7a-4e700ae3cb69', NULL, NULL);
INSERT INTO attribute_type (id, name, description, data_type, unit, domain) VALUES ('e550c558-b3b7-4bde-b5b5-d7c2fb0e5b9c', '2955614e-1b8d-4486-a77b-fed927b0f215', NULL, '7ea709cf-d31d-4c40-bc7a-4e700ae3cb69', NULL, NULL);
INSERT INTO attribute_type (id, name, description, data_type, unit, domain) VALUES ('afba6253-d225-4b76-81f3-5b0a49485695', '312bdf0c-c9f6-4bf0-8511-150590d492b2', NULL, '7ea709cf-d31d-4c40-bc7a-4e700ae3cb69', NULL, NULL);
INSERT INTO attribute_type (id, name, description, data_type, unit, domain) VALUES ('a4106752-1e45-488e-bd6c-ac9e61032453', '6b693f13-5ac3-43f4-8f66-e0c74efcac6d', NULL, '7ea709cf-d31d-4c40-bc7a-4e700ae3cb69', NULL, NULL);
INSERT INTO attribute_type (id, name, description, data_type, unit, domain) VALUES ('a58d0ef7-39eb-492a-81ac-dd655f729147', '1f492ab2-18b0-4fe0-88b3-8422e489a274', NULL, 'f5a22fd3-1b19-408c-8b6a-94f5d090d89f', NULL, NULL);
INSERT INTO attribute_type (id, name, description, data_type, unit, domain) VALUES ('713c483c-223a-429d-9990-a39b34a2b241', 'b7abcb41-bce3-49bf-b0c7-4b997256a619', NULL, 'f5a22fd3-1b19-408c-8b6a-94f5d090d89f', NULL, NULL);
INSERT INTO attribute_type (id, name, description, data_type, unit, domain) VALUES ('812b908f-efaf-40df-9239-3539e1cb1079', 'e6a18898-7679-4210-a962-52eca03a2b09', NULL, 'f5a22fd3-1b19-408c-8b6a-94f5d090d89f', NULL, NULL);
INSERT INTO attribute_type (id, name, description, data_type, unit, domain) VALUES ('e727e12d-2109-4a04-a01b-ce8ede8f7ccb', '35bfbfba-59ab-44de-8db8-0429fcc00859', NULL, '7ea709cf-d31d-4c40-bc7a-4e700ae3cb69', NULL, NULL);
INSERT INTO attribute_type (id, name, description, data_type, unit, domain) VALUES ('d0a22942-992f-4812-8675-646f8fcc6be8', '3b54b145-d4b0-4cbf-8da5-a5097a384a7d', NULL, 'c10ddb22-babd-437d-a04a-f44f068ff62b', NULL, NULL);
INSERT INTO attribute_type (id, name, description, data_type, unit, domain) VALUES ('52268974-6134-427a-a1cb-686cc38bc4d9', '96b5dc09-0e35-437c-8453-bb0a38a22bd1', NULL, '7ea709cf-d31d-4c40-bc7a-4e700ae3cb69', NULL, NULL);
INSERT INTO attribute_type (id, name, description, data_type, unit, domain) VALUES ('b74df4c5-53f3-43cf-8fb6-34d56824ea53', '3406e293-5edc-42d5-81b1-434ceb403182', NULL, 'f5a22fd3-1b19-408c-8b6a-94f5d090d89f', NULL, NULL);
INSERT INTO attribute_type (id, name, description, data_type, unit, domain) VALUES ('7ad3c805-e27e-48ad-b115-531e224c58a9', 'fbb92e14-7393-40e2-a6b9-5b4107afe078', NULL, 'f5a22fd3-1b19-408c-8b6a-94f5d090d89f', NULL, NULL);
INSERT INTO attribute_type (id, name, description, data_type, unit, domain) VALUES ('7bf51c1f-86da-4df7-9875-6c878dd12e64', 'ef7ac0b4-92ae-4e72-b9e8-06532aea274a', NULL, 'f5a22fd3-1b19-408c-8b6a-94f5d090d89f', NULL, NULL);
INSERT INTO attribute_type (id, name, description, data_type, unit, domain) VALUES ('5051430f-bef9-4940-bbda-05c8f1237c5f', '95fdf75e-a975-4408-af6b-4b8624c3489f', NULL, '7ea709cf-d31d-4c40-bc7a-4e700ae3cb69', NULL, NULL);
INSERT INTO attribute_type (id, name, description, data_type, unit, domain) VALUES ('97042ed4-eff7-4841-839c-53368929e7c4', '5000f90b-6aeb-4d64-9c0d-b8adc289ea02', NULL, '7ea709cf-d31d-4c40-bc7a-4e700ae3cb69', NULL, NULL);
INSERT INTO attribute_type (id, name, description, data_type, unit, domain) VALUES ('fe1b4626-4b65-4f0c-8d11-e9b7f830672c', '3662d0a9-33a2-4b5f-9c7d-de1a486b3e47', NULL, '7ea709cf-d31d-4c40-bc7a-4e700ae3cb69', NULL, NULL);
INSERT INTO attribute_type (id, name, description, data_type, unit, domain) VALUES ('407ee9e7-ff9f-48d5-bb8e-e5c72dfd70d5', 'b4de1de9-5dfc-4a02-83c0-ec015020944c', NULL, '7ea709cf-d31d-4c40-bc7a-4e700ae3cb69', NULL, NULL);
INSERT INTO attribute_type (id, name, description, data_type, unit, domain) VALUES ('ddc90370-07e0-4581-81ce-688386c218e6', '53bba697-b068-4ecd-9f99-6436a0ee3556', NULL, '7ea709cf-d31d-4c40-bc7a-4e700ae3cb69', NULL, NULL);
INSERT INTO attribute_type (id, name, description, data_type, unit, domain) VALUES ('d1b10c3f-5b54-48e6-b6a5-b688006f0fca', '96c4a5aa-cfd7-4677-b991-74f953f6b35f', NULL, '1453be24-2b0c-4b40-a648-ecccf0f382a3', NULL, NULL);
INSERT INTO attribute_type (id, name, description, data_type, unit, domain) VALUES ('b32dad4d-783a-46b9-808c-36c38a142837', 'd2867ad7-621d-41de-a521-2a9ea538109e', NULL, '7ea709cf-d31d-4c40-bc7a-4e700ae3cb69', NULL, NULL);
INSERT INTO attribute_type (id, name, description, data_type, unit, domain) VALUES ('8a36b1f0-be9b-4047-bbf7-e6f7dfec6da9', '6b0598a1-89ca-4fba-af92-29382b4651e2', NULL, '7ea709cf-d31d-4c40-bc7a-4e700ae3cb69', NULL, NULL);
INSERT INTO attribute_type (id, name, description, data_type, unit, domain) VALUES ('b69ecab8-e391-4155-a186-4c3304ef155c', 'b1d75d61-c158-4a88-a369-b2094341d105', NULL, 'f5a22fd3-1b19-408c-8b6a-94f5d090d89f', NULL, NULL);
INSERT INTO attribute_type (id, name, description, data_type, unit, domain) VALUES ('a77dc332-3265-4bdf-90e6-1da542a5ba44', '436697fd-7ea3-44e7-801d-c181c937c2a0', NULL, 'f5a22fd3-1b19-408c-8b6a-94f5d090d89f', NULL, NULL);
INSERT INTO attribute_type (id, name, description, data_type, unit, domain) VALUES ('82fb31fe-8b67-4a81-9421-82339d20c1c4', '4712b446-761f-4f05-a2a3-70c4b9498290', NULL, 'f5a22fd3-1b19-408c-8b6a-94f5d090d89f', NULL, NULL);
INSERT INTO attribute_type (id, name, description, data_type, unit, domain) VALUES ('e9659fc1-4c96-44ce-b7cf-f6855eee6c25', 'c86163e2-efe1-4347-8758-7b50fef8a1ee', NULL, 'f5a22fd3-1b19-408c-8b6a-94f5d090d89f', NULL, NULL);
INSERT INTO attribute_type (id, name, description, data_type, unit, domain) VALUES ('f5fafb4a-4645-4b4c-8161-807064aa3ae4', '5bdeb327-c198-4b1c-8a93-a03e971a616e', NULL, 'c10ddb22-babd-437d-a04a-f44f068ff62b', NULL, NULL);
INSERT INTO attribute_type (id, name, description, data_type, unit, domain) VALUES ('c094bb59-7b5b-42b4-a97a-de1b995dee80', '113fb388-8df1-4397-876e-dcc1bc9dc7a9', NULL, '7ea709cf-d31d-4c40-bc7a-4e700ae3cb69', NULL, NULL);
INSERT INTO attribute_type (id, name, description, data_type, unit, domain) VALUES ('4fadfa81-5e98-44d2-a4a3-9eeae4b6d580','fccee49e-e45e-42d1-8175-e570cb9ce78b', NULL, '7ea709cf-d31d-4c40-bc7a-4e700ae3cb69', NULL, NULL);
INSERT INTO attribute_type (id, name, description, data_type, unit, domain) VALUES ('08a8bf77-d82e-49c6-8c5f-77738a991afd','cf42eb69-e0be-4865-9679-a236ba3a67e1', NULL, '7ea709cf-d31d-4c40-bc7a-4e700ae3cb69', NULL, NULL);
INSERT INTO attribute_type (id, name, description, data_type, unit, domain) VALUES ('589dcd84-a9a0-4700-b152-7d1edd32498d','31089a15-5e6b-4191-ab2e-edcd2646d3f5', NULL, '7ea709cf-d31d-4c40-bc7a-4e700ae3cb69', NULL, NULL);

--

INSERT INTO attribute_type_group (id, name, description, subgroup_of) VALUES ('2981a5cb-6b7c-4cda-b2eb-46bf46694ca2', '5902234e-88d0-4073-9817-1d3d68be5c7c', NULL, NULL);
INSERT INTO attribute_type_group (id, name, description, subgroup_of) VALUES ('16b4e6c9-d12e-45a5-b54f-a7c703056b02', '263f7e96-1902-4178-8ce8-3106f12e99e1', NULL, NULL);
INSERT INTO attribute_type_group (id, name, description, subgroup_of) VALUES ('e0fa961e-b407-4bca-97e8-dbf166d424dc', '9c31d2ba-d096-43bf-ab16-8d8763da53d8', NULL, NULL);
INSERT INTO attribute_type_group (id, name, description, subgroup_of) VALUES ('f88e9dad-e9ac-4558-bc0d-b9f10a83a87a', 'a4166f8e-8c34-416c-9baf-619b111547cd', NULL, NULL);
INSERT INTO attribute_type_group (id, name, description, subgroup_of) VALUES ('e20bd0d6-7ae6-4e24-becb-485d2c21090e', 'bbce24e9-37c1-4f94-ae4e-ab9d602d2fa3', NULL, NULL);
INSERT INTO attribute_type_group (id, name, description, subgroup_of) VALUES ('40e81f06-f314-473a-82d5-70f8d8d6f0e4', 'd8197ebf-9cce-451a-9bd7-c2fb8ae26070', NULL, NULL);
INSERT INTO attribute_type_group (id, name, description, subgroup_of) VALUES ('2b9b38d8-eed8-4ccc-a187-b8e8570cda63', '7e464505-444d-432c-8f81-4de70bcf7578', NULL, NULL);
INSERT INTO attribute_type_group (id, name, description, subgroup_of) VALUES ('d73f1c03-77e4-4c4e-9ee1-c46fdab01956', '577fcdb0-5d03-4201-bb90-72f9c459f0ee', NULL, NULL);
INSERT INTO attribute_type_group (id, name, description, subgroup_of) VALUES ('5cf553af-f4aa-440f-acd0-16be6716c57d', '463243c7-8477-4667-b541-db7ae175b21a', NULL, NULL);
INSERT INTO attribute_type_group (id, name, description, subgroup_of) VALUES ('91104f9b-9bb4-43c8-9654-ab0e4ce2a436', '402f107b-7557-4667-804b-53a86e24ab7d', NULL, NULL);
INSERT INTO attribute_type_group (id, name, description, subgroup_of) VALUES ('2547f52c-5086-46b3-964f-0032e905bcc0', '47c857b2-7bb7-4d36-8758-cd44a94984fe', NULL, NULL);
INSERT INTO attribute_type_group (id, name, description, subgroup_of) VALUES ('7b5d94b7-49f5-4721-b204-064b3c4a9c3d', '9d2f9955-1906-490a-a6dd-ffe147649422', NULL, NULL);
INSERT INTO attribute_type_group (id, name, description, subgroup_of) VALUES ('882ff78f-39aa-478f-85ae-54ce462a3f74', '66776783-2c6f-44b1-8910-f15058236698', NULL, NULL);
INSERT INTO attribute_type_group (id, name, description, subgroup_of) VALUES ('effad859-338d-480e-a16c-baa9e0e72bda', 'b54371f7-5313-4f61-a483-9456ca83bc2b', NULL, NULL);
INSERT INTO attribute_type_group (id, name, description, subgroup_of) VALUES ('a353cc66-f69b-4c0e-8bb9-d21ca534af10', 'fbde4c3b-8c83-4283-8480-a39c726a31b1', NULL, NULL);
INSERT INTO attribute_type_group (id, name, description, subgroup_of) VALUES ('fa0de815-313d-444d-8b2b-7b82d838912b', '9f6c1189-53aa-4424-b6e8-ae0186c44811', NULL, NULL);
INSERT INTO attribute_type_group (id, name, description, subgroup_of) VALUES ('0d89a318-a2c9-4486-b4c2-38047cab7e82', '6ae17f8b-e6d8-43a6-96dc-698c6b7591bf', NULL, NULL);
INSERT INTO attribute_type_group (id, name, description, subgroup_of) VALUES ('f7a07463-7a32-4bd9-a1ff-eb9b368573ac', '2955614e-1b8d-4486-a77b-fed927b0f215', NULL, NULL);
INSERT INTO attribute_type_group (id, name, description, subgroup_of) VALUES ('aa3e56ce-f129-49c3-abac-ee5b08ef42dd', 'a27f7fdc-f7d5-11e4-a322-1697f925ec7b', NULL, NULL);
INSERT INTO attribute_type_group (id, name, description, subgroup_of) VALUES ('f9975933-6b96-4dfb-9c52-a939f7d812fe', '4d352c69-6e20-486e-adae-87da7cf07272', NULL, NULL);
INSERT INTO attribute_type_group (id, name, description, subgroup_of) VALUES ('d08299f3-231f-47a4-819f-1700dada805d', '95fdf75e-a975-4408-af6b-4b8624c3489f', NULL, NULL);
INSERT INTO attribute_type_group (id, name, description, subgroup_of) VALUES ('8fcc5dcb-2fb6-4fb1-a51d-de06577dac24', 'c7ec35f3-456d-4d77-9b98-4e2f71f56248', NULL, NULL);
INSERT INTO attribute_type_group (id, name, description, subgroup_of) VALUES ('af181819-ca3a-4dd3-b929-1e06d229b95d', '003dff63-65a0-494f-a52b-2e6e7df3b526', NULL, NULL);
INSERT INTO attribute_type_group (id, name, description, subgroup_of) VALUES ('95b9cdf6-6262-40ba-be0a-09ae41d46911', '6d0fbf8e-5b08-4e3b-95b5-d0469408c9de', NULL, NULL);

--

INSERT INTO multiplicity (id, min_value, max_value) VALUES ('7e764492-4a75-48f9-a98e-484b0355c6d8', 0, NULL);

--

INSERT INTO topic_characteristic (id, description, topic) VALUES ('404bc61c-5629-463e-9612-7320c3750f1f', '9197f354-381f-45aa-8616-51d6834593fb', '520af3af-2fe6-4739-ad60-b795d35a4f88');
INSERT INTO topic_characteristic (id, description, topic) VALUES ('b8bc4a79-69b6-445c-874c-f978dea5c641', '28fd745d-9082-46fc-8adb-1206b90b0592', '591e5432-7d62-45b8-93a4-3ab98cd9c8de');
INSERT INTO topic_characteristic (id, description, topic) VALUES ('4a7eaa6d-31ae-4869-bc36-c4eea089b4e4', 'b5831587-aecf-4b24-a865-e90bcf43b28a', '52d474e1-061d-4694-9515-389a8ea3beac');
INSERT INTO topic_characteristic (id, description, topic) VALUES ('1173b284-5059-4f6a-b56f-4f92b1d629a3', '472303e2-472a-49f2-9cee-514808e8b24c', 'c8e8e68b-d242-434e-8c70-29419674782b');
INSERT INTO topic_characteristic (id, description, topic) VALUES ('24124df3-d1c1-4613-85c6-43086c24603f', 'e60bb9ef-3027-4123-bb40-7c359e52811d', '6e3af900-125b-11e4-9191-0800200c9a66');
INSERT INTO topic_characteristic (id, description, topic) VALUES ('47c5e9aa-3115-4e0d-98fc-271e5cb32338', '9a62a123-4914-46de-9601-8b0b8edab53f', 'e413d52f-07d7-4a67-aa5d-4fb9959934be');
INSERT INTO topic_characteristic (id, description, topic) VALUES ('0b1e15c7-6d27-481c-9080-962c11d9cba8', '9d5186e2-3f85-433b-9d18-d944ab6e37ea', '497e2fcb-a967-4246-9fc4-e89a8d385655');
INSERT INTO topic_characteristic (id, description, topic) VALUES ('49f61547-49af-479e-80c0-a8ea40dfb60e', 'a2462bc4-cd8e-4b9a-98a9-f38df9639d12', 'ee736aaf-c705-4dea-80c5-5aefe47d94ae');

--

INSERT INTO attribute_type_group_to_topic_characteristic (id, attribute_type_group_id, topic_characteristic_id, multiplicity, "order") VALUES ('06086bea-bbaa-485b-8eef-255a5625eb86', 'a353cc66-f69b-4c0e-8bb9-d21ca534af10', '0b1e15c7-6d27-481c-9080-962c11d9cba8', '7e764492-4a75-48f9-a98e-484b0355c6d8', NULL);
INSERT INTO attribute_type_group_to_topic_characteristic (id, attribute_type_group_id, topic_characteristic_id, multiplicity, "order") VALUES ('6a90886c-9df0-4591-9399-41971567ec08', 'fa0de815-313d-444d-8b2b-7b82d838912b', '0b1e15c7-6d27-481c-9080-962c11d9cba8', '7e764492-4a75-48f9-a98e-484b0355c6d8', NULL);
INSERT INTO attribute_type_group_to_topic_characteristic (id, attribute_type_group_id, topic_characteristic_id, multiplicity, "order") VALUES ('dc679370-8935-4ff8-9fbe-e30a4f2ca399', '0d89a318-a2c9-4486-b4c2-38047cab7e82', '49f61547-49af-479e-80c0-a8ea40dfb60e', '7e764492-4a75-48f9-a98e-484b0355c6d8', NULL);
INSERT INTO attribute_type_group_to_topic_characteristic (id, attribute_type_group_id, topic_characteristic_id, multiplicity, "order") VALUES ('489760e6-5cb7-420c-96da-df23e78c5fdc', 'f7a07463-7a32-4bd9-a1ff-eb9b368573ac', '49f61547-49af-479e-80c0-a8ea40dfb60e', '7e764492-4a75-48f9-a98e-484b0355c6d8', NULL);
INSERT INTO attribute_type_group_to_topic_characteristic (id, attribute_type_group_id, topic_characteristic_id, multiplicity, "order") VALUES ('1ae4d757-3647-49af-84c3-04326ca0edae', 'aa3e56ce-f129-49c3-abac-ee5b08ef42dd', '49f61547-49af-479e-80c0-a8ea40dfb60e', '7e764492-4a75-48f9-a98e-484b0355c6d8', NULL);
INSERT INTO attribute_type_group_to_topic_characteristic (id, attribute_type_group_id, topic_characteristic_id, multiplicity, "order") VALUES ('10700121-1c6f-472a-98d7-453be6afac67', 'f9975933-6b96-4dfb-9c52-a939f7d812fe', '24124df3-d1c1-4613-85c6-43086c24603f', '7e764492-4a75-48f9-a98e-484b0355c6d8', NULL);
INSERT INTO attribute_type_group_to_topic_characteristic (id, attribute_type_group_id, topic_characteristic_id, multiplicity, "order") VALUES ('e045be68-8675-4309-8510-aa2d3cde91f0', 'af181819-ca3a-4dd3-b929-1e06d229b95d', '24124df3-d1c1-4613-85c6-43086c24603f', '7e764492-4a75-48f9-a98e-484b0355c6d8', NULL);
INSERT INTO attribute_type_group_to_topic_characteristic (id, attribute_type_group_id, topic_characteristic_id, multiplicity, "order") VALUES ('c30fa093-a7d5-431e-8c7d-3639faa4b5ca', 'd08299f3-231f-47a4-819f-1700dada805d', '47c5e9aa-3115-4e0d-98fc-271e5cb32338', '7e764492-4a75-48f9-a98e-484b0355c6d8', NULL);
INSERT INTO attribute_type_group_to_topic_characteristic (id, attribute_type_group_id, topic_characteristic_id, multiplicity, "order") VALUES ('566afa12-e485-41a9-b27c-2209e3d14ff7', '8fcc5dcb-2fb6-4fb1-a51d-de06577dac24', '47c5e9aa-3115-4e0d-98fc-271e5cb32338', '7e764492-4a75-48f9-a98e-484b0355c6d8', NULL);
INSERT INTO attribute_type_group_to_topic_characteristic (id, attribute_type_group_id, topic_characteristic_id, multiplicity, "order") VALUES ('b705eb73-8201-438c-a572-8038b0a12d6e', '2b9b38d8-eed8-4ccc-a187-b8e8570cda63', 'b8bc4a79-69b6-445c-874c-f978dea5c641', '7e764492-4a75-48f9-a98e-484b0355c6d8', NULL);
INSERT INTO attribute_type_group_to_topic_characteristic (id, attribute_type_group_id, topic_characteristic_id, multiplicity, "order") VALUES ('1fb835da-31e4-44ea-833b-51d82aa113ef', 'd73f1c03-77e4-4c4e-9ee1-c46fdab01956', 'b8bc4a79-69b6-445c-874c-f978dea5c641', '7e764492-4a75-48f9-a98e-484b0355c6d8', NULL);
INSERT INTO attribute_type_group_to_topic_characteristic (id, attribute_type_group_id, topic_characteristic_id, multiplicity, "order") VALUES ('b057dd4f-daff-4230-808e-28e88cf54e3b', '2981a5cb-6b7c-4cda-b2eb-46bf46694ca2', '4a7eaa6d-31ae-4869-bc36-c4eea089b4e4', '7e764492-4a75-48f9-a98e-484b0355c6d8', NULL);
INSERT INTO attribute_type_group_to_topic_characteristic (id, attribute_type_group_id, topic_characteristic_id, multiplicity, "order") VALUES ('aaa9837c-2b8d-41b0-82b2-5ae645d31590', '5cf553af-f4aa-440f-acd0-16be6716c57d', '4a7eaa6d-31ae-4869-bc36-c4eea089b4e4', '7e764492-4a75-48f9-a98e-484b0355c6d8', NULL);
INSERT INTO attribute_type_group_to_topic_characteristic (id, attribute_type_group_id, topic_characteristic_id, multiplicity, "order") VALUES ('10a1e237-00a4-4b9f-b7d8-fee4cb0e8237', '91104f9b-9bb4-43c8-9654-ab0e4ce2a436', '4a7eaa6d-31ae-4869-bc36-c4eea089b4e4', '7e764492-4a75-48f9-a98e-484b0355c6d8', NULL);
INSERT INTO attribute_type_group_to_topic_characteristic (id, attribute_type_group_id, topic_characteristic_id, multiplicity, "order") VALUES ('89ad6dfa-8702-4b5a-b6d7-f3c0b5eea067', '2547f52c-5086-46b3-964f-0032e905bcc0', '4a7eaa6d-31ae-4869-bc36-c4eea089b4e4', '7e764492-4a75-48f9-a98e-484b0355c6d8', NULL);
INSERT INTO attribute_type_group_to_topic_characteristic (id, attribute_type_group_id, topic_characteristic_id, multiplicity, "order") VALUES ('ce266294-ac7a-4aa1-998a-56cdcbf23d3e', '7b5d94b7-49f5-4721-b204-064b3c4a9c3d', '4a7eaa6d-31ae-4869-bc36-c4eea089b4e4', '7e764492-4a75-48f9-a98e-484b0355c6d8', NULL);
INSERT INTO attribute_type_group_to_topic_characteristic (id, attribute_type_group_id, topic_characteristic_id, multiplicity, "order") VALUES ('ecb411cc-be17-4fb7-bf37-1be2192f4890', 'effad859-338d-480e-a16c-baa9e0e72bda', '4a7eaa6d-31ae-4869-bc36-c4eea089b4e4', '7e764492-4a75-48f9-a98e-484b0355c6d8', NULL);
INSERT INTO attribute_type_group_to_topic_characteristic (id, attribute_type_group_id, topic_characteristic_id, multiplicity, "order") VALUES ('58771a5b-9c7e-4718-85bf-58579497490d', '2981a5cb-6b7c-4cda-b2eb-46bf46694ca2', '1173b284-5059-4f6a-b56f-4f92b1d629a3', '7e764492-4a75-48f9-a98e-484b0355c6d8', NULL);
INSERT INTO attribute_type_group_to_topic_characteristic (id, attribute_type_group_id, topic_characteristic_id, multiplicity, "order") VALUES ('943a000b-5eb9-40d4-9567-3488756abcb2', '2981a5cb-6b7c-4cda-b2eb-46bf46694ca2', '0b1e15c7-6d27-481c-9080-962c11d9cba8', '7e764492-4a75-48f9-a98e-484b0355c6d8', NULL);
INSERT INTO attribute_type_group_to_topic_characteristic (id, attribute_type_group_id, topic_characteristic_id, multiplicity, "order") VALUES ('30c2388a-033e-4387-8d5a-07d2bfd58cc1', '2981a5cb-6b7c-4cda-b2eb-46bf46694ca2', '49f61547-49af-479e-80c0-a8ea40dfb60e', '7e764492-4a75-48f9-a98e-484b0355c6d8', NULL);
INSERT INTO attribute_type_group_to_topic_characteristic (id, attribute_type_group_id, topic_characteristic_id, multiplicity, "order") VALUES ('f639aff4-bf5c-4308-8a0a-d4a700730001', '2981a5cb-6b7c-4cda-b2eb-46bf46694ca2', '24124df3-d1c1-4613-85c6-43086c24603f', '7e764492-4a75-48f9-a98e-484b0355c6d8', NULL);
INSERT INTO attribute_type_group_to_topic_characteristic (id, attribute_type_group_id, topic_characteristic_id, multiplicity, "order") VALUES ('4c28570d-e8a7-4362-8e27-0b10e5cbbbdb', '2981a5cb-6b7c-4cda-b2eb-46bf46694ca2', '47c5e9aa-3115-4e0d-98fc-271e5cb32338', '7e764492-4a75-48f9-a98e-484b0355c6d8', NULL);
INSERT INTO attribute_type_group_to_topic_characteristic (id, attribute_type_group_id, topic_characteristic_id, multiplicity, "order") VALUES ('ab15ff01-0187-485d-a29d-116aa85504ec', '2981a5cb-6b7c-4cda-b2eb-46bf46694ca2', '404bc61c-5629-463e-9612-7320c3750f1f', '7e764492-4a75-48f9-a98e-484b0355c6d8', NULL);
INSERT INTO attribute_type_group_to_topic_characteristic (id, attribute_type_group_id, topic_characteristic_id, multiplicity, "order") VALUES ('a19d8962-2c2b-498b-969d-922065ef6568', '16b4e6c9-d12e-45a5-b54f-a7c703056b02', '404bc61c-5629-463e-9612-7320c3750f1f', '7e764492-4a75-48f9-a98e-484b0355c6d8', NULL);
INSERT INTO attribute_type_group_to_topic_characteristic (id, attribute_type_group_id, topic_characteristic_id, multiplicity, "order") VALUES ('7dc0aa5f-eb77-4166-9779-121f89d1d7d2', 'e0fa961e-b407-4bca-97e8-dbf166d424dc', '404bc61c-5629-463e-9612-7320c3750f1f', '7e764492-4a75-48f9-a98e-484b0355c6d8', NULL);
INSERT INTO attribute_type_group_to_topic_characteristic (id, attribute_type_group_id, topic_characteristic_id, multiplicity, "order") VALUES ('c1d4972b-ebaa-4872-9959-8b1f454f18da', 'f88e9dad-e9ac-4558-bc0d-b9f10a83a87a', '404bc61c-5629-463e-9612-7320c3750f1f', '7e764492-4a75-48f9-a98e-484b0355c6d8', NULL);
INSERT INTO attribute_type_group_to_topic_characteristic (id, attribute_type_group_id, topic_characteristic_id, multiplicity, "order") VALUES ('ecc5b2f5-e85b-4eb3-9a8d-9519a91257be', 'e20bd0d6-7ae6-4e24-becb-485d2c21090e', '404bc61c-5629-463e-9612-7320c3750f1f', '7e764492-4a75-48f9-a98e-484b0355c6d8', NULL);
INSERT INTO attribute_type_group_to_topic_characteristic (id, attribute_type_group_id, topic_characteristic_id, multiplicity, "order") VALUES ('93a07029-0df1-4765-9224-9f5674ae9a2a', '40e81f06-f314-473a-82d5-70f8d8d6f0e4', '404bc61c-5629-463e-9612-7320c3750f1f', '7e764492-4a75-48f9-a98e-484b0355c6d8', NULL);
INSERT INTO attribute_type_group_to_topic_characteristic (id, attribute_type_group_id, topic_characteristic_id, multiplicity, "order") VALUES ('bbdacdb1-3974-4dbb-9dfa-6fdb059fe6dd', '2981a5cb-6b7c-4cda-b2eb-46bf46694ca2', 'b8bc4a79-69b6-445c-874c-f978dea5c641', '7e764492-4a75-48f9-a98e-484b0355c6d8', NULL);
INSERT INTO attribute_type_group_to_topic_characteristic (id, attribute_type_group_id, topic_characteristic_id, multiplicity, "order") VALUES ('6f7a36a4-d1f8-459a-8cfb-17ed35617be8', '882ff78f-39aa-478f-85ae-54ce462a3f74', '1173b284-5059-4f6a-b56f-4f92b1d629a3', '7e764492-4a75-48f9-a98e-484b0355c6d8', NULL);

--

INSERT INTO attribute_type_to_attribute_type_group (id, attribute_type_id, attribute_type_group_id, attribute_type_group_to_topic_characteristic_id, multiplicity, default_value, "order") VALUES ('8378424c-8af0-4bca-83f0-1764ebbdd732', '2883bdcd-1f55-4f4f-8d8d-c1d6c7bc2d1c', '16b4e6c9-d12e-45a5-b54f-a7c703056b02', 'a19d8962-2c2b-498b-969d-922065ef6568', '7e764492-4a75-48f9-a98e-484b0355c6d8', NULL, NULL);
INSERT INTO attribute_type_to_attribute_type_group (id, attribute_type_id, attribute_type_group_id, attribute_type_group_to_topic_characteristic_id, multiplicity, default_value, "order") VALUES ('a2a82171-bd75-4839-9d91-0f814de271a6', '0d7945eb-e3d1-46db-8368-68a3b8803db8', '16b4e6c9-d12e-45a5-b54f-a7c703056b02', 'a19d8962-2c2b-498b-969d-922065ef6568', '7e764492-4a75-48f9-a98e-484b0355c6d8', NULL, NULL);
INSERT INTO attribute_type_to_attribute_type_group (id, attribute_type_id, attribute_type_group_id, attribute_type_group_to_topic_characteristic_id, multiplicity, default_value, "order") VALUES ('595a3b44-dbc2-44fb-9362-d017dd70d9b5', 'f5fafb4a-4645-4b4c-8161-807064aa3ae4', '16b4e6c9-d12e-45a5-b54f-a7c703056b02', 'a19d8962-2c2b-498b-969d-922065ef6568', '7e764492-4a75-48f9-a98e-484b0355c6d8', NULL, NULL);
INSERT INTO attribute_type_to_attribute_type_group (id, attribute_type_id, attribute_type_group_id, attribute_type_group_to_topic_characteristic_id, multiplicity, default_value, "order") VALUES ('7e847fe8-424b-4d4a-84d6-2f7440b26cf3', 'd4af0e7c-757e-47d1-874c-f42e6f36a23a', '16b4e6c9-d12e-45a5-b54f-a7c703056b02', 'a19d8962-2c2b-498b-969d-922065ef6568', '7e764492-4a75-48f9-a98e-484b0355c6d8', NULL, NULL);
INSERT INTO attribute_type_to_attribute_type_group (id, attribute_type_id, attribute_type_group_id, attribute_type_group_to_topic_characteristic_id, multiplicity, default_value, "order") VALUES ('030f2680-439d-4892-8711-1a42e5e2cd99', 'fc50f3f4-b16d-4af0-8d96-8452a2a4c486', 'e0fa961e-b407-4bca-97e8-dbf166d424dc', '7dc0aa5f-eb77-4166-9779-121f89d1d7d2', '7e764492-4a75-48f9-a98e-484b0355c6d8', NULL, NULL);
INSERT INTO attribute_type_to_attribute_type_group (id, attribute_type_id, attribute_type_group_id, attribute_type_group_to_topic_characteristic_id, multiplicity, default_value, "order") VALUES ('0a8e45b6-22d9-4447-83df-b56f37ac81b0', '08ada8aa-74de-4214-adfa-0877bb3f8486', 'e0fa961e-b407-4bca-97e8-dbf166d424dc', '7dc0aa5f-eb77-4166-9779-121f89d1d7d2', '7e764492-4a75-48f9-a98e-484b0355c6d8', NULL, NULL);
INSERT INTO attribute_type_to_attribute_type_group (id, attribute_type_id, attribute_type_group_id, attribute_type_group_to_topic_characteristic_id, multiplicity, default_value, "order") VALUES ('24b22810-4828-4135-a75a-32762038c188', '7a378ffb-38a7-48c4-8dab-f161f58fa3da', 'e0fa961e-b407-4bca-97e8-dbf166d424dc', '7dc0aa5f-eb77-4166-9779-121f89d1d7d2', '7e764492-4a75-48f9-a98e-484b0355c6d8', NULL, NULL);
INSERT INTO attribute_type_to_attribute_type_group (id, attribute_type_id, attribute_type_group_id, attribute_type_group_to_topic_characteristic_id, multiplicity, default_value, "order") VALUES ('2f8c1a2d-40b7-4165-af01-77e524b96261', '0c9836b3-b0ac-4a72-a3c6-707a4beb02dd', 'e0fa961e-b407-4bca-97e8-dbf166d424dc', '7dc0aa5f-eb77-4166-9779-121f89d1d7d2', '7e764492-4a75-48f9-a98e-484b0355c6d8', NULL, NULL);
INSERT INTO attribute_type_to_attribute_type_group (id, attribute_type_id, attribute_type_group_id, attribute_type_group_to_topic_characteristic_id, multiplicity, default_value, "order") VALUES ('a9f5e099-a98a-4822-be5d-b26136b074d7', '368c0204-d0f1-4862-a0c4-f5253d5e1eaa', 'e0fa961e-b407-4bca-97e8-dbf166d424dc', '7dc0aa5f-eb77-4166-9779-121f89d1d7d2', '7e764492-4a75-48f9-a98e-484b0355c6d8', NULL, NULL);
INSERT INTO attribute_type_to_attribute_type_group (id, attribute_type_id, attribute_type_group_id, attribute_type_group_to_topic_characteristic_id, multiplicity, default_value, "order") VALUES ('fee6e12f-8fdf-463d-bb06-5d683c4fb013', 'e0e8ab7a-58ad-4fa0-b3e1-1654e32145a3', 'e0fa961e-b407-4bca-97e8-dbf166d424dc', '7dc0aa5f-eb77-4166-9779-121f89d1d7d2', '7e764492-4a75-48f9-a98e-484b0355c6d8', NULL, NULL);
INSERT INTO attribute_type_to_attribute_type_group (id, attribute_type_id, attribute_type_group_id, attribute_type_group_to_topic_characteristic_id, multiplicity, default_value, "order") VALUES ('f660c9cb-be43-4eba-b73d-d618ec87934d', '997b632b-8a7f-47fe-83c5-072808cb260f', 'f88e9dad-e9ac-4558-bc0d-b9f10a83a87a', 'c1d4972b-ebaa-4872-9959-8b1f454f18da', '7e764492-4a75-48f9-a98e-484b0355c6d8', NULL, NULL);
INSERT INTO attribute_type_to_attribute_type_group (id, attribute_type_id, attribute_type_group_id, attribute_type_group_to_topic_characteristic_id, multiplicity, default_value, "order") VALUES ('959a240e-fca0-4788-8574-b69919f4d551', 'c094bb59-7b5b-42b4-a97a-de1b995dee80', 'f88e9dad-e9ac-4558-bc0d-b9f10a83a87a', 'c1d4972b-ebaa-4872-9959-8b1f454f18da', '7e764492-4a75-48f9-a98e-484b0355c6d8', NULL, NULL);
INSERT INTO attribute_type_to_attribute_type_group (id, attribute_type_id, attribute_type_group_id, attribute_type_group_to_topic_characteristic_id, multiplicity, default_value, "order") VALUES ('f8e88855-f87b-4a57-a517-075644ab3958', '4fadfa81-5e98-44d2-a4a3-9eeae4b6d580', 'f88e9dad-e9ac-4558-bc0d-b9f10a83a87a', 'c1d4972b-ebaa-4872-9959-8b1f454f18da', '7e764492-4a75-48f9-a98e-484b0355c6d8', NULL, NULL);
INSERT INTO attribute_type_to_attribute_type_group (id, attribute_type_id, attribute_type_group_id, attribute_type_group_to_topic_characteristic_id, multiplicity, default_value, "order") VALUES ('7645d1f9-6221-4f34-910b-783777b09609', '08a8bf77-d82e-49c6-8c5f-77738a991afd', 'f88e9dad-e9ac-4558-bc0d-b9f10a83a87a', 'c1d4972b-ebaa-4872-9959-8b1f454f18da', '7e764492-4a75-48f9-a98e-484b0355c6d8', NULL, NULL);
INSERT INTO attribute_type_to_attribute_type_group (id, attribute_type_id, attribute_type_group_id, attribute_type_group_to_topic_characteristic_id, multiplicity, default_value, "order") VALUES ('4cf0c1c5-ec34-4e39-b8bf-9a57cbc93cea', '589dcd84-a9a0-4700-b152-7d1edd32498d', 'f88e9dad-e9ac-4558-bc0d-b9f10a83a87a', 'c1d4972b-ebaa-4872-9959-8b1f454f18da', '7e764492-4a75-48f9-a98e-484b0355c6d8', NULL, NULL);
INSERT INTO attribute_type_to_attribute_type_group (id, attribute_type_id, attribute_type_group_id, attribute_type_group_to_topic_characteristic_id, multiplicity, default_value, "order") VALUES ('923c2b2c-341e-44dc-8999-260541ae67ac', 'a4106752-1e45-488e-bd6c-ac9e61032453', 'f7a07463-7a32-4bd9-a1ff-eb9b368573ac', '489760e6-5cb7-420c-96da-df23e78c5fdc', '7e764492-4a75-48f9-a98e-484b0355c6d8', NULL, NULL);
INSERT INTO attribute_type_to_attribute_type_group (id, attribute_type_id, attribute_type_group_id, attribute_type_group_to_topic_characteristic_id, multiplicity, default_value, "order") VALUES ('ed2b762a-c8ae-40cf-ac51-97dd40114ee9', 'a58d0ef7-39eb-492a-81ac-dd655f729147', 'aa3e56ce-f129-49c3-abac-ee5b08ef42dd', '1ae4d757-3647-49af-84c3-04326ca0edae', '7e764492-4a75-48f9-a98e-484b0355c6d8', NULL, NULL);
INSERT INTO attribute_type_to_attribute_type_group (id, attribute_type_id, attribute_type_group_id, attribute_type_group_to_topic_characteristic_id, multiplicity, default_value, "order") VALUES ('35e0ea5e-7304-48b4-a510-fe95c01572e1', '713c483c-223a-429d-9990-a39b34a2b241', 'aa3e56ce-f129-49c3-abac-ee5b08ef42dd', '1ae4d757-3647-49af-84c3-04326ca0edae', '7e764492-4a75-48f9-a98e-484b0355c6d8', NULL, NULL);
INSERT INTO attribute_type_to_attribute_type_group (id, attribute_type_id, attribute_type_group_id, attribute_type_group_to_topic_characteristic_id, multiplicity, default_value, "order") VALUES ('603ec615-dfd1-4990-b52c-28688f7c7665', '812b908f-efaf-40df-9239-3539e1cb1079', 'aa3e56ce-f129-49c3-abac-ee5b08ef42dd', '1ae4d757-3647-49af-84c3-04326ca0edae', '7e764492-4a75-48f9-a98e-484b0355c6d8', NULL, NULL);
INSERT INTO attribute_type_to_attribute_type_group (id, attribute_type_id, attribute_type_group_id, attribute_type_group_to_topic_characteristic_id, multiplicity, default_value, "order") VALUES ('44f8d1f5-eee1-45d7-a375-babba5eada5d', 'e727e12d-2109-4a04-a01b-ce8ede8f7ccb', 'aa3e56ce-f129-49c3-abac-ee5b08ef42dd', '1ae4d757-3647-49af-84c3-04326ca0edae', '7e764492-4a75-48f9-a98e-484b0355c6d8', NULL, NULL);
INSERT INTO attribute_type_to_attribute_type_group (id, attribute_type_id, attribute_type_group_id, attribute_type_group_to_topic_characteristic_id, multiplicity, default_value, "order") VALUES ('7f670fb0-81dd-44cd-873e-2858161a98f9', 'd0a22942-992f-4812-8675-646f8fcc6be8', '8fcc5dcb-2fb6-4fb1-a51d-de06577dac24', '566afa12-e485-41a9-b27c-2209e3d14ff7', '7e764492-4a75-48f9-a98e-484b0355c6d8', NULL, NULL);
INSERT INTO attribute_type_to_attribute_type_group (id, attribute_type_id, attribute_type_group_id, attribute_type_group_to_topic_characteristic_id, multiplicity, default_value, "order") VALUES ('8bf6bbb8-c76d-44d2-9c71-f8ab296c1d18', '52268974-6134-427a-a1cb-686cc38bc4d9', '8fcc5dcb-2fb6-4fb1-a51d-de06577dac24', '566afa12-e485-41a9-b27c-2209e3d14ff7', '7e764492-4a75-48f9-a98e-484b0355c6d8', NULL, NULL);
INSERT INTO attribute_type_to_attribute_type_group (id, attribute_type_id, attribute_type_group_id, attribute_type_group_to_topic_characteristic_id, multiplicity, default_value, "order") VALUES ('2ba2994a-861f-4b8d-a086-b81b81fcc419', 'b74df4c5-53f3-43cf-8fb6-34d56824ea53', '8fcc5dcb-2fb6-4fb1-a51d-de06577dac24', '566afa12-e485-41a9-b27c-2209e3d14ff7', '7e764492-4a75-48f9-a98e-484b0355c6d8', NULL, NULL);
INSERT INTO attribute_type_to_attribute_type_group (id, attribute_type_id, attribute_type_group_id, attribute_type_group_to_topic_characteristic_id, multiplicity, default_value, "order") VALUES ('46d13321-7626-4e45-9269-4e3383d72487', '7ad3c805-e27e-48ad-b115-531e224c58a9', '8fcc5dcb-2fb6-4fb1-a51d-de06577dac24', '566afa12-e485-41a9-b27c-2209e3d14ff7', '7e764492-4a75-48f9-a98e-484b0355c6d8', NULL, NULL);
INSERT INTO attribute_type_to_attribute_type_group (id, attribute_type_id, attribute_type_group_id, attribute_type_group_to_topic_characteristic_id, multiplicity, default_value, "order") VALUES ('685ad77d-e3b3-4589-8433-192a0514892d', '7bf51c1f-86da-4df7-9875-6c878dd12e64', '8fcc5dcb-2fb6-4fb1-a51d-de06577dac24', '566afa12-e485-41a9-b27c-2209e3d14ff7', '7e764492-4a75-48f9-a98e-484b0355c6d8', NULL, NULL);
INSERT INTO attribute_type_to_attribute_type_group (id, attribute_type_id, attribute_type_group_id, attribute_type_group_to_topic_characteristic_id, multiplicity, default_value, "order") VALUES ('8eee6465-4494-4b2b-b15a-86547113c7e3', '5051430f-bef9-4940-bbda-05c8f1237c5f', 'd08299f3-231f-47a4-819f-1700dada805d', 'c30fa093-a7d5-431e-8c7d-3639faa4b5ca', '7e764492-4a75-48f9-a98e-484b0355c6d8', NULL, NULL);
INSERT INTO attribute_type_to_attribute_type_group (id, attribute_type_id, attribute_type_group_id, attribute_type_group_to_topic_characteristic_id, multiplicity, default_value, "order") VALUES ('d542608e-6a6f-483d-b4d4-17552e1d938b', '97042ed4-eff7-4841-839c-53368929e7c4', 'd08299f3-231f-47a4-819f-1700dada805d', 'c30fa093-a7d5-431e-8c7d-3639faa4b5ca', '7e764492-4a75-48f9-a98e-484b0355c6d8', NULL, NULL);
INSERT INTO attribute_type_to_attribute_type_group (id, attribute_type_id, attribute_type_group_id, attribute_type_group_to_topic_characteristic_id, multiplicity, default_value, "order") VALUES ('34258c4a-0e0e-4a85-a4df-614b10bbca08', 'fe1b4626-4b65-4f0c-8d11-e9b7f830672c', 'd08299f3-231f-47a4-819f-1700dada805d', 'c30fa093-a7d5-431e-8c7d-3639faa4b5ca', '7e764492-4a75-48f9-a98e-484b0355c6d8', NULL, NULL);
INSERT INTO attribute_type_to_attribute_type_group (id, attribute_type_id, attribute_type_group_id, attribute_type_group_to_topic_characteristic_id, multiplicity, default_value, "order") VALUES ('d77d83f3-edd2-4d99-8ced-b14d24d0f486', '407ee9e7-ff9f-48d5-bb8e-e5c72dfd70d5', 'd08299f3-231f-47a4-819f-1700dada805d', 'c30fa093-a7d5-431e-8c7d-3639faa4b5ca', '7e764492-4a75-48f9-a98e-484b0355c6d8', NULL, NULL);
INSERT INTO attribute_type_to_attribute_type_group (id, attribute_type_id, attribute_type_group_id, attribute_type_group_to_topic_characteristic_id, multiplicity, default_value, "order") VALUES ('5058fac5-0021-492b-b9d4-41240bcc7e0c', 'd0a22942-992f-4812-8675-646f8fcc6be8', 'f9975933-6b96-4dfb-9c52-a939f7d812fe', '10700121-1c6f-472a-98d7-453be6afac67', '7e764492-4a75-48f9-a98e-484b0355c6d8', NULL, NULL);
INSERT INTO attribute_type_to_attribute_type_group (id, attribute_type_id, attribute_type_group_id, attribute_type_group_to_topic_characteristic_id, multiplicity, default_value, "order") VALUES ('6573d8b8-fec4-4150-96c7-f32a239ffbd2', 'f5fafb4a-4645-4b4c-8161-807064aa3ae4', 'f9975933-6b96-4dfb-9c52-a939f7d812fe', '10700121-1c6f-472a-98d7-453be6afac67', '7e764492-4a75-48f9-a98e-484b0355c6d8', NULL, NULL);
INSERT INTO attribute_type_to_attribute_type_group (id, attribute_type_id, attribute_type_group_id, attribute_type_group_to_topic_characteristic_id, multiplicity, default_value, "order") VALUES ('a0eb448d-08f0-4937-8fa5-ee3945b27950', 'ddc90370-07e0-4581-81ce-688386c218e6', 'f9975933-6b96-4dfb-9c52-a939f7d812fe', '10700121-1c6f-472a-98d7-453be6afac67', '7e764492-4a75-48f9-a98e-484b0355c6d8', NULL, NULL);
INSERT INTO attribute_type_to_attribute_type_group (id, attribute_type_id, attribute_type_group_id, attribute_type_group_to_topic_characteristic_id, multiplicity, default_value, "order") VALUES ('93f31ac3-032a-41cb-839e-642a812b4a60', 'd1b10c3f-5b54-48e6-b6a5-b688006f0fca', 'f9975933-6b96-4dfb-9c52-a939f7d812fe', '10700121-1c6f-472a-98d7-453be6afac67', '7e764492-4a75-48f9-a98e-484b0355c6d8', NULL, NULL);
INSERT INTO attribute_type_to_attribute_type_group (id, attribute_type_id, attribute_type_group_id, attribute_type_group_to_topic_characteristic_id, multiplicity, default_value, "order") VALUES ('5c0a1340-0ffa-43a5-91ad-a62a0e22d13f', 'b32dad4d-783a-46b9-808c-36c38a142837', 'f9975933-6b96-4dfb-9c52-a939f7d812fe', '10700121-1c6f-472a-98d7-453be6afac67', '7e764492-4a75-48f9-a98e-484b0355c6d8', NULL, NULL);
INSERT INTO attribute_type_to_attribute_type_group (id, attribute_type_id, attribute_type_group_id, attribute_type_group_to_topic_characteristic_id, multiplicity, default_value, "order") VALUES ('a9d700e8-8576-4780-8c9c-daeafa21c077', '8a36b1f0-be9b-4047-bbf7-e6f7dfec6da9', 'f9975933-6b96-4dfb-9c52-a939f7d812fe', '10700121-1c6f-472a-98d7-453be6afac67', '7e764492-4a75-48f9-a98e-484b0355c6d8', NULL, NULL);
INSERT INTO attribute_type_to_attribute_type_group (id, attribute_type_id, attribute_type_group_id, attribute_type_group_to_topic_characteristic_id, multiplicity, default_value, "order") VALUES ('98502b27-bfe3-4311-846b-3155b686b15f', 'b69ecab8-e391-4155-a186-4c3304ef155c', 'af181819-ca3a-4dd3-b929-1e06d229b95d', 'e045be68-8675-4309-8510-aa2d3cde91f0', '7e764492-4a75-48f9-a98e-484b0355c6d8', NULL, NULL);
INSERT INTO attribute_type_to_attribute_type_group (id, attribute_type_id, attribute_type_group_id, attribute_type_group_to_topic_characteristic_id, multiplicity, default_value, "order") VALUES ('6a384afd-946a-46b3-a869-af1a999f0068', 'a77dc332-3265-4bdf-90e6-1da542a5ba44', 'af181819-ca3a-4dd3-b929-1e06d229b95d', 'e045be68-8675-4309-8510-aa2d3cde91f0', '7e764492-4a75-48f9-a98e-484b0355c6d8', NULL, NULL);
INSERT INTO attribute_type_to_attribute_type_group (id, attribute_type_id, attribute_type_group_id, attribute_type_group_to_topic_characteristic_id, multiplicity, default_value, "order") VALUES ('51f1768f-d1ea-481a-9b6b-5fd9eb6deae2', '82fb31fe-8b67-4a81-9421-82339d20c1c4', 'af181819-ca3a-4dd3-b929-1e06d229b95d', 'e045be68-8675-4309-8510-aa2d3cde91f0', '7e764492-4a75-48f9-a98e-484b0355c6d8', NULL, NULL);
INSERT INTO attribute_type_to_attribute_type_group (id, attribute_type_id, attribute_type_group_id, attribute_type_group_to_topic_characteristic_id, multiplicity, default_value, "order") VALUES ('39996513-1b46-4cbf-8121-c5a01514660f', 'e9659fc1-4c96-44ce-b7cf-f6855eee6c25', 'af181819-ca3a-4dd3-b929-1e06d229b95d', 'e045be68-8675-4309-8510-aa2d3cde91f0', '7e764492-4a75-48f9-a98e-484b0355c6d8', NULL, NULL);
INSERT INTO attribute_type_to_attribute_type_group (id, attribute_type_id, attribute_type_group_id, attribute_type_group_to_topic_characteristic_id, multiplicity, default_value, "order") VALUES ('9674a92d-5efd-49e3-91f5-ce9ecc373de5', '72041520-e51d-401f-977e-608273a2339e', 'e20bd0d6-7ae6-4e24-becb-485d2c21090e', 'ecc5b2f5-e85b-4eb3-9a8d-9519a91257be', '7e764492-4a75-48f9-a98e-484b0355c6d8', NULL, NULL);
INSERT INTO attribute_type_to_attribute_type_group (id, attribute_type_id, attribute_type_group_id, attribute_type_group_to_topic_characteristic_id, multiplicity, default_value, "order") VALUES ('61d557ab-254b-43f7-903d-fc144babbaee', 'a7fbcdad-ca80-4032-9156-a35b6ef9b95a', '40e81f06-f314-473a-82d5-70f8d8d6f0e4', '93a07029-0df1-4765-9224-9f5674ae9a2a', '7e764492-4a75-48f9-a98e-484b0355c6d8', NULL, NULL);
INSERT INTO attribute_type_to_attribute_type_group (id, attribute_type_id, attribute_type_group_id, attribute_type_group_to_topic_characteristic_id, multiplicity, default_value, "order") VALUES ('0639cc70-faa0-4507-9c92-9334b4024c90', '7129abc4-3ed0-4e1d-844e-3e984d21e43e', '40e81f06-f314-473a-82d5-70f8d8d6f0e4', '93a07029-0df1-4765-9224-9f5674ae9a2a', '7e764492-4a75-48f9-a98e-484b0355c6d8', NULL, NULL);
INSERT INTO attribute_type_to_attribute_type_group (id, attribute_type_id, attribute_type_group_id, attribute_type_group_to_topic_characteristic_id, multiplicity, default_value, "order") VALUES ('1fc29a1d-24b6-4d9f-ae2e-d07b903158c1', '5a2cbbee-a2c0-43c4-873f-c76fadfb9f29', '40e81f06-f314-473a-82d5-70f8d8d6f0e4', '93a07029-0df1-4765-9224-9f5674ae9a2a', '7e764492-4a75-48f9-a98e-484b0355c6d8', NULL, NULL);
INSERT INTO attribute_type_to_attribute_type_group (id, attribute_type_id, attribute_type_group_id, attribute_type_group_to_topic_characteristic_id, multiplicity, default_value, "order") VALUES ('b8aa282e-9161-4413-88ca-44e15111f818', '0213c1bd-e3c9-48c5-92a1-241f5b1f67c6', '40e81f06-f314-473a-82d5-70f8d8d6f0e4', '93a07029-0df1-4765-9224-9f5674ae9a2a', '7e764492-4a75-48f9-a98e-484b0355c6d8', NULL, NULL);
INSERT INTO attribute_type_to_attribute_type_group (id, attribute_type_id, attribute_type_group_id, attribute_type_group_to_topic_characteristic_id, multiplicity, default_value, "order") VALUES ('eb7ecc01-f8dd-4773-ba99-0c0f25cbdd96', '0f31a70e-dcc3-4aeb-85f3-910f04f2f551', '2b9b38d8-eed8-4ccc-a187-b8e8570cda63', 'b705eb73-8201-438c-a572-8038b0a12d6e', '7e764492-4a75-48f9-a98e-484b0355c6d8', NULL, NULL);
INSERT INTO attribute_type_to_attribute_type_group (id, attribute_type_id, attribute_type_group_id, attribute_type_group_to_topic_characteristic_id, multiplicity, default_value, "order") VALUES ('088e813e-8361-40df-9b8e-7300892c83ad', '8bd9d36c-b055-4d68-a990-7622ef21e073', '2b9b38d8-eed8-4ccc-a187-b8e8570cda63', 'b705eb73-8201-438c-a572-8038b0a12d6e', '7e764492-4a75-48f9-a98e-484b0355c6d8', NULL, NULL);
INSERT INTO attribute_type_to_attribute_type_group (id, attribute_type_id, attribute_type_group_id, attribute_type_group_to_topic_characteristic_id, multiplicity, default_value, "order") VALUES ('d922a759-af93-4f30-acfc-facd2355f0e3', '68c5a831-c44f-4bcc-8b40-0ec568e40aa4', '2b9b38d8-eed8-4ccc-a187-b8e8570cda63', 'b705eb73-8201-438c-a572-8038b0a12d6e', '7e764492-4a75-48f9-a98e-484b0355c6d8', NULL, NULL);
INSERT INTO attribute_type_to_attribute_type_group (id, attribute_type_id, attribute_type_group_id, attribute_type_group_to_topic_characteristic_id, multiplicity, default_value, "order") VALUES ('233c62f0-e1ca-4972-b844-de9d4b1b5b27', '204ff974-debe-4dff-8237-804529d0d0a2', '2b9b38d8-eed8-4ccc-a187-b8e8570cda63', 'b705eb73-8201-438c-a572-8038b0a12d6e', '7e764492-4a75-48f9-a98e-484b0355c6d8', NULL, NULL);
INSERT INTO attribute_type_to_attribute_type_group (id, attribute_type_id, attribute_type_group_id, attribute_type_group_to_topic_characteristic_id, multiplicity, default_value, "order") VALUES ('f668b505-9f1e-46a4-9aea-6e5c6e7752f2', '3357774a-f0a9-48f3-a4a8-26bf02b3cb45', 'd73f1c03-77e4-4c4e-9ee1-c46fdab01956', '1fb835da-31e4-44ea-833b-51d82aa113ef', '7e764492-4a75-48f9-a98e-484b0355c6d8', NULL, NULL);
INSERT INTO attribute_type_to_attribute_type_group (id, attribute_type_id, attribute_type_group_id, attribute_type_group_to_topic_characteristic_id, multiplicity, default_value, "order") VALUES ('679e61bc-671d-4f5f-84c0-7ddd960e08bb', '204b4eb9-836a-400c-9bba-1e59c4fa82d2', 'd73f1c03-77e4-4c4e-9ee1-c46fdab01956', '1fb835da-31e4-44ea-833b-51d82aa113ef', '7e764492-4a75-48f9-a98e-484b0355c6d8', NULL, NULL);
INSERT INTO attribute_type_to_attribute_type_group (id, attribute_type_id, attribute_type_group_id, attribute_type_group_to_topic_characteristic_id, multiplicity, default_value, "order") VALUES ('9120ad9f-c768-48cb-a203-a64d560d1721', 'd604eed6-e07c-4d3c-bfdb-a09a31df0ccc', '5cf553af-f4aa-440f-acd0-16be6716c57d', 'aaa9837c-2b8d-41b0-82b2-5ae645d31590', '7e764492-4a75-48f9-a98e-484b0355c6d8', NULL, NULL);
INSERT INTO attribute_type_to_attribute_type_group (id, attribute_type_id, attribute_type_group_id, attribute_type_group_to_topic_characteristic_id, multiplicity, default_value, "order") VALUES ('0593fbe5-b326-43f8-9c10-08116bb71914', 'ccd14f94-3c3d-44c6-9747-793a0b5bbf5e', '5cf553af-f4aa-440f-acd0-16be6716c57d', 'aaa9837c-2b8d-41b0-82b2-5ae645d31590', '7e764492-4a75-48f9-a98e-484b0355c6d8', NULL, NULL);
INSERT INTO attribute_type_to_attribute_type_group (id, attribute_type_id, attribute_type_group_id, attribute_type_group_to_topic_characteristic_id, multiplicity, default_value, "order") VALUES ('dad6ede6-e42e-4b9e-b993-1d06375eab0b', '009ab454-4b84-40fe-b45e-a9ea4ab9b418', '5cf553af-f4aa-440f-acd0-16be6716c57d', 'aaa9837c-2b8d-41b0-82b2-5ae645d31590', '7e764492-4a75-48f9-a98e-484b0355c6d8', NULL, NULL);
INSERT INTO attribute_type_to_attribute_type_group (id, attribute_type_id, attribute_type_group_id, attribute_type_group_to_topic_characteristic_id, multiplicity, default_value, "order") VALUES ('6e0951d0-e7bd-4fc4-8e4f-f188064a9441', '8f8c9b0b-3a84-499b-9657-89e1bd47f7ce', 'e20bd0d6-7ae6-4e24-becb-485d2c21090e', 'ecc5b2f5-e85b-4eb3-9a8d-9519a91257be', '7e764492-4a75-48f9-a98e-484b0355c6d8', NULL, NULL);
INSERT INTO attribute_type_to_attribute_type_group (id, attribute_type_id, attribute_type_group_id, attribute_type_group_to_topic_characteristic_id, multiplicity, default_value, "order") VALUES ('f82224f3-7d5f-4352-b60f-4776859fd60e', '6f8d9576-e1d9-43ac-9d52-940c90a5813c', '882ff78f-39aa-478f-85ae-54ce462a3f74', '6f7a36a4-d1f8-459a-8cfb-17ed35617be8', '7e764492-4a75-48f9-a98e-484b0355c6d8', NULL, NULL);
INSERT INTO attribute_type_to_attribute_type_group (id, attribute_type_id, attribute_type_group_id, attribute_type_group_to_topic_characteristic_id, multiplicity, default_value, "order") VALUES ('b74e21fa-dc65-4f4a-a2b9-7bb4c40997ea', 'f5fafb4a-4645-4b4c-8161-807064aa3ae4', '882ff78f-39aa-478f-85ae-54ce462a3f74', '6f7a36a4-d1f8-459a-8cfb-17ed35617be8', '7e764492-4a75-48f9-a98e-484b0355c6d8', NULL, NULL);
INSERT INTO attribute_type_to_attribute_type_group (id, attribute_type_id, attribute_type_group_id, attribute_type_group_to_topic_characteristic_id, multiplicity, default_value, "order") VALUES ('d6ec4e15-0fa4-4590-a477-20960b4f91e9', '66e7849d-4950-47d5-9144-9bc2b51283d4', '882ff78f-39aa-478f-85ae-54ce462a3f74', '6f7a36a4-d1f8-459a-8cfb-17ed35617be8', '7e764492-4a75-48f9-a98e-484b0355c6d8', NULL, NULL);
INSERT INTO attribute_type_to_attribute_type_group (id, attribute_type_id, attribute_type_group_id, attribute_type_group_to_topic_characteristic_id, multiplicity, default_value, "order") VALUES ('f65b21b8-fbb1-4dec-ae11-bae49d847ae0', '58cfba8d-6619-4870-9b69-04a5273e23a1', '882ff78f-39aa-478f-85ae-54ce462a3f74', '6f7a36a4-d1f8-459a-8cfb-17ed35617be8', '7e764492-4a75-48f9-a98e-484b0355c6d8', NULL, NULL);
INSERT INTO attribute_type_to_attribute_type_group (id, attribute_type_id, attribute_type_group_id, attribute_type_group_to_topic_characteristic_id, multiplicity, default_value, "order") VALUES ('f9a22094-7ad5-4e01-b64a-58e66acd3251', '3689fbd3-f3ef-44f5-ad43-9b01a343cac5', 'a353cc66-f69b-4c0e-8bb9-d21ca534af10', '06086bea-bbaa-485b-8eef-255a5625eb86', '7e764492-4a75-48f9-a98e-484b0355c6d8', NULL, NULL);
INSERT INTO attribute_type_to_attribute_type_group (id, attribute_type_id, attribute_type_group_id, attribute_type_group_to_topic_characteristic_id, multiplicity, default_value, "order") VALUES ('e42edf8b-3a67-4f62-a83d-35221209ada1', '49c7e244-8d1e-4ce2-b9a9-c533eb7acf51', 'a353cc66-f69b-4c0e-8bb9-d21ca534af10', '06086bea-bbaa-485b-8eef-255a5625eb86', '7e764492-4a75-48f9-a98e-484b0355c6d8', NULL, NULL);
INSERT INTO attribute_type_to_attribute_type_group (id, attribute_type_id, attribute_type_group_id, attribute_type_group_to_topic_characteristic_id, multiplicity, default_value, "order") VALUES ('aa450a0c-177a-4adb-8215-4e840df13d3f', 'f5fafb4a-4645-4b4c-8161-807064aa3ae4', 'a353cc66-f69b-4c0e-8bb9-d21ca534af10', '06086bea-bbaa-485b-8eef-255a5625eb86', '7e764492-4a75-48f9-a98e-484b0355c6d8', NULL, NULL);
INSERT INTO attribute_type_to_attribute_type_group (id, attribute_type_id, attribute_type_group_id, attribute_type_group_to_topic_characteristic_id, multiplicity, default_value, "order") VALUES ('6cb2b9c0-96d8-431e-ad0d-5ef5f2a52c6c', 'ccbae929-83bd-44b1-8f79-2b57b11c6b5e', 'a353cc66-f69b-4c0e-8bb9-d21ca534af10', '06086bea-bbaa-485b-8eef-255a5625eb86', '7e764492-4a75-48f9-a98e-484b0355c6d8', NULL, NULL);
INSERT INTO attribute_type_to_attribute_type_group (id, attribute_type_id, attribute_type_group_id, attribute_type_group_to_topic_characteristic_id, multiplicity, default_value, "order") VALUES ('2edb29a6-97fd-46a3-bfc3-ac662410f320', 'fe5bce12-2f07-4cbd-8d6d-ddf674953831', 'fa0de815-313d-444d-8b2b-7b82d838912b', '6a90886c-9df0-4591-9399-41971567ec08', '7e764492-4a75-48f9-a98e-484b0355c6d8', NULL, NULL);
INSERT INTO attribute_type_to_attribute_type_group (id, attribute_type_id, attribute_type_group_id, attribute_type_group_to_topic_characteristic_id, multiplicity, default_value, "order") VALUES ('4a50b797-76cb-4582-94e9-24eb1e2ff030', '23068153-cdd3-4f55-af24-f321146bc9f3', 'fa0de815-313d-444d-8b2b-7b82d838912b', '6a90886c-9df0-4591-9399-41971567ec08', '7e764492-4a75-48f9-a98e-484b0355c6d8', NULL, NULL);
INSERT INTO attribute_type_to_attribute_type_group (id, attribute_type_id, attribute_type_group_id, attribute_type_group_to_topic_characteristic_id, multiplicity, default_value, "order") VALUES ('e19970b8-bdfb-41aa-b105-ccf5b0e8af65', '0e3f1dca-bece-4c09-8216-1518a0a52cf0', 'fa0de815-313d-444d-8b2b-7b82d838912b', '6a90886c-9df0-4591-9399-41971567ec08', '7e764492-4a75-48f9-a98e-484b0355c6d8', NULL, NULL);
INSERT INTO attribute_type_to_attribute_type_group (id, attribute_type_id, attribute_type_group_id, attribute_type_group_to_topic_characteristic_id, multiplicity, default_value, "order") VALUES ('da759a9b-b2eb-4bdc-ad8f-ab087c77138c', '1a4fe2d1-e398-4b39-b719-b80513e8e5c2', 'fa0de815-313d-444d-8b2b-7b82d838912b', '6a90886c-9df0-4591-9399-41971567ec08', '7e764492-4a75-48f9-a98e-484b0355c6d8', NULL, NULL);
INSERT INTO attribute_type_to_attribute_type_group (id, attribute_type_id, attribute_type_group_id, attribute_type_group_to_topic_characteristic_id, multiplicity, default_value, "order") VALUES ('c7f76aa9-1c55-48da-9afc-98b964a580ba', '13d25341-1b42-4a81-a22d-35bbe220107b', 'fa0de815-313d-444d-8b2b-7b82d838912b', '6a90886c-9df0-4591-9399-41971567ec08', '7e764492-4a75-48f9-a98e-484b0355c6d8', NULL, NULL);
INSERT INTO attribute_type_to_attribute_type_group (id, attribute_type_id, attribute_type_group_id, attribute_type_group_to_topic_characteristic_id, multiplicity, default_value, "order") VALUES ('c548947a-73de-48f6-9820-3942c3c5e7b9', '8ba2963d-5cc6-4c02-8452-8d52ca3eba1a', '0d89a318-a2c9-4486-b4c2-38047cab7e82', 'dc679370-8935-4ff8-9fbe-e30a4f2ca399', '7e764492-4a75-48f9-a98e-484b0355c6d8', NULL, NULL);
INSERT INTO attribute_type_to_attribute_type_group (id, attribute_type_id, attribute_type_group_id, attribute_type_group_to_topic_characteristic_id, multiplicity, default_value, "order") VALUES ('8cee7a4c-75cc-44cf-abc4-7e120f1c7bb0', '828ce7c7-ff2f-49a4-8de0-8d16271bd797', '0d89a318-a2c9-4486-b4c2-38047cab7e82', 'dc679370-8935-4ff8-9fbe-e30a4f2ca399', '7e764492-4a75-48f9-a98e-484b0355c6d8', NULL, NULL);
INSERT INTO attribute_type_to_attribute_type_group (id, attribute_type_id, attribute_type_group_id, attribute_type_group_to_topic_characteristic_id, multiplicity, default_value, "order") VALUES ('0f5bd3d0-41be-484b-8505-e2ed31d95e3e', 'f5fafb4a-4645-4b4c-8161-807064aa3ae4', '0d89a318-a2c9-4486-b4c2-38047cab7e82', 'dc679370-8935-4ff8-9fbe-e30a4f2ca399', '7e764492-4a75-48f9-a98e-484b0355c6d8', NULL, NULL);
INSERT INTO attribute_type_to_attribute_type_group (id, attribute_type_id, attribute_type_group_id, attribute_type_group_to_topic_characteristic_id, multiplicity, default_value, "order") VALUES ('59580a12-d13b-46de-a739-a812733c9929', 'caaccd83-0e7c-482c-a2cb-56efc7d52ebe', '0d89a318-a2c9-4486-b4c2-38047cab7e82', 'dc679370-8935-4ff8-9fbe-e30a4f2ca399', '7e764492-4a75-48f9-a98e-484b0355c6d8', NULL, NULL);
INSERT INTO attribute_type_to_attribute_type_group (id, attribute_type_id, attribute_type_group_id, attribute_type_group_to_topic_characteristic_id, multiplicity, default_value, "order") VALUES ('61dc6e7f-1330-44ee-93dd-23215d0bea14', '1d61ee86-d553-4cd4-b05a-ebc485de2a84', '91104f9b-9bb4-43c8-9654-ab0e4ce2a436', '10a1e237-00a4-4b9f-b7d8-fee4cb0e8237', '7e764492-4a75-48f9-a98e-484b0355c6d8', NULL, NULL);
INSERT INTO attribute_type_to_attribute_type_group (id, attribute_type_id, attribute_type_group_id, attribute_type_group_to_topic_characteristic_id, multiplicity, default_value, "order") VALUES ('1b5062c4-3ead-402c-a7e6-f4ea77aa45c7', '3fc1a828-3fe1-4329-956c-176073220bfe', '91104f9b-9bb4-43c8-9654-ab0e4ce2a436', '10a1e237-00a4-4b9f-b7d8-fee4cb0e8237', '7e764492-4a75-48f9-a98e-484b0355c6d8', NULL, NULL);
INSERT INTO attribute_type_to_attribute_type_group (id, attribute_type_id, attribute_type_group_id, attribute_type_group_to_topic_characteristic_id, multiplicity, default_value, "order") VALUES ('7b40052f-5bfd-44b9-93c6-69b2d685c3fb', '53ec3080-0514-45c6-9912-7e9bf7950cfc', '2547f52c-5086-46b3-964f-0032e905bcc0', '89ad6dfa-8702-4b5a-b6d7-f3c0b5eea067', '7e764492-4a75-48f9-a98e-484b0355c6d8', NULL, NULL);
INSERT INTO attribute_type_to_attribute_type_group (id, attribute_type_id, attribute_type_group_id, attribute_type_group_to_topic_characteristic_id, multiplicity, default_value, "order") VALUES ('034508cf-1766-47ec-994e-eeb25767ed12', '84b42fdb-fbe5-48f2-ba93-fbefdd297873', '2547f52c-5086-46b3-964f-0032e905bcc0', '89ad6dfa-8702-4b5a-b6d7-f3c0b5eea067', '7e764492-4a75-48f9-a98e-484b0355c6d8', NULL, NULL);
INSERT INTO attribute_type_to_attribute_type_group (id, attribute_type_id, attribute_type_group_id, attribute_type_group_to_topic_characteristic_id, multiplicity, default_value, "order") VALUES ('4e1d3ad3-840d-4826-85b8-d5424924fd0f', 'e5df658c-f312-4935-a33c-6f49e88cfe9a', '2547f52c-5086-46b3-964f-0032e905bcc0', '89ad6dfa-8702-4b5a-b6d7-f3c0b5eea067', '7e764492-4a75-48f9-a98e-484b0355c6d8', NULL, NULL);
INSERT INTO attribute_type_to_attribute_type_group (id, attribute_type_id, attribute_type_group_id, attribute_type_group_to_topic_characteristic_id, multiplicity, default_value, "order") VALUES ('9810fce5-ced0-47a0-9e22-798eeb6c4b03', 'c5e006e5-5a0a-48fa-ad91-0d116bf3e217', '2547f52c-5086-46b3-964f-0032e905bcc0', '89ad6dfa-8702-4b5a-b6d7-f3c0b5eea067', '7e764492-4a75-48f9-a98e-484b0355c6d8', NULL, NULL);
INSERT INTO attribute_type_to_attribute_type_group (id, attribute_type_id, attribute_type_group_id, attribute_type_group_to_topic_characteristic_id, multiplicity, default_value, "order") VALUES ('3398bcec-bcc8-44d4-9c1c-941724e5c026', '1a2edd14-2192-4a01-bda1-54bcbc742c7a', '2547f52c-5086-46b3-964f-0032e905bcc0', '89ad6dfa-8702-4b5a-b6d7-f3c0b5eea067', '7e764492-4a75-48f9-a98e-484b0355c6d8', NULL, NULL);
INSERT INTO attribute_type_to_attribute_type_group (id, attribute_type_id, attribute_type_group_id, attribute_type_group_to_topic_characteristic_id, multiplicity, default_value, "order") VALUES ('987f6c8e-ea37-46c9-971c-0c6500c56068', '2e5a5c0e-1f3d-4cf3-ae5a-cea06e2602b0', '7b5d94b7-49f5-4721-b204-064b3c4a9c3d', 'ce266294-ac7a-4aa1-998a-56cdcbf23d3e', '7e764492-4a75-48f9-a98e-484b0355c6d8', NULL, NULL);
INSERT INTO attribute_type_to_attribute_type_group (id, attribute_type_id, attribute_type_group_id, attribute_type_group_to_topic_characteristic_id, multiplicity, default_value, "order") VALUES ('860173df-4481-448c-9aae-6dfdc99490cd', 'a6b20bcc-556b-413f-8faa-bde3271f696a', '7b5d94b7-49f5-4721-b204-064b3c4a9c3d', 'ce266294-ac7a-4aa1-998a-56cdcbf23d3e', '7e764492-4a75-48f9-a98e-484b0355c6d8', NULL, NULL);
INSERT INTO attribute_type_to_attribute_type_group (id, attribute_type_id, attribute_type_group_id, attribute_type_group_to_topic_characteristic_id, multiplicity, default_value, "order") VALUES ('7337afa9-5c7a-4d26-b3ef-e723394fcab8', '2b64820a-2e6c-4652-bb12-ff56d53636c8', '7b5d94b7-49f5-4721-b204-064b3c4a9c3d', 'ce266294-ac7a-4aa1-998a-56cdcbf23d3e', '7e764492-4a75-48f9-a98e-484b0355c6d8', NULL, NULL);
INSERT INTO attribute_type_to_attribute_type_group (id, attribute_type_id, attribute_type_group_id, attribute_type_group_to_topic_characteristic_id, multiplicity, default_value, "order") VALUES ('5f50b734-302d-4581-a56c-15242cd2da0d', '749f1e3e-a9b5-4d38-b60e-cfdb4516ddb5', '7b5d94b7-49f5-4721-b204-064b3c4a9c3d', 'ce266294-ac7a-4aa1-998a-56cdcbf23d3e', '7e764492-4a75-48f9-a98e-484b0355c6d8', NULL, NULL);
INSERT INTO attribute_type_to_attribute_type_group (id, attribute_type_id, attribute_type_group_id, attribute_type_group_to_topic_characteristic_id, multiplicity, default_value, "order") VALUES ('7c9bc499-3ef7-4163-9d44-89582b849f79', '5ec538a9-8266-4a73-bbb7-583d04c2b45c', 'effad859-338d-480e-a16c-baa9e0e72bda', 'ecb411cc-be17-4fb7-bf37-1be2192f4890', '7e764492-4a75-48f9-a98e-484b0355c6d8', NULL, NULL);
INSERT INTO attribute_type_to_attribute_type_group (id, attribute_type_id, attribute_type_group_id, attribute_type_group_to_topic_characteristic_id, multiplicity, default_value, "order") VALUES ('a1a53d74-20e3-4147-9af1-429326650650', 'aa9cb46a-9201-46c6-be21-3e63e5f848cd', 'effad859-338d-480e-a16c-baa9e0e72bda', 'ecb411cc-be17-4fb7-bf37-1be2192f4890', '7e764492-4a75-48f9-a98e-484b0355c6d8', NULL, NULL);
INSERT INTO attribute_type_to_attribute_type_group (id, attribute_type_id, attribute_type_group_id, attribute_type_group_to_topic_characteristic_id, multiplicity, default_value, "order") VALUES ('f9f415c2-6cd9-42a3-8ce7-e80bd11d0ffc', '28950d49-2ce2-48fd-a011-fe0f0d008dbf', 'effad859-338d-480e-a16c-baa9e0e72bda', 'ecb411cc-be17-4fb7-bf37-1be2192f4890', '7e764492-4a75-48f9-a98e-484b0355c6d8', NULL, NULL);
INSERT INTO attribute_type_to_attribute_type_group (id, attribute_type_id, attribute_type_group_id, attribute_type_group_to_topic_characteristic_id, multiplicity, default_value, "order") VALUES ('3ac36955-294e-4b84-91e5-aa460086fdd3', 'd6a88bc5-9335-4bff-8be4-93e01281af37', '882ff78f-39aa-478f-85ae-54ce462a3f74', '6f7a36a4-d1f8-459a-8cfb-17ed35617be8', '7e764492-4a75-48f9-a98e-484b0355c6d8', NULL, NULL);
INSERT INTO attribute_type_to_attribute_type_group (id, attribute_type_id, attribute_type_group_id, attribute_type_group_to_topic_characteristic_id, multiplicity, default_value, "order") VALUES ('dbbd7d3d-254e-46d0-be85-99e06e884d6e', 'e550c558-b3b7-4bde-b5b5-d7c2fb0e5b9c', 'f7a07463-7a32-4bd9-a1ff-eb9b368573ac', '489760e6-5cb7-420c-96da-df23e78c5fdc', '7e764492-4a75-48f9-a98e-484b0355c6d8', NULL, NULL);
INSERT INTO attribute_type_to_attribute_type_group (id, attribute_type_id, attribute_type_group_id, attribute_type_group_to_topic_characteristic_id, multiplicity, default_value, "order") VALUES ('206b2ba4-d893-46b9-bd1e-eca31068f170', 'afba6253-d225-4b76-81f3-5b0a49485695', 'f7a07463-7a32-4bd9-a1ff-eb9b368573ac', '489760e6-5cb7-420c-96da-df23e78c5fdc', '7e764492-4a75-48f9-a98e-484b0355c6d8', NULL, NULL);

--

INSERT INTO value_list_values_x_value_list_values (id, value_list_values_1, value_list_values_2, relationship) VALUES ('7dbac785-44fb-4626-8124-12635ee57a15', 'f0319c90-1259-11e4-9191-0800200c9a66', '02245690-125a-11e4-9191-0800200c9a66', '35fe2530-fe24-44bf-a55d-020718d51bd1');
INSERT INTO value_list_values_x_value_list_values (id, value_list_values_1, value_list_values_2, relationship) VALUES ('f34709a6-5c81-43bd-b5b2-aa558972027f', '02245690-125a-11e4-9191-0800200c9a66', 'f0319c90-1259-11e4-9191-0800200c9a66', '0c724d32-5f3b-4278-bdb1-b4352152a99f');
INSERT INTO value_list_values_x_value_list_values (id, value_list_values_1, value_list_values_2, relationship) VALUES ('84d80d2d-d78d-4e3c-994f-212c716954da', 'f0319c90-1259-11e4-9191-0800200c9a66', '131f4310-125a-11e4-9191-0800200c9a66', '35fe2530-fe24-44bf-a55d-020718d51bd1');
INSERT INTO value_list_values_x_value_list_values (id, value_list_values_1, value_list_values_2, relationship) VALUES ('a4ef3ad8-8232-4ecb-8f6e-536468f68278', '131f4310-125a-11e4-9191-0800200c9a66', 'f0319c90-1259-11e4-9191-0800200c9a66', '0c724d32-5f3b-4278-bdb1-b4352152a99f');
INSERT INTO value_list_values_x_value_list_values (id, value_list_values_1, value_list_values_2, relationship) VALUES ('e370ae77-e319-429d-9561-1205c5a00e67', '27eb5bd0-125a-11e4-9191-0800200c9a66', '58b6d050-125a-11e4-9191-0800200c9a66', '35fe2530-fe24-44bf-a55d-020718d51bd1');
INSERT INTO value_list_values_x_value_list_values (id, value_list_values_1, value_list_values_2, relationship) VALUES ('f56e89dd-218e-4ba6-a4b2-798ecd229e17', '58b6d050-125a-11e4-9191-0800200c9a66', '27eb5bd0-125a-11e4-9191-0800200c9a66', '0c724d32-5f3b-4278-bdb1-b4352152a99f');
INSERT INTO value_list_values_x_value_list_values (id, value_list_values_1, value_list_values_2, relationship) VALUES ('6468706b-6fd4-4a14-95ed-4755a59ff891', '27eb5bd0-125a-11e4-9191-0800200c9a66', '6dd48b80-125a-11e4-9191-0800200c9a66', '35fe2530-fe24-44bf-a55d-020718d51bd1');
INSERT INTO value_list_values_x_value_list_values (id, value_list_values_1, value_list_values_2, relationship) VALUES ('94216f70-6257-4f5b-9902-02b653cec1b9', '6dd48b80-125a-11e4-9191-0800200c9a66', '27eb5bd0-125a-11e4-9191-0800200c9a66', '0c724d32-5f3b-4278-bdb1-b4352152a99f');
INSERT INTO value_list_values_x_value_list_values (id, value_list_values_1, value_list_values_2, relationship) VALUES ('b754f93f-e740-4fe8-9725-e498a6f593a6', '8fb0e910-125a-11e4-9191-0800200c9a66', 'a3412670-125a-11e4-9191-0800200c9a66', '35fe2530-fe24-44bf-a55d-020718d51bd1');
INSERT INTO value_list_values_x_value_list_values (id, value_list_values_1, value_list_values_2, relationship) VALUES ('603e0a86-33c2-4e36-a0b4-e510ecc9518f', 'a3412670-125a-11e4-9191-0800200c9a66', '8fb0e910-125a-11e4-9191-0800200c9a66', '0c724d32-5f3b-4278-bdb1-b4352152a99f');
INSERT INTO value_list_values_x_value_list_values (id, value_list_values_1, value_list_values_2, relationship) VALUES ('2e2f0ea9-4b45-4e5b-9637-aeca44dd2b68', 'a3412670-125a-11e4-9191-0800200c9a66', 'cbdb4588-81c3-46c0-a870-2591cdacbdcd', '35fe2530-fe24-44bf-a55d-020718d51bd1');
INSERT INTO value_list_values_x_value_list_values (id, value_list_values_1, value_list_values_2, relationship) VALUES ('b9b31b29-c168-407c-bbc1-7cb13de18ad7', 'cbdb4588-81c3-46c0-a870-2591cdacbdcd', 'a3412670-125a-11e4-9191-0800200c9a66', '0c724d32-5f3b-4278-bdb1-b4352152a99f');
INSERT INTO value_list_values_x_value_list_values (id, value_list_values_1, value_list_values_2, relationship) VALUES ('1c58e65c-a407-4618-97a1-cf5d0646462a', 'a3412670-125a-11e4-9191-0800200c9a66', '09b8ee98-7f8d-4578-9e47-c34ed5fa5b1b', '35fe2530-fe24-44bf-a55d-020718d51bd1');
INSERT INTO value_list_values_x_value_list_values (id, value_list_values_1, value_list_values_2, relationship) VALUES ('31ec10ff-9d65-4b4f-a7c7-9bb13548c5a3', '09b8ee98-7f8d-4578-9e47-c34ed5fa5b1b', 'a3412670-125a-11e4-9191-0800200c9a66', '0c724d32-5f3b-4278-bdb1-b4352152a99f');
INSERT INTO value_list_values_x_value_list_values (id, value_list_values_1, value_list_values_2, relationship) VALUES ('6c7e9e19-23d6-453b-afb3-4766f0b0e2c3', '8fb0e910-125a-11e4-9191-0800200c9a66', 'c5678550-125a-11e4-9191-0800200c9a66', '35fe2530-fe24-44bf-a55d-020718d51bd1');
INSERT INTO value_list_values_x_value_list_values (id, value_list_values_1, value_list_values_2, relationship) VALUES ('fb2cdcea-27e0-4a2b-9249-c0b676856285', 'c5678550-125a-11e4-9191-0800200c9a66', '8fb0e910-125a-11e4-9191-0800200c9a66', '0c724d32-5f3b-4278-bdb1-b4352152a99f');
INSERT INTO value_list_values_x_value_list_values (id, value_list_values_1, value_list_values_2, relationship) VALUES ('0a1be188-59c5-4074-b216-aea2d1403d4a', '8fb0e910-125a-11e4-9191-0800200c9a66', 'd835d240-125a-11e4-9191-0800200c9a66', '35fe2530-fe24-44bf-a55d-020718d51bd1');
INSERT INTO value_list_values_x_value_list_values (id, value_list_values_1, value_list_values_2, relationship) VALUES ('2abc9045-0474-4439-8374-a0179410be97', 'd835d240-125a-11e4-9191-0800200c9a66', '8fb0e910-125a-11e4-9191-0800200c9a66', '0c724d32-5f3b-4278-bdb1-b4352152a99f');
INSERT INTO value_list_values_x_value_list_values (id, value_list_values_1, value_list_values_2, relationship) VALUES ('7762d8dd-e0a8-45cd-994a-82d6c3faadc3', '324d5410-125b-11e4-9191-0800200c9a66', '451bef20-125b-11e4-9191-0800200c9a66', '35fe2530-fe24-44bf-a55d-020718d51bd1');
INSERT INTO value_list_values_x_value_list_values (id, value_list_values_1, value_list_values_2, relationship) VALUES ('8f251384-44de-4f42-b32d-651e42d7d7b4', '451bef20-125b-11e4-9191-0800200c9a66', '324d5410-125b-11e4-9191-0800200c9a66', '0c724d32-5f3b-4278-bdb1-b4352152a99f');
INSERT INTO value_list_values_x_value_list_values (id, value_list_values_1, value_list_values_2, relationship) VALUES ('c5102100-bb61-42ba-b553-e7c9a9082023', '324d5410-125b-11e4-9191-0800200c9a66', '6e3af900-125b-11e4-9191-0800200c9a66', '35fe2530-fe24-44bf-a55d-020718d51bd1');
INSERT INTO value_list_values_x_value_list_values (id, value_list_values_1, value_list_values_2, relationship) VALUES ('43ad8a86-2901-4808-8c70-ac32805ced8a', '6e3af900-125b-11e4-9191-0800200c9a66', '324d5410-125b-11e4-9191-0800200c9a66', '0c724d32-5f3b-4278-bdb1-b4352152a99f');
INSERT INTO value_list_values_x_value_list_values (id, value_list_values_1, value_list_values_2, relationship) VALUES ('9906e38d-3d86-4bce-b660-adb38449ec01', '324d5410-125b-11e4-9191-0800200c9a66', 'db88d485-29ac-419c-b99a-7cfc97f287cd', '35fe2530-fe24-44bf-a55d-020718d51bd1');
INSERT INTO value_list_values_x_value_list_values (id, value_list_values_1, value_list_values_2, relationship) VALUES ('31191fa5-45cd-44df-836b-fd9cb16869ec', 'db88d485-29ac-419c-b99a-7cfc97f287cd', '324d5410-125b-11e4-9191-0800200c9a66', '0c724d32-5f3b-4278-bdb1-b4352152a99f');
INSERT INTO value_list_values_x_value_list_values (id, value_list_values_1, value_list_values_2, relationship) VALUES ('b5ce629e-3171-4551-b2a1-2dc5a42382b5', '324d5410-125b-11e4-9191-0800200c9a66', '5203b791-de2d-4415-b7d2-2334513243ef', '35fe2530-fe24-44bf-a55d-020718d51bd1');
INSERT INTO value_list_values_x_value_list_values (id, value_list_values_1, value_list_values_2, relationship) VALUES ('8b4fa864-2544-46a9-89f1-5dc361ebde43', '5203b791-de2d-4415-b7d2-2334513243ef', '324d5410-125b-11e4-9191-0800200c9a66', '0c724d32-5f3b-4278-bdb1-b4352152a99f');
INSERT INTO value_list_values_x_value_list_values (id, value_list_values_1, value_list_values_2, relationship) VALUES ('41a460f4-c556-4501-b9a7-79488ce6c96b', '275cd753-c955-4434-8b07-ba1fae78f70a', 'e413d52f-07d7-4a67-aa5d-4fb9959934be', '35fe2530-fe24-44bf-a55d-020718d51bd1');
INSERT INTO value_list_values_x_value_list_values (id, value_list_values_1, value_list_values_2, relationship) VALUES ('29c734a6-e991-4f3c-b47b-0b867a0ef555', 'e413d52f-07d7-4a67-aa5d-4fb9959934be', '275cd753-c955-4434-8b07-ba1fae78f70a', '0c724d32-5f3b-4278-bdb1-b4352152a99f');
INSERT INTO value_list_values_x_value_list_values (id, value_list_values_1, value_list_values_2, relationship) VALUES ('b56b54c2-5835-41f6-851e-5de391371253', '275cd753-c955-4434-8b07-ba1fae78f70a', '497e2fcb-a967-4246-9fc4-e89a8d385655', '35fe2530-fe24-44bf-a55d-020718d51bd1');
INSERT INTO value_list_values_x_value_list_values (id, value_list_values_1, value_list_values_2, relationship) VALUES ('c2ceccb0-95d5-4853-9800-35d773424241', '497e2fcb-a967-4246-9fc4-e89a8d385655', '275cd753-c955-4434-8b07-ba1fae78f70a', '0c724d32-5f3b-4278-bdb1-b4352152a99f');
INSERT INTO value_list_values_x_value_list_values (id, value_list_values_1, value_list_values_2, relationship) VALUES ('9f333ea0-bf9f-4867-85c5-5824da2045d8', '275cd753-c955-4434-8b07-ba1fae78f70a', 'ee736aaf-c705-4dea-80c5-5aefe47d94ae', '35fe2530-fe24-44bf-a55d-020718d51bd1');
INSERT INTO value_list_values_x_value_list_values (id, value_list_values_1, value_list_values_2, relationship) VALUES ('74ddae35-70bb-41da-90a3-554d92d4e7e6', 'ee736aaf-c705-4dea-80c5-5aefe47d94ae', '275cd753-c955-4434-8b07-ba1fae78f70a', '0c724d32-5f3b-4278-bdb1-b4352152a99f');
INSERT INTO value_list_values_x_value_list_values (id, value_list_values_1, value_list_values_2, relationship) VALUES ('953c13fa-c859-414b-844d-47bb3387f8a0', '275cd753-c955-4434-8b07-ba1fae78f70a', 'c8e8e68b-d242-434e-8c70-29419674782b', '35fe2530-fe24-44bf-a55d-020718d51bd1');
INSERT INTO value_list_values_x_value_list_values (id, value_list_values_1, value_list_values_2, relationship) VALUES ('cf7e41d9-a3a2-439a-a86b-fdf079e20c5d', 'c8e8e68b-d242-434e-8c70-29419674782b', '275cd753-c955-4434-8b07-ba1fae78f70a', '0c724d32-5f3b-4278-bdb1-b4352152a99f');
INSERT INTO value_list_values_x_value_list_values (id, value_list_values_1, value_list_values_2, relationship) VALUES ('5ddad74e-be59-4db7-891a-2c3acec6ed52', '3809f86e-55e6-4832-8b4b-f777998102ee', '1beb5a6b-d2af-43b0-a12d-c3bc940fbb17', '35fe2530-fe24-44bf-a55d-020718d51bd1');
INSERT INTO value_list_values_x_value_list_values (id, value_list_values_1, value_list_values_2, relationship) VALUES ('62825788-1c2d-4c1c-a893-a95d509eac70', '1beb5a6b-d2af-43b0-a12d-c3bc940fbb17', '3809f86e-55e6-4832-8b4b-f777998102ee', '0c724d32-5f3b-4278-bdb1-b4352152a99f');
INSERT INTO value_list_values_x_value_list_values (id, value_list_values_1, value_list_values_2, relationship) VALUES ('82edcee3-8c56-44c5-9b69-0b2db084e8a0', '3809f86e-55e6-4832-8b4b-f777998102ee', '55540a41-1bd6-4f6c-ba8d-bae53a92ebe7', '35fe2530-fe24-44bf-a55d-020718d51bd1');
INSERT INTO value_list_values_x_value_list_values (id, value_list_values_1, value_list_values_2, relationship) VALUES ('87df9ae8-00dd-4d48-a51e-62817d03e0bd', '55540a41-1bd6-4f6c-ba8d-bae53a92ebe7', '3809f86e-55e6-4832-8b4b-f777998102ee', '0c724d32-5f3b-4278-bdb1-b4352152a99f');
