SET search_path TO "system", "constraints", "public";
SET CLIENT_ENCODING TO "UTF8";

SET SESSION AUTHORIZATION DEFAULT;

--
-- TOC entry 8891 (class 0 OID 1302109)
-- Dependencies: 1540
-- Data for Name: character_code; Type: TABLE DATA; Schema: system; Owner: postgres
--

INSERT INTO character_code VALUES ('c4d53f98-04af-4d04-9073-4f040a60c64b', 'UTF8');

--
-- TOC entry 8890 (class 0 OID 1302098)
-- Dependencies: 1539
-- Data for Name: country_code; Type: TABLE DATA; Schema: system; Owner: postgres
--

INSERT INTO country_code VALUES ('0a50e74e-e606-4932-a1d0-47917474d38a', 'AD');
INSERT INTO country_code VALUES ('b7e83fd6-b52f-4fcd-9bbd-e8b2014abdb5', 'AE');
INSERT INTO country_code VALUES ('b0c4d60b-c628-4cda-bdd5-52f025dc0647', 'AF');
INSERT INTO country_code VALUES ('4acaf643-485b-4fc4-9c2a-28fa342e592c', 'AG');
INSERT INTO country_code VALUES ('6838ef93-be16-4179-b98d-e4c030d3c68f', 'AI');
INSERT INTO country_code VALUES ('03350cbb-e21e-4815-819e-01cc8c64bf70', 'AL');
INSERT INTO country_code VALUES ('b5c665c5-f95d-47e8-a6ea-d45f119b7ade', 'AM');
INSERT INTO country_code VALUES ('bb2b4831-4dae-4cf7-8c64-5382649f7526', 'AO');
INSERT INTO country_code VALUES ('4455df26-e626-47af-a740-78870acb7277', 'AQ');
INSERT INTO country_code VALUES ('9e9f16fc-cb1c-4dc1-9a0e-ef4edf952aaf', 'AR');
INSERT INTO country_code VALUES ('26aa1e02-1c81-45b7-b223-e8b843666caa', 'AS');
INSERT INTO country_code VALUES ('830ffb96-2baa-46ab-9c9b-a21b06c610d5', 'AT');
INSERT INTO country_code VALUES ('6838304e-35c9-483b-afee-9dcfdc33b4e9', 'AU');
INSERT INTO country_code VALUES ('d67fe435-7dc6-4dcc-9dd4-3635d16eeb34', 'AW');
INSERT INTO country_code VALUES ('fb5862ec-7867-4918-8219-14a541a4ce81', 'AX');
INSERT INTO country_code VALUES ('1bda28db-1b0c-4430-9155-5d22d5faf3cd', 'AZ');
INSERT INTO country_code VALUES ('4867a7b0-e6c4-4502-bd3d-adc6218571d9', 'BA');
INSERT INTO country_code VALUES ('7fe43b42-4338-4cc7-bdd2-0b0b02bc6d18', 'BB');
INSERT INTO country_code VALUES ('73082e77-8568-4a0b-9e34-080f1eb6e967', 'BD');
INSERT INTO country_code VALUES ('1c2a3707-4723-45a6-b7c6-db1572a6a1a7', 'BE');
INSERT INTO country_code VALUES ('d7f14935-e78f-4c24-b2b4-a124e30eb0e6', 'BF');
INSERT INTO country_code VALUES ('e85c6909-e51c-4b1c-8016-f22a0b986d6c', 'BG');
INSERT INTO country_code VALUES ('49b63442-c5b4-47de-801a-bdbbf109904f', 'BH');
INSERT INTO country_code VALUES ('e98df693-bc17-4c3a-babb-cecb53bee175', 'BI');
INSERT INTO country_code VALUES ('b776836d-a1f7-4a59-80fa-d78f6e288c0d', 'BJ');
INSERT INTO country_code VALUES ('ffd140c3-1572-488b-a51d-5265030fb40d', 'BL');
INSERT INTO country_code VALUES ('a148c3ad-1192-42a0-8574-55af3854fb58', 'BM');
INSERT INTO country_code VALUES ('7416b482-f3e9-491b-83a1-f598fbc1b889', 'BN');
INSERT INTO country_code VALUES ('c03230c6-3327-402b-b79c-4cabb27cdc81', 'BO');
INSERT INTO country_code VALUES ('64664946-62ac-4ea0-b3c8-7ca94bf74ec9', 'BQ');
INSERT INTO country_code VALUES ('3926e2b5-a5fa-4a14-9e86-a7d623b97fd9', 'BR');
INSERT INTO country_code VALUES ('5d0b0aeb-52df-4670-9ae3-6f7caeb87c4f', 'BS');
INSERT INTO country_code VALUES ('8a398c93-5f6e-4fe7-96e7-044d0328221f', 'BT');
INSERT INTO country_code VALUES ('09017c43-b691-475f-a9e1-8ac2f0d4ac3f', 'BV');
INSERT INTO country_code VALUES ('39c2a287-05d7-4ea2-ac0e-b911be0ce088', 'BW');
INSERT INTO country_code VALUES ('879f81eb-39b0-48d7-bc0e-1db983be2717', 'BY');
INSERT INTO country_code VALUES ('7bb12065-4ee2-4e18-9dee-e8c2b494e4ae', 'BZ');
INSERT INTO country_code VALUES ('953b3114-e2ff-4c5f-a118-4e14e2d0a2b7', 'CA');
INSERT INTO country_code VALUES ('4a43b447-b513-41dc-ada4-705aa0e3ad86', 'CC');
INSERT INTO country_code VALUES ('d09579b7-b7b6-42cd-83e4-19a28a22b1bd', 'CD');
INSERT INTO country_code VALUES ('14d8701d-a831-4465-8a9b-57e23a5ce9bf', 'CF');
INSERT INTO country_code VALUES ('85ed3f09-031c-45e2-a0bf-423cf22d4f46', 'CG');
INSERT INTO country_code VALUES ('06dcba82-68e3-49fb-84a1-b9d7d8f499e0', 'CH');
INSERT INTO country_code VALUES ('66969a62-0056-44b9-9e28-cbdab4f3c3e3', 'CI');
INSERT INTO country_code VALUES ('bc672b3d-91fc-4013-9085-126cd1870f78', 'CK');
INSERT INTO country_code VALUES ('f99050fc-5bd6-40dc-a102-f19fcbe551c1', 'CL');
INSERT INTO country_code VALUES ('06416661-1d50-483a-b61d-7d490abcc7c1', 'CM');
INSERT INTO country_code VALUES ('a44f54d8-843d-429c-a458-39185888ad2b', 'CN');
INSERT INTO country_code VALUES ('89272d27-13e2-40fc-8d33-0cc1c51ca0bf', 'CO');
INSERT INTO country_code VALUES ('e6864b57-4547-4011-b75f-ba3d60958415', 'CR');
INSERT INTO country_code VALUES ('15e63009-d67f-4248-9085-171406ffb311', 'CU');
INSERT INTO country_code VALUES ('6c583289-5dae-4bbe-9397-1cf71d95e70c', 'CV');
INSERT INTO country_code VALUES ('5d6f9d28-fd07-4fae-8921-4802a2e08e78', 'CW');
INSERT INTO country_code VALUES ('223b6d51-6691-46d1-b290-a2ae1fa5c1f7', 'CX');
INSERT INTO country_code VALUES ('2eac2278-671e-4e61-8173-2357cabf36e6', 'CY');
INSERT INTO country_code VALUES ('47c0fd67-dca8-414f-a377-80dfb1bec20a', 'CZ');
INSERT INTO country_code VALUES ('036cf8ee-a2c0-45f3-89e4-1f2a32739a6d', 'DE');
INSERT INTO country_code VALUES ('ffd99b21-e197-4526-8560-f2c6ca4e36da', 'DJ');
INSERT INTO country_code VALUES ('ad4ec410-af6d-4a9a-ba52-97baf7cdc649', 'DK');
INSERT INTO country_code VALUES ('0cf4cebf-8f05-4b7a-9d56-c26223ed534d', 'DM');
INSERT INTO country_code VALUES ('7f0d77e2-1be1-4032-a90b-f7f83fbedd8d', 'DO');
INSERT INTO country_code VALUES ('bceca440-c9e9-41d8-8da7-683edd1bf41d', 'DZ');
INSERT INTO country_code VALUES ('f1a82aaa-b1d5-40df-b68b-ea969ccc4f23', 'EC');
INSERT INTO country_code VALUES ('d2261d31-37a7-4698-b970-f3308f58ce7e', 'EE');
INSERT INTO country_code VALUES ('924d9fd6-d1b6-46d7-9e81-f4f1c63b3381', 'EG');
INSERT INTO country_code VALUES ('75abac10-519b-44ad-b840-ba98d6cfe978', 'EH');
INSERT INTO country_code VALUES ('b093818b-b222-4e9d-a70d-7f901ea2f2d1', 'ER');
INSERT INTO country_code VALUES ('7346c84c-b0bb-4924-9b70-5273d6951ced', 'ES');
INSERT INTO country_code VALUES ('c6838e1f-be38-4d60-b67b-276da1ce9b16', 'ET');
INSERT INTO country_code VALUES ('ad97481d-103b-4cf7-b966-042f651d44f7', 'FI');
INSERT INTO country_code VALUES ('f7239728-cc66-45e9-8f29-bdeefbef5c72', 'FJ');
INSERT INTO country_code VALUES ('30cf8f95-e6c6-4a75-9291-7a55cab44b5a', 'FK');
INSERT INTO country_code VALUES ('9c917c06-4158-495c-bf9e-76f01f4ce2e5', 'FM');
INSERT INTO country_code VALUES ('22fc40d4-1dc7-4619-bb03-6b3480806b2f', 'FO');
INSERT INTO country_code VALUES ('39111919-1e28-4491-843b-73d77dee7e72', 'FR');
INSERT INTO country_code VALUES ('366e50eb-6e32-4684-9e09-4e545fa56006', 'GA');
INSERT INTO country_code VALUES ('e7b9e71b-b095-4bad-b2c1-c617ef65548e', 'GB');
INSERT INTO country_code VALUES ('49068a26-752a-4700-85f5-88d28f20fda9', 'GD');
INSERT INTO country_code VALUES ('66cd03d7-95a8-4959-99cf-32c2f9a74710', 'GE');
INSERT INTO country_code VALUES ('6c13bede-83b5-401d-8b9a-19e0ed7790aa', 'GF');
INSERT INTO country_code VALUES ('154fe841-82d9-4d80-aebd-9ae21317374d', 'GG');
INSERT INTO country_code VALUES ('a54b087d-88e1-4c9d-bffd-4cbfee29ee15', 'GH');
INSERT INTO country_code VALUES ('ef7e9209-5875-437c-b68e-da5a36ce832a', 'GI');
INSERT INTO country_code VALUES ('82fc8f7c-47ee-4ab5-8455-9210f5a81e8c', 'GL');
INSERT INTO country_code VALUES ('07e46456-adf0-4e26-b78e-67230f2341a9', 'GM');
INSERT INTO country_code VALUES ('d6f3913e-1a25-4ff9-9008-9912500e6db2', 'GN');
INSERT INTO country_code VALUES ('1f8281c5-68e6-4ad5-8e53-a802d6af5c50', 'GP');
INSERT INTO country_code VALUES ('553d1fbc-042f-4ad5-bc9f-64ac33779d68', 'GQ');
INSERT INTO country_code VALUES ('13f5afb9-ffd5-45b7-b1e7-bb876b0f7495', 'GR');
INSERT INTO country_code VALUES ('3723c08f-814d-4843-9be6-14379da5a823', 'GS');
INSERT INTO country_code VALUES ('62139729-32e3-4b6e-9b1c-af8e19a7505c', 'GT');
INSERT INTO country_code VALUES ('d2517b43-ca7a-47a4-9922-98b54cd991f2', 'GU');
INSERT INTO country_code VALUES ('0154c6f3-dbb0-4057-ba6a-fd27f9723060', 'GW');
INSERT INTO country_code VALUES ('9bea6b4f-e209-4188-9ef4-ccb8fd1ebfe1', 'GY');
INSERT INTO country_code VALUES ('cdd9578c-284b-43e8-91a6-e4ed6614db4c', 'HK');
INSERT INTO country_code VALUES ('4c50247c-b3a1-4771-a787-6c6d9f4e2ad4', 'HM');
INSERT INTO country_code VALUES ('006c0151-401f-45fa-92b6-293d15d390e5', 'HN');
INSERT INTO country_code VALUES ('8ca0b6fe-cf22-48fd-939c-b13a9636b559', 'HR');
INSERT INTO country_code VALUES ('fa05e5b1-5caf-476f-9ace-c6dce63a41f2', 'HT');
INSERT INTO country_code VALUES ('c90a2657-feab-4568-a073-aa5ce3ea12f4', 'HU');
INSERT INTO country_code VALUES ('111b39b5-4dea-47d7-b468-ce22195ca5a4', 'ID');
INSERT INTO country_code VALUES ('b0552018-d99f-4eca-b4aa-f5b2e11a3bef', 'IE');
INSERT INTO country_code VALUES ('33239c89-c8d6-46c8-ad4a-f5923f36cab5', 'IL');
INSERT INTO country_code VALUES ('267acef3-e8cf-4275-bf64-4975718cd8be', 'IM');
INSERT INTO country_code VALUES ('12d5968a-e47a-4b22-b506-c17c5d061bbb', 'IN');
INSERT INTO country_code VALUES ('3f2c451d-54e9-4383-8cd1-fcdb95cb9af2', 'IO');
INSERT INTO country_code VALUES ('6a8d1702-21c7-43d2-be32-d155fab06096', 'IQ');
INSERT INTO country_code VALUES ('6ebf022b-5809-470e-93a6-7c0b7216b0cb', 'IR');
INSERT INTO country_code VALUES ('0e45f8e8-4941-4ed8-b412-5ee58c2d33dc', 'IS');
INSERT INTO country_code VALUES ('f3aa4250-fc68-4232-a086-b88cd83fa80f', 'IT');
INSERT INTO country_code VALUES ('37b49cbb-9a31-4721-a87e-1aee9d529729', 'JE');
INSERT INTO country_code VALUES ('8e619c2d-09e5-424d-9d86-6c79e673a84b', 'JM');
INSERT INTO country_code VALUES ('d237d7be-f9c5-45d7-ab03-4a517e7c495d', 'JO');
INSERT INTO country_code VALUES ('f0e2ae38-769b-474b-bc81-c64897d8444b', 'JP');
INSERT INTO country_code VALUES ('81683932-a3a9-4517-a3aa-0e8af92f3391', 'KE');
INSERT INTO country_code VALUES ('83ec9688-5687-488c-9be7-2031b5086b2f', 'KG');
INSERT INTO country_code VALUES ('6b7f6346-3772-44ab-b35f-2a7ea76c703b', 'KH');
INSERT INTO country_code VALUES ('d3e626a9-0c6e-4a76-9278-984335ac6f8d', 'KI');
INSERT INTO country_code VALUES ('8b83e957-adae-4b1e-9c99-5305f1ca0e2c', 'KM');
INSERT INTO country_code VALUES ('a505eabb-307c-401e-98a5-b738760418ae', 'KN');
INSERT INTO country_code VALUES ('bdea7958-3126-4531-9f74-754790a9fcec', 'KP');
INSERT INTO country_code VALUES ('b17bc96e-452f-475f-8a2e-0753f7c03bfb', 'KR');
INSERT INTO country_code VALUES ('01f0a5d3-21a3-445f-bb9f-cce0680b5fcf', 'KW');
INSERT INTO country_code VALUES ('ae967dc5-fe62-4020-be0b-bbdc8dd9bf0b', 'KY');
INSERT INTO country_code VALUES ('b14527cb-57cc-41a5-a3d2-95c9e4187ad3', 'KZ');
INSERT INTO country_code VALUES ('870a544a-674b-4fcb-9fbc-d1d8ce9f7155', 'LA');
INSERT INTO country_code VALUES ('aa8722e3-187c-49a4-9a3a-fc143ed48781', 'LB');
INSERT INTO country_code VALUES ('ea5c4a00-55ca-4b25-9bef-47ec0adebadc', 'LC');
INSERT INTO country_code VALUES ('d059254f-af62-436a-abea-9b51616d97ba', 'LI');
INSERT INTO country_code VALUES ('9d836c93-1d1a-4f47-9c52-801aeb44aba5', 'LK');
INSERT INTO country_code VALUES ('30c56b11-490f-426b-875d-e2c8c3e439b9', 'LR');
INSERT INTO country_code VALUES ('d6cebb63-4404-41b9-a042-8d90b25834ba', 'LS');
INSERT INTO country_code VALUES ('f6ecd3cd-e7fe-4f4c-981f-651af0ffd11d', 'LT');
INSERT INTO country_code VALUES ('97ff7596-6175-47a6-8592-c7b9a7d28902', 'LU');
INSERT INTO country_code VALUES ('f82187cd-5de0-473c-8001-cc3434732edb', 'LV');
INSERT INTO country_code VALUES ('a7c9a643-434b-4b7f-ab33-16fbef056cff', 'LY');
INSERT INTO country_code VALUES ('619a89a5-b0a1-4933-ab40-31d69b6a317e', 'MA');
INSERT INTO country_code VALUES ('9ba68cfb-881f-4d68-bd76-603f681eec0f', 'MC');
INSERT INTO country_code VALUES ('53866085-155b-4dbd-aeea-be0e1fb52056', 'MD');
INSERT INTO country_code VALUES ('fa151be8-9cc7-48c7-bcd6-5f9bb9871b36', 'ME');
INSERT INTO country_code VALUES ('2645799f-8238-4277-9318-131a76b5266d', 'MF');
INSERT INTO country_code VALUES ('e8a19805-23a7-485a-8ad7-934b4701beeb', 'MG');
INSERT INTO country_code VALUES ('6f4be0f7-f9fd-414e-aa8b-91ab03ea77bc', 'MH');
INSERT INTO country_code VALUES ('579254bf-6bd0-4e1b-8bec-b656739496a0', 'MK');
INSERT INTO country_code VALUES ('b9c3f055-1693-41b9-b6a3-f84726bf526f', 'ML');
INSERT INTO country_code VALUES ('11d5f267-9742-4bf0-9d91-3b9111d326d1', 'MM');
INSERT INTO country_code VALUES ('90d8253c-a9f2-41d6-b2fd-32d060822322', 'MN');
INSERT INTO country_code VALUES ('27c075b4-24b7-4027-85ae-baef6a5f79cc', 'MO');
INSERT INTO country_code VALUES ('12bf88f5-70d5-4767-9e88-132503b5d3c5', 'MP');
INSERT INTO country_code VALUES ('ea861644-4b8e-4e73-b787-dca427f2e0d4', 'MQ');
INSERT INTO country_code VALUES ('e582717f-26d8-40b3-8b3f-8936eb86df8e', 'MR');
INSERT INTO country_code VALUES ('fd02ea53-a643-40bd-909f-87476434db40', 'MS');
INSERT INTO country_code VALUES ('47a59d4c-377a-473b-8de1-d1c6bd84da4a', 'MT');
INSERT INTO country_code VALUES ('d4db2d45-6988-42a8-9fb3-caf66651eb0a', 'MU');
INSERT INTO country_code VALUES ('df6aad45-78b7-4c67-97d3-aa798b333002', 'MV');
INSERT INTO country_code VALUES ('a258c572-80fb-47b7-b7c8-d83c6737802b', 'MW');
INSERT INTO country_code VALUES ('7602e66f-d292-4a8c-8134-06b762dff775', 'MX');
INSERT INTO country_code VALUES ('dbdb37e1-9322-4fa3-a3b8-de0846572741', 'MY');
INSERT INTO country_code VALUES ('86fea9c9-065e-4d2b-8894-7dc0b90801d2', 'MZ');
INSERT INTO country_code VALUES ('167f5d2d-38ae-44a6-8a57-5552bb6d265e', 'NA');
INSERT INTO country_code VALUES ('b2bc1a27-7a82-4cf8-9b7f-c68134cbbc0c', 'NC');
INSERT INTO country_code VALUES ('bea10ce5-5860-4fa3-94b0-ffb47b8e7d19', 'NE');
INSERT INTO country_code VALUES ('fd4e0b01-9579-4a8e-aff9-e302dbc547c2', 'NF');
INSERT INTO country_code VALUES ('f2fa8435-5c6d-4ff1-95f4-46d776e59e7e', 'NG');
INSERT INTO country_code VALUES ('11d95f3f-f062-4176-a24d-1387950dd761', 'NI');
INSERT INTO country_code VALUES ('1d0eb82a-1f27-4127-a0be-335f20693eae', 'NL');
INSERT INTO country_code VALUES ('0ed88ef4-5eb2-4632-967f-ae7648dbc9b0', 'NO');
INSERT INTO country_code VALUES ('09cfdc13-639c-4ee2-9bc0-decf072ff824', 'NP');
INSERT INTO country_code VALUES ('06b80b0f-93cb-4d09-b491-758d6b538e7c', 'NR');
INSERT INTO country_code VALUES ('152667a5-9d6a-455d-a3ed-78bea093b29b', 'NU');
INSERT INTO country_code VALUES ('d1a9213f-05f0-43e4-b2e4-7602a785da76', 'NZ');
INSERT INTO country_code VALUES ('380b9100-ec10-4853-92bd-7d1fb8399b53', 'OM');
INSERT INTO country_code VALUES ('7d6f4d28-4b8c-4973-baa7-fbbe42d42e2f', 'PA');
INSERT INTO country_code VALUES ('22ca440f-9b64-4312-8b6f-4d86fee3a25c', 'PE');
INSERT INTO country_code VALUES ('6bcbd5b6-87b9-4138-b6d8-38de4f15fbae', 'PF');
INSERT INTO country_code VALUES ('5bf44dd0-2f29-49ba-a3ed-1e3980248106', 'PG');
INSERT INTO country_code VALUES ('c26f0453-6d81-40f5-9d78-f1d40c9267a4', 'PH');
INSERT INTO country_code VALUES ('b74464a1-d311-4ffd-8d82-21090b3e2487', 'PK');
INSERT INTO country_code VALUES ('5144e311-f2e9-43df-82cc-d9f9299dfd94', 'PL');
INSERT INTO country_code VALUES ('994a3007-cacc-4e00-9aa4-f0e0921234e5', 'PM');
INSERT INTO country_code VALUES ('cca38a05-cbe2-440f-aa30-cc4c8d2bb50f', 'PN');
INSERT INTO country_code VALUES ('541e2a70-52f0-49ef-a1e8-76e718aa6819', 'PR');
INSERT INTO country_code VALUES ('54b6b804-599c-4c52-8284-83f26d028c0d', 'PS');
INSERT INTO country_code VALUES ('27e5c73c-0630-4296-90e4-070d2b221c91', 'PT');
INSERT INTO country_code VALUES ('baa8146d-c7d5-413d-9c23-5912f4b26206', 'PW');
INSERT INTO country_code VALUES ('6a844262-330d-4111-a6b7-bc8f68ad5a51', 'PY');
INSERT INTO country_code VALUES ('bfa194d8-fd8a-4969-b286-1cf4f22b03b6', 'QA');
INSERT INTO country_code VALUES ('9ef96a9c-d5fe-4dcb-acdf-a6d72af97e64', 'RE');
INSERT INTO country_code VALUES ('ea8dc3a8-982d-4ce7-8995-050545d4e954', 'RO');
INSERT INTO country_code VALUES ('157cad16-0613-47b6-b134-3e127a1caf2f', 'RS');
INSERT INTO country_code VALUES ('7b962a49-a773-4b00-87d5-f6620ca65ce8', 'RU');
INSERT INTO country_code VALUES ('5333b8b4-5ee2-4138-b3df-afaac9ad6126', 'RW');
INSERT INTO country_code VALUES ('24bc4e2f-cde1-44b1-baa1-11d1644c69fb', 'SA');
INSERT INTO country_code VALUES ('1c6da19d-c171-4f97-93d3-49d811191d5e', 'SB');
INSERT INTO country_code VALUES ('182cdaa0-8155-4ec9-ae8e-a46cd627ae59', 'SC');
INSERT INTO country_code VALUES ('f1f0d7ba-bd96-4e03-bcc9-ced0af71f468', 'SD');
INSERT INTO country_code VALUES ('22bd74db-96b0-459a-b52d-2e547a65e564', 'SE');
INSERT INTO country_code VALUES ('6e33927c-bb5b-4465-99b5-1622f34c76a3', 'SG');
INSERT INTO country_code VALUES ('1d2df10c-1c0e-4433-bc8b-2f80eb4a5f6c', 'SH');
INSERT INTO country_code VALUES ('7104aba3-f6f3-4976-891e-a7bf177f19f4', 'SI');
INSERT INTO country_code VALUES ('c62cfa8c-c897-4735-afe2-cf2786831890', 'SJ');
INSERT INTO country_code VALUES ('2ff8334f-b26c-43f3-bfe2-35d15d801fac', 'SK');
INSERT INTO country_code VALUES ('854b020e-a6f0-4ef4-9ea3-438edd2ce932', 'SL');
INSERT INTO country_code VALUES ('8f368282-e945-4fc6-8799-e4c7edab6c3d', 'SM');
INSERT INTO country_code VALUES ('75074f39-239f-4137-bed8-0fd9131cd611', 'SN');
INSERT INTO country_code VALUES ('b426c398-fd3f-4f67-9abc-8b7de1eb582e', 'SO');
INSERT INTO country_code VALUES ('6495ce00-222f-4f0d-a708-3740bc5d3152', 'SR');
INSERT INTO country_code VALUES ('3c9a02b4-4338-4da6-a095-475e5b8c3107', 'SS');
INSERT INTO country_code VALUES ('41dfbad8-9bae-4005-9856-6c21bff63a3e', 'ST');
INSERT INTO country_code VALUES ('a4e1a7ca-70bf-4476-af12-063242e95e24', 'SV');
INSERT INTO country_code VALUES ('954d9e8b-2434-420b-a271-29320a68085f', 'SX');
INSERT INTO country_code VALUES ('ecb267a7-9df9-4c78-bb87-34d76927570f', 'SY');
INSERT INTO country_code VALUES ('6f4f5ab4-cb9d-46c4-bd6a-2500a09ce54d', 'SZ');
INSERT INTO country_code VALUES ('1e4496d8-d526-4417-b384-c4abc746a708', 'TC');
INSERT INTO country_code VALUES ('ef369f61-ee46-4c76-8164-b1f3d60d8ddc', 'TD');
INSERT INTO country_code VALUES ('4f3d1504-169b-407a-80b8-0488b9ae9ab0', 'TF');
INSERT INTO country_code VALUES ('6318596a-3008-4628-a295-7deda86814fc', 'TG');
INSERT INTO country_code VALUES ('f2cc5d36-979c-4b44-8c5e-238dcbcb1eea', 'TH');
INSERT INTO country_code VALUES ('108bf19a-a3a0-42c3-9b58-24dd6f61d3d6', 'TJ');
INSERT INTO country_code VALUES ('e1d01809-f08e-42d8-911f-53e45ec46175', 'TK');
INSERT INTO country_code VALUES ('4a4e1951-e017-44b0-9f1d-0b7cc5b6e164', 'TL');
INSERT INTO country_code VALUES ('926f7069-679f-4cd1-a81e-b61dda4bff53', 'TM');
INSERT INTO country_code VALUES ('a703002a-a420-40cb-b369-8c1d380a85b7', 'TN');
INSERT INTO country_code VALUES ('e8525a7b-28fd-4887-9674-d6d8db2e4116', 'TO');
INSERT INTO country_code VALUES ('e1cc9c2c-a972-4bb0-9663-f9b5d6534114', 'TR');
INSERT INTO country_code VALUES ('99d7f40e-a1a2-4ca6-b228-225d5a8362d5', 'TT');
INSERT INTO country_code VALUES ('13240cd2-eb11-4aca-b85f-d1b87809c1cf', 'TV');
INSERT INTO country_code VALUES ('d9c5189a-df8b-49c2-aa4c-5901de7868d0', 'TW');
INSERT INTO country_code VALUES ('56d1740c-aa5c-4858-bdd4-4b10f024448d', 'TZ');
INSERT INTO country_code VALUES ('601d7666-c4f0-4b95-81f4-fd158ed51123', 'UA');
INSERT INTO country_code VALUES ('7406f0a6-f9ab-4eba-8970-1da9d8e399c7', 'UG');
INSERT INTO country_code VALUES ('751c30d7-580c-410c-8025-c57db14c0dd8', 'UM');
INSERT INTO country_code VALUES ('bc7a1c04-b9e0-45d9-85b5-1ad06ba55344', 'US');
INSERT INTO country_code VALUES ('27b0f226-f1b7-4b6c-9162-ff9b0828a72c', 'UY');
INSERT INTO country_code VALUES ('34b4b160-671c-41da-9b63-f6a5bc1c8743', 'UZ');
INSERT INTO country_code VALUES ('226fb979-307d-4a54-a776-905d6ed8d6b6', 'VA');
INSERT INTO country_code VALUES ('b38b999c-f154-4a55-a85b-eab5dff271fa', 'VC');
INSERT INTO country_code VALUES ('55ca227c-0ab0-43b6-b845-580ba02591c3', 'VE');
INSERT INTO country_code VALUES ('62545afc-44b9-4d2a-85dd-87b528b9b4c0', 'VG');
INSERT INTO country_code VALUES ('c8f6c5db-0185-41be-a0ba-d552e9e9dfcf', 'VI');
INSERT INTO country_code VALUES ('bca4985f-ae78-4c19-bb23-cec5aeb380ec', 'VN');
INSERT INTO country_code VALUES ('6739e80f-9328-49cd-b2a8-1a5d0dd14173', 'VU');
INSERT INTO country_code VALUES ('9a064c5b-48da-4b53-867b-0c89b4ab56d5', 'WF');
INSERT INTO country_code VALUES ('7f96ecc2-dc12-4c88-9540-0e9f796f73f5', 'WS');
INSERT INTO country_code VALUES ('44f1dc2e-86d2-4736-a5ae-cbdcf612b0d8', 'YE');
INSERT INTO country_code VALUES ('71657f68-7da6-4576-ab07-191d3992ab30', 'YT');
INSERT INTO country_code VALUES ('62efa0f0-a9a4-40c5-84ed-8dba8171a126', 'ZA');
INSERT INTO country_code VALUES ('516b2e54-40e8-4e07-8195-3d79676e0b25', 'ZM');
INSERT INTO country_code VALUES ('1c297bfa-ebb9-42d5-aacf-e269cad62dd0', 'ZW');

--
-- TOC entry 8889 (class 0 OID 1302087)
-- Dependencies: 1538
-- Data for Name: language_code; Type: TABLE DATA; Schema: system; Owner: postgres
--

INSERT INTO language_code VALUES ('38c77145-135f-469f-9baa-e3c076f43506', 'aa');
INSERT INTO language_code VALUES ('d4734641-4751-4b7d-904f-f50c15d98d3d', 'ab');
INSERT INTO language_code VALUES ('76770ac3-7fa0-43e6-a647-03fec370ec11', 'ae');
INSERT INTO language_code VALUES ('8fe4ca28-2c4b-4d27-b9f7-55b69d8efeaf', 'af');
INSERT INTO language_code VALUES ('3db96366-9d3b-4eec-bfab-ad7282a1016c', 'ak');
INSERT INTO language_code VALUES ('5237ceca-c8ed-4549-9879-6bd3d00bb4ab', 'am');
INSERT INTO language_code VALUES ('b94d3229-8b5f-438e-94e3-258e45c2db4f', 'an');
INSERT INTO language_code VALUES ('241fe6c7-bab1-494b-a586-65a8235bbef6', 'ar');
INSERT INTO language_code VALUES ('a188becf-68f3-4209-8e9d-a8aa5ae03e98', 'as');
INSERT INTO language_code VALUES ('f1823ed4-51e4-4412-b623-4ead7bdd5787', 'av');
INSERT INTO language_code VALUES ('1aff00a6-440a-4eb8-9773-0fb01727447f', 'ay');
INSERT INTO language_code VALUES ('a94a05ea-a8ee-4311-88ad-ba3e45d9b3dd', 'az');
INSERT INTO language_code VALUES ('254cdc77-7037-4db9-a7a8-b93d735035c6', 'ba');
INSERT INTO language_code VALUES ('ba70fb7f-d5b2-4e0a-83c1-dcd2a957013b', 'be');
INSERT INTO language_code VALUES ('9eb1ed27-40d9-4dc3-b1b3-b2f9a92bc848', 'bg');
INSERT INTO language_code VALUES ('bf24436d-1ef8-4565-a25c-eb2f59b58b63', 'bh');
INSERT INTO language_code VALUES ('b6a065ab-ba6f-43fd-beea-da6aa876ddb8', 'bi');
INSERT INTO language_code VALUES ('e7a14f99-a8a8-4ff2-90ef-f77dd0f3d34d', 'bm');
INSERT INTO language_code VALUES ('0f025b60-afb1-4e05-888c-88dfcfcbd71a', 'bn');
INSERT INTO language_code VALUES ('9e406215-540e-4bdf-87c2-5e6b73d19cf7', 'bo');
INSERT INTO language_code VALUES ('a71a5e6e-27aa-4fc7-af7a-0e613c862188', 'br');
INSERT INTO language_code VALUES ('90ddcc22-3e0f-49bf-aa58-0b62ade575fb', 'bs');
INSERT INTO language_code VALUES ('51d53f5e-8c0a-442a-b92a-92d074aa1b78', 'ca');
INSERT INTO language_code VALUES ('5714370a-af2d-4cfe-a9f0-61eca128086f', 'ce');
INSERT INTO language_code VALUES ('797a205a-cddc-43ec-9d59-893b56fb79c2', 'ch');
INSERT INTO language_code VALUES ('2b5f6c5d-5e7d-40c0-a714-00356f9ef44f', 'co');
INSERT INTO language_code VALUES ('fcf687ad-23e6-475f-a295-98f9267cd68b', 'cr');
INSERT INTO language_code VALUES ('1d2cef95-d847-4673-bf60-ab35fea8c528', 'cs');
INSERT INTO language_code VALUES ('e3eed905-73d5-42bd-ab74-69e3178d4b5e', 'cu');
INSERT INTO language_code VALUES ('fe53a456-cab0-4dce-877b-e7610973e2db', 'cv');
INSERT INTO language_code VALUES ('d77b6ab0-b7a6-4b05-bb9e-649748713450', 'cy');
INSERT INTO language_code VALUES ('b55bd1a7-3a24-4f0b-a2e2-a0367c0b31e1', 'da');
INSERT INTO language_code VALUES ('06d10fb8-4665-4e2a-82d5-a0b6a4862f28', 'de');
INSERT INTO language_code VALUES ('df27d6ad-73cb-49bb-88cf-69e821e5be88', 'dv');
INSERT INTO language_code VALUES ('94f7f318-0a82-4f96-8082-8ff02c36b688', 'dz');
INSERT INTO language_code VALUES ('575e5c54-f95d-4a20-aac1-90eed832b884', 'ee');
INSERT INTO language_code VALUES ('e22ed377-b831-47bc-8d27-4e2ae0aaa123', 'el');
INSERT INTO language_code VALUES ('8be78ea0-45e4-4904-ba0c-efb39574d3c2', 'en');
INSERT INTO language_code VALUES ('8df30268-07f9-4e16-8471-14d5c7a30750', 'eo');
INSERT INTO language_code VALUES ('54ee28a9-47af-4c17-88ec-d6936d3f7ac6', 'es');
INSERT INTO language_code VALUES ('c04c6cb8-7376-4288-9da8-8de199fd15ac', 'et');
INSERT INTO language_code VALUES ('3df89574-e9bd-4304-8ba8-439d57b47955', 'eu');
INSERT INTO language_code VALUES ('7f0c563c-ce9b-4baa-ab0a-7b36c2de3c71', 'fa');
INSERT INTO language_code VALUES ('68693f90-ddc4-427f-8bbf-03925e30316b', 'ff');
INSERT INTO language_code VALUES ('d23eb8b2-427d-4f56-88fc-7eac866ffcee', 'fi');
INSERT INTO language_code VALUES ('46632f94-923a-49e4-bf13-259334e555c6', 'fj');
INSERT INTO language_code VALUES ('7480ddd7-c6de-4403-87df-5fbbdba18d19', 'fo');
INSERT INTO language_code VALUES ('a1e4d64a-142e-4856-ba31-c1506bf2c678', 'fr');
INSERT INTO language_code VALUES ('a515977d-ff72-4eec-844b-01578c7cb8c1', 'fy');
INSERT INTO language_code VALUES ('15535a5a-147b-476b-b3d4-a70867b69c2b', 'ga');
INSERT INTO language_code VALUES ('ff38aec6-2e91-4433-b57d-2ef3fe99d124', 'gd');
INSERT INTO language_code VALUES ('05f8dc42-dd6e-46ce-af00-96606f929b7d', 'gl');
INSERT INTO language_code VALUES ('699b57fd-c1bb-4dbc-9f5d-7971d14d37a8', 'gn');
INSERT INTO language_code VALUES ('0426aa6a-f603-4c14-b4a6-485949c42192', 'gu');
INSERT INTO language_code VALUES ('07f22e0c-08a5-458a-8cf4-c4b556db77ca', 'gv');
INSERT INTO language_code VALUES ('4a740dd8-064f-4452-9915-3108585543d7', 'ha');
INSERT INTO language_code VALUES ('e7685c09-be6b-48f8-8d1c-eb77591707d2', 'he');
INSERT INTO language_code VALUES ('5102bfea-97b3-4263-a44d-c06ec86e53ae', 'hi');
INSERT INTO language_code VALUES ('33df1a92-a482-4322-bc9d-142211da25c3', 'ho');
INSERT INTO language_code VALUES ('718fa0dd-fea0-4aca-8b21-6e4cafcdef13', 'hr');
INSERT INTO language_code VALUES ('852d6e57-68a7-4669-80f5-3aa7d4fd7df0', 'ht');
INSERT INTO language_code VALUES ('90fcf947-7fd1-4cd3-8758-8760c912f01f', 'hu');
INSERT INTO language_code VALUES ('631f45ce-9123-4d42-899f-f99c0fe610d1', 'hy');
INSERT INTO language_code VALUES ('3fa03352-0e80-479d-a6a4-78016e899d9f', 'hz');
INSERT INTO language_code VALUES ('026f1c16-680c-471b-8791-cdec7ad695d8', 'ia');
INSERT INTO language_code VALUES ('521a5657-4167-459f-8d6a-0fe1a1d5900b', 'id');
INSERT INTO language_code VALUES ('4088fc17-97ba-433c-a1d8-33d1b49dab3c', 'ie');
INSERT INTO language_code VALUES ('e238b4a4-ce8d-455a-b88e-131ed9bc50c7', 'ig');
INSERT INTO language_code VALUES ('897edf7a-14e7-4d47-b3a6-00a28f5dae85', 'ii');
INSERT INTO language_code VALUES ('2dcb6a84-feec-4d74-aeb7-516810e92fce', 'ik');
INSERT INTO language_code VALUES ('08850962-7909-4da6-ad4d-1b2032e8cbc5', 'io');
INSERT INTO language_code VALUES ('dd8a0507-1e27-4720-9c32-ce292d7c7962', 'is');
INSERT INTO language_code VALUES ('7d28a1fc-1116-45eb-828b-3664fa2f3ff2', 'it');
INSERT INTO language_code VALUES ('77c3c158-9b4c-44b2-aa1f-277725a94975', 'iu');
INSERT INTO language_code VALUES ('1b569c37-3878-46de-bccb-4c2a720fb64d', 'ja');
INSERT INTO language_code VALUES ('98294a9b-6385-4aaf-9ed5-1b300a8864c9', 'jv');
INSERT INTO language_code VALUES ('f706c71e-b543-47c0-835b-485739e59ec7', 'ka');
INSERT INTO language_code VALUES ('4529df58-bec3-48db-a23a-03b97df1c4ff', 'kg');
INSERT INTO language_code VALUES ('be07e948-84a5-4041-a4ff-84e38a14579f', 'ki');
INSERT INTO language_code VALUES ('b3101459-3d89-4690-aea6-59f3b07b6f33', 'kj');
INSERT INTO language_code VALUES ('de2d4b5b-efa6-4f49-ac42-35aed042acc5', 'kk');
INSERT INTO language_code VALUES ('b4820f64-0323-4fe2-82eb-e77d81ad5fd3', 'kl');
INSERT INTO language_code VALUES ('b0a3f533-ff8b-4be8-800b-1c5625ea8894', 'km');
INSERT INTO language_code VALUES ('4ad54b47-7df8-45eb-81c2-e050bd7328af', 'kn');
INSERT INTO language_code VALUES ('ce028933-3aab-4f05-9a0f-eceb0261b04b', 'ko');
INSERT INTO language_code VALUES ('50966a04-9249-4fa2-bfbc-4b2b9d925d49', 'kr');
INSERT INTO language_code VALUES ('3bea5437-68dd-47ce-81e5-cd35936b5503', 'ks');
INSERT INTO language_code VALUES ('8f98ffb2-e34b-470f-a4d1-7e4dd095f830', 'ku');
INSERT INTO language_code VALUES ('92e2aa21-cb8a-48be-a540-8ecafb821664', 'kv');
INSERT INTO language_code VALUES ('57037e10-1d88-4c0c-af51-68537a6bae6d', 'kw');
INSERT INTO language_code VALUES ('8abbda15-48f3-4b24-abd6-7e46af77469c', 'ky');
INSERT INTO language_code VALUES ('0ff6ed1f-a858-4473-ad88-f2cf3e434fd3', 'la');
INSERT INTO language_code VALUES ('13bf8c9a-9d14-4043-96a5-f817a42da3ef', 'lb');
INSERT INTO language_code VALUES ('d0145b67-827f-4a20-9ba0-5021c1da5f43', 'lg');
INSERT INTO language_code VALUES ('2de25940-8708-40c3-af4e-962c2f3c006d', 'li');
INSERT INTO language_code VALUES ('c3f20c4d-3fec-45aa-8d0d-b16b6c8f100c', 'ln');
INSERT INTO language_code VALUES ('211ebef3-e4d2-4577-b55a-240fc29fdb14', 'lo');
INSERT INTO language_code VALUES ('85e6e7bc-0495-42c7-b8ef-7e4a23edbcee', 'lt');
INSERT INTO language_code VALUES ('2dbb1775-1949-4041-b994-5f11797fe4f1', 'lu');
INSERT INTO language_code VALUES ('f52ac144-114b-4d18-8eda-81384e250b54', 'lv');
INSERT INTO language_code VALUES ('c44e65a3-1082-4623-95a8-8142efe8269d', 'mg');
INSERT INTO language_code VALUES ('01e3167b-ff18-4a0c-bbc6-71229d9bd44b', 'mh');
INSERT INTO language_code VALUES ('03fec901-e762-45db-b43c-c1daf67d5581', 'mi');
INSERT INTO language_code VALUES ('eb6f3878-1658-4dc5-9b25-2838f1a76c8d', 'mk');
INSERT INTO language_code VALUES ('dc701ee0-d254-49bb-81a1-e34c6da430a2', 'ml');
INSERT INTO language_code VALUES ('a7986e83-a69e-4271-b4a1-04c843834461', 'mn');
INSERT INTO language_code VALUES ('b0839538-421f-4018-93e7-ec4a26aec31a', 'mr');
INSERT INTO language_code VALUES ('6318a740-d153-4ae1-8f3f-5f79b5da26ff', 'ms');
INSERT INTO language_code VALUES ('dfbb1ebb-1f16-458e-984e-67621a6d9e3f', 'mt');
INSERT INTO language_code VALUES ('3c4d7e9d-9bc3-4cb0-a735-4c7722f60135', 'my');
INSERT INTO language_code VALUES ('65c190f7-ec51-48a8-84de-809a6f176e1b', 'na');
INSERT INTO language_code VALUES ('7f8fc59d-1490-46fe-b239-7b148b89ed95', 'nb');
INSERT INTO language_code VALUES ('5df2e6e5-1442-4142-9812-d432ca1cf2d1', 'nd');
INSERT INTO language_code VALUES ('6b9fbd03-1f7f-4c47-94f5-0af60217ea0b', 'ne');
INSERT INTO language_code VALUES ('ce2f9c80-60f6-48d3-b0a2-411a8f2083da', 'ng');
INSERT INTO language_code VALUES ('701bfccd-44c7-4a08-8c41-60a11a5f11a1', 'nl');
INSERT INTO language_code VALUES ('9e07cc42-0e0a-480b-a5a0-bb9dde1af54d', 'nn');
INSERT INTO language_code VALUES ('0391b139-b518-485d-87af-d9eb75c69264', 'no');
INSERT INTO language_code VALUES ('2fd3f8cf-4797-4b55-b77e-61aaf4395e6f', 'nr');
INSERT INTO language_code VALUES ('19802087-675d-4356-9c9a-2dca2e1a6f5f', 'nv');
INSERT INTO language_code VALUES ('79ddc906-550c-4bdd-b4b6-670efe0730c2', 'ny');
INSERT INTO language_code VALUES ('2121d1b5-b5d0-43dd-b233-6ac4f1709202', 'oc');
INSERT INTO language_code VALUES ('754d6520-1b4a-41b0-a9a6-021d2c967e8f', 'oj');
INSERT INTO language_code VALUES ('9bdbf4a4-5c51-49ec-8133-017d1c80d7bc', 'om');
INSERT INTO language_code VALUES ('8ee0b94f-4e53-459a-8b52-686dcbcaba78', 'or');
INSERT INTO language_code VALUES ('2945169a-7a1e-4fee-b5f6-96881a1358e7', 'os');
INSERT INTO language_code VALUES ('629f40df-629c-4c25-a3f3-83c94a2bb41f', 'pa');
INSERT INTO language_code VALUES ('5ade6f8a-9459-4738-b2ce-33645b7c7c87', 'pi');
INSERT INTO language_code VALUES ('fc420752-d244-4b6d-9161-99d952cea14a', 'pl');
INSERT INTO language_code VALUES ('fbb11bdc-20d6-408d-a51c-2ec703b2e22f', 'ps');
INSERT INTO language_code VALUES ('c54eed2d-117e-46a8-a3fb-edd0b1b9101b', 'pt');
INSERT INTO language_code VALUES ('30448514-c7cf-4e52-8e1f-354d2304f60c', 'qu');
INSERT INTO language_code VALUES ('b556ba70-5cf8-4496-b0ef-98e004037574', 'rm');
INSERT INTO language_code VALUES ('bf40e074-91ab-435b-b828-c4a5e51807fa', 'rn');
INSERT INTO language_code VALUES ('d8adf7ef-d3bc-4960-8597-dca21d55f4e8', 'ro');
INSERT INTO language_code VALUES ('b49eacb1-e824-487d-8a5b-955fa1ad8bd6', 'ru');
INSERT INTO language_code VALUES ('903530a5-6ee6-4619-ac95-71734e0707ab', 'rw');
INSERT INTO language_code VALUES ('73addae0-9f63-49d7-bec5-bfb82a127def', 'sa');
INSERT INTO language_code VALUES ('0aad0c79-5a8c-420d-8b11-64a6ccd98042', 'sc');
INSERT INTO language_code VALUES ('b2bb09ca-60e4-4b08-b910-badca3d166c8', 'sd');
INSERT INTO language_code VALUES ('5e2db208-5e94-4d93-9a8d-c3440a5f4cbb', 'se');
INSERT INTO language_code VALUES ('a4b94d25-cb67-4434-859d-397b7cdfafec', 'sg');
INSERT INTO language_code VALUES ('0477cc38-4f95-4d3e-bd0f-282c7cf68861', 'si');
INSERT INTO language_code VALUES ('f6277ef3-76d4-456c-8e94-79834c81a24b', 'sk');
INSERT INTO language_code VALUES ('f09ba76a-9591-4f1f-a27c-4cea5bd6a5f1', 'sl');
INSERT INTO language_code VALUES ('f94e68f6-528f-431d-bf00-d30dcb3e5606', 'sm');
INSERT INTO language_code VALUES ('cf1dccd5-34f8-4006-a198-38552d17c262', 'sn');
INSERT INTO language_code VALUES ('efbb5f40-d9f3-499a-8233-33a9a1365cf4', 'so');
INSERT INTO language_code VALUES ('4d75275b-99cd-4bc5-a6aa-4f54524f962d', 'sq');
INSERT INTO language_code VALUES ('e1f4b8d3-5281-45b2-8405-9530cbfd4b1b', 'sr');
INSERT INTO language_code VALUES ('c3c1e69c-4136-4e08-a643-1d1a240d317a', 'ss');
INSERT INTO language_code VALUES ('92899d9b-f0f3-43f2-994d-b8710c4b477f', 'st');
INSERT INTO language_code VALUES ('c8a9144e-c2a6-4c5b-bbea-0070cc0796f5', 'su');
INSERT INTO language_code VALUES ('1b5dc314-a591-49b1-b95f-811e18403db6', 'sv');
INSERT INTO language_code VALUES ('6a1b5c49-a08d-4871-8741-f18b0c0e85ce', 'sw');
INSERT INTO language_code VALUES ('b86fc350-f060-466f-a099-3062109eea98', 'ta');
INSERT INTO language_code VALUES ('c6edd0dd-a23c-4353-8d45-0e4454110bdd', 'te');
INSERT INTO language_code VALUES ('3275295e-018a-47d1-8ad5-1a3eb0b8d104', 'tg');
INSERT INTO language_code VALUES ('872d8a7d-d85e-40be-9199-27ca1b5a5dc4', 'th');
INSERT INTO language_code VALUES ('45567dd0-c687-4ca9-bf56-ad1d7e95c6b5', 'ti');
INSERT INTO language_code VALUES ('f56114c2-30be-438e-aef6-3ffd7812f8eb', 'tk');
INSERT INTO language_code VALUES ('a1fb7bdf-501f-42a2-80da-8f14cdd40793', 'tl');
INSERT INTO language_code VALUES ('e62e0c81-5988-424c-8490-04a9d9f02be2', 'tn');
INSERT INTO language_code VALUES ('9adb512c-073b-47aa-a635-d55b8b19e066', 'to');
INSERT INTO language_code VALUES ('eaa8c157-b92a-42c5-bc13-49485c8fbd62', 'tr');
INSERT INTO language_code VALUES ('5a71764e-0455-4fd5-bdcb-48017f4542cf', 'ts');
INSERT INTO language_code VALUES ('2415727a-66cf-46c9-b682-3e2ce0a7bd5a', 'tt');
INSERT INTO language_code VALUES ('03b718bd-4bb3-4220-b656-c2a8859a9bb8', 'tw');
INSERT INTO language_code VALUES ('2230bdc4-38ca-4c40-b240-eed6d0a88812', 'ty');
INSERT INTO language_code VALUES ('8bdaced4-1465-4426-919c-3965fc903558', 'ug');
INSERT INTO language_code VALUES ('89806761-e8ed-4936-8ba5-5c3e3f5bc277', 'uk');
INSERT INTO language_code VALUES ('9084684c-d790-4bfb-a197-4e1522992940', 'ur');
INSERT INTO language_code VALUES ('8f98fbb7-7698-458b-8383-e86dd025c663', 'uz');
INSERT INTO language_code VALUES ('dc3a22f2-f9ed-4f6f-91a3-50b0d59ef481', 've');
INSERT INTO language_code VALUES ('18cf01aa-5982-4eaf-b6e5-98f5690dce0b', 'vi');
INSERT INTO language_code VALUES ('297f06b1-e660-4ff7-b36d-aacd23002769', 'vo');
INSERT INTO language_code VALUES ('6cac8a61-0805-461e-af98-52d558037305', 'wa');
INSERT INTO language_code VALUES ('f911ae78-9e67-4d6c-9e84-6e4f80d59621', 'wo');
INSERT INTO language_code VALUES ('b4d24305-a25a-4656-9394-f1dd102bf23f', 'xh');
INSERT INTO language_code VALUES ('620dd60d-14a4-4e61-9cb6-686bee970b8c', 'xx');
INSERT INTO language_code VALUES ('47302bb2-5018-41e2-a608-27a9ae37c866', 'yi');
INSERT INTO language_code VALUES ('09da9081-d077-4e3f-beb7-7e1da7236714', 'yo');
INSERT INTO language_code VALUES ('bb05386a-45dc-409a-81f4-40d3aebe7886', 'za');
INSERT INTO language_code VALUES ('42860ee0-a570-4d36-a765-99c3d819b424', 'zh');
INSERT INTO language_code VALUES ('53e241d4-0bf0-4567-8bf3-cee2c5df5a0e', 'zu');

--
-- TOC entry 8892 (class 0 OID 1302120)
-- Dependencies: 1541
-- Data for Name: pt_locale; Type: TABLE DATA; Schema: system; Owner: postgres
--

INSERT INTO pt_locale VALUES ('bd0fcf55-547a-44da-b7c7-915e6e4ec40e', '620dd60d-14a4-4e61-9cb6-686bee970b8c', NULL, 'c4d53f98-04af-4d04-9073-4f040a60c64b');
INSERT INTO pt_locale VALUES ('c0d76ff3-a711-42af-920d-09132a287015', '06d10fb8-4665-4e2a-82d5-a0b6a4862f28', '036cf8ee-a2c0-45f3-89e4-1f2a32739a6d', 'c4d53f98-04af-4d04-9073-4f040a60c64b');
INSERT INTO pt_locale VALUES ('b36320a4-0c74-484e-8c5b-402693deee0f', '8be78ea0-45e4-4904-ba0c-efb39574d3c2', 'e7b9e71b-b095-4bad-b2c1-c617ef65548e', 'c4d53f98-04af-4d04-9073-4f040a60c64b');

--
-- TOC entry 8893 (class 0 OID 1302143)
-- Dependencies: 1542
-- Data for Name: localized_character_string; Type: TABLE DATA; Schema: system; Owner: postgres
--

INSERT INTO localized_character_string VALUES ('0f21c198-7724-49b3-b630-050054c14f7d', 'c0d76ff3-a711-42af-920d-09132a287015', 'WL_Thema');
INSERT INTO localized_character_string VALUES ('0f21c198-7724-49b3-b630-050054c14f7d', 'b36320a4-0c74-484e-8c5b-402693deee0f', 'vl_topic');
INSERT INTO localized_character_string VALUES ('21302306-cbad-4351-86ca-be1e91cd4133', 'c0d76ff3-a711-42af-920d-09132a287015', 'WL_Einheit');
INSERT INTO localized_character_string VALUES ('21302306-cbad-4351-86ca-be1e91cd4133', 'b36320a4-0c74-484e-8c5b-402693deee0f', 'vl_unit');
INSERT INTO localized_character_string VALUES ('eb1dc339-7305-45c3-91ca-792bffc009cb', 'c0d76ff3-a711-42af-920d-09132a287015', 'WL_Datentyp');
INSERT INTO localized_character_string VALUES ('eb1dc339-7305-45c3-91ca-792bffc009cb', 'b36320a4-0c74-484e-8c5b-402693deee0f', 'vl_data_type');
INSERT INTO localized_character_string VALUES ('65705f5b-48b2-47b3-8fb3-cbfc0681ba98', 'c0d76ff3-a711-42af-920d-09132a287015', 'WL_Beziehungstyp');
INSERT INTO localized_character_string VALUES ('65705f5b-48b2-47b3-8fb3-cbfc0681ba98', 'b36320a4-0c74-484e-8c5b-402693deee0f', 'vl_relationship_type');
INSERT INTO localized_character_string VALUES ('328905fc-f0de-4902-b604-f0da363c6b6f', 'c0d76ff3-a711-42af-920d-09132a287015', 'WL_SKOSBeziehungsart');
INSERT INTO localized_character_string VALUES ('328905fc-f0de-4902-b604-f0da363c6b6f', 'b36320a4-0c74-484e-8c5b-402693deee0f', 'vl_skos_relationship');
INSERT INTO localized_character_string VALUES ('6b2929cf-4e66-4c4a-a43a-535df42c240f', 'bd0fcf55-547a-44da-b7c7-915e6e4ec40e', 'km');
INSERT INTO localized_character_string VALUES ('fcdb8707-da29-466c-898a-6d08de85ee9c', 'bd0fcf55-547a-44da-b7c7-915e6e4ec40e', 'km²');
INSERT INTO localized_character_string VALUES ('5407be7c-0812-450f-90de-aa3279ae7e42', 'bd0fcf55-547a-44da-b7c7-915e6e4ec40e', 'm');
INSERT INTO localized_character_string VALUES ('141315c2-8a6e-4e14-98dc-0b3283006cfa', 'bd0fcf55-547a-44da-b7c7-915e6e4ec40e', 'm²');
INSERT INTO localized_character_string VALUES ('64023cb6-f807-46c1-b63e-1dac9088a750', 'bd0fcf55-547a-44da-b7c7-915e6e4ec40e', 'cm');
INSERT INTO localized_character_string VALUES ('bac60238-f809-4ec3-9010-1ac4f86c1e6a', 'bd0fcf55-547a-44da-b7c7-915e6e4ec40e', 'cm²');
INSERT INTO localized_character_string VALUES ('c4891097-d895-4bfb-9a9a-2fd55d63d978', 'bd0fcf55-547a-44da-b7c7-915e6e4ec40e', 'mm');
INSERT INTO localized_character_string VALUES ('5ae60eee-c8f4-42b6-8deb-dcfe4059c5d7', 'bd0fcf55-547a-44da-b7c7-915e6e4ec40e', 'mm²');
INSERT INTO localized_character_string VALUES ('cbf04994-30a5-455d-9aab-95a798ae7b67', 'bd0fcf55-547a-44da-b7c7-915e6e4ec40e', 'mg');
INSERT INTO localized_character_string VALUES ('82314e55-e51f-4e82-ab26-534cac409001', 'bd0fcf55-547a-44da-b7c7-915e6e4ec40e', 'g');
INSERT INTO localized_character_string VALUES ('412646a4-548d-4d42-9d29-8658ff2958c5', 'bd0fcf55-547a-44da-b7c7-915e6e4ec40e', 'kg');
INSERT INTO localized_character_string VALUES ('b8025f00-e1a0-4385-8ce1-7f3669dc87e8', 'bd0fcf55-547a-44da-b7c7-915e6e4ec40e', 't');
INSERT INTO localized_character_string VALUES ('9813e085-a96c-4aeb-a10b-fabbe8af8edf', 'bd0fcf55-547a-44da-b7c7-915e6e4ec40e', 'ml');
INSERT INTO localized_character_string VALUES ('0d5566df-d984-4f3d-8136-3d7f5a89c339', 'bd0fcf55-547a-44da-b7c7-915e6e4ec40e', 'cl');
INSERT INTO localized_character_string VALUES ('1ee25c54-3b42-4389-9335-01bd17e287eb', 'bd0fcf55-547a-44da-b7c7-915e6e4ec40e', 'l');
INSERT INTO localized_character_string VALUES ('3339150e-8593-4cd3-b725-b2c6baec7322', 'bd0fcf55-547a-44da-b7c7-915e6e4ec40e', 'varchar');
INSERT INTO localized_character_string VALUES ('76943c12-ba86-4d13-a465-0a9ee5fd3e0b', 'bd0fcf55-547a-44da-b7c7-915e6e4ec40e', 'text');
INSERT INTO localized_character_string VALUES ('af460423-307d-4279-a28e-39095e1d62e3', 'bd0fcf55-547a-44da-b7c7-915e6e4ec40e', 'integer');
INSERT INTO localized_character_string VALUES ('ca5645ff-d523-46ab-8a14-85a93d6cf78f', 'bd0fcf55-547a-44da-b7c7-915e6e4ec40e', 'numeric');
INSERT INTO localized_character_string VALUES ('8e43906c-7b91-4237-bc63-00c18941be3e', 'bd0fcf55-547a-44da-b7c7-915e6e4ec40e', 'boolean');
INSERT INTO localized_character_string VALUES ('a8536d3e-ecac-47eb-95a0-19251933bb6b', 'bd0fcf55-547a-44da-b7c7-915e6e4ec40e', 'date');
INSERT INTO localized_character_string VALUES ('59da8265-4d09-4392-b9b2-3ec1823b693b', 'bd0fcf55-547a-44da-b7c7-915e6e4ec40e', 'geometry(Geometry)');
INSERT INTO localized_character_string VALUES ('5832596c-cf60-4ec3-a9be-e8ceda5268ae', 'bd0fcf55-547a-44da-b7c7-915e6e4ec40e', 'geometry(GeometryZ)');
INSERT INTO localized_character_string VALUES ('68d42cfb-b350-45e4-a313-00c7d690d7fb', 'bd0fcf55-547a-44da-b7c7-915e6e4ec40e', 'url');
INSERT INTO localized_character_string VALUES ('fc6af4fa-2cc1-40c3-a59e-ff64203ea1fb', 'bd0fcf55-547a-44da-b7c7-915e6e4ec40e', 'file');
INSERT INTO localized_character_string VALUES ('37103971-3927-4d2b-9ee2-84531c962891', 'bd0fcf55-547a-44da-b7c7-915e6e4ec40e', 'image');
INSERT INTO localized_character_string VALUES ('414fbfcb-178e-4eb2-9626-ad449817e951', 'bd0fcf55-547a-44da-b7c7-915e6e4ec40e', 'skos:semanticRelation');
INSERT INTO localized_character_string VALUES ('8c9cd4cf-0457-4b4b-b7e2-799768eb4695', 'bd0fcf55-547a-44da-b7c7-915e6e4ec40e', 'skos:broader');
INSERT INTO localized_character_string VALUES ('b4fd7232-85c7-4962-b749-d5d9fbc60010', 'bd0fcf55-547a-44da-b7c7-915e6e4ec40e', 'skos:narrower');
INSERT INTO localized_character_string VALUES ('5891a851-21b9-4601-92b8-c78513ab4ea0', 'bd0fcf55-547a-44da-b7c7-915e6e4ec40e', 'skos:related');
INSERT INTO localized_character_string VALUES ('6b8160a3-d176-428b-8a58-68ec76a7c81d', 'bd0fcf55-547a-44da-b7c7-915e6e4ec40e', 'skos:broaderTransitive');
INSERT INTO localized_character_string VALUES ('2459dcd0-d67e-439e-a0e4-2b70d1721985', 'bd0fcf55-547a-44da-b7c7-915e6e4ec40e', 'skos:narrowerTransitive');

--
-- TOC entry 8894 (class 0 OID 1302161)
-- Dependencies: 1543
-- Data for Name: value_list; Type: TABLE DATA; Schema: system; Owner: postgres
--

INSERT INTO value_list VALUES ('d145bf95-f6ea-4405-832b-55da75e825e5', '0f21c198-7724-49b3-b630-050054c14f7d', NULL);
INSERT INTO value_list VALUES ('b3056afa-160f-45f2-803f-69e276496a56', '21302306-cbad-4351-86ca-be1e91cd4133', NULL);
INSERT INTO value_list VALUES ('0007cdc1-41c7-4237-841f-af6b63bc6c85', 'eb1dc339-7305-45c3-91ca-792bffc009cb', NULL);
INSERT INTO value_list VALUES ('85bc27a7-dfa5-4a79-adaf-1e8886053b2e', '65705f5b-48b2-47b3-8fb3-cbfc0681ba98', NULL);
INSERT INTO value_list VALUES ('f64e20bc-55da-4efa-a2f5-ab664faef886', '328905fc-f0de-4902-b604-f0da363c6b6f', NULL);

--
-- TOC entry 8895 (class 0 OID 1302177)
-- Dependencies: 1544
-- Data for Name: value_list_values; Type: TABLE DATA; Schema: system; Owner: postgres
--

-- deactivate insert trigger on value_list_values that inhibit insert values to the value list "vl_data_type"
ALTER TABLE value_list_values DISABLE TRIGGER ALL;

INSERT INTO value_list_values VALUES ('b5a32b37-4459-4050-bda0-fbe8d0d4a020', '6b2929cf-4e66-4c4a-a43a-535df42c240f', NULL, true, 'b3056afa-160f-45f2-803f-69e276496a56');
INSERT INTO value_list_values VALUES ('1152d640-a796-4a46-92e6-d0df9383d793', 'fcdb8707-da29-466c-898a-6d08de85ee9c', NULL, true, 'b3056afa-160f-45f2-803f-69e276496a56');
INSERT INTO value_list_values VALUES ('46e3afef-d254-4d63-a9de-fd2cabe2dc6e', '5407be7c-0812-450f-90de-aa3279ae7e42', NULL, true, 'b3056afa-160f-45f2-803f-69e276496a56');
INSERT INTO value_list_values VALUES ('c5fcd4bd-83e6-4ac7-90a0-5d015c89655e', '141315c2-8a6e-4e14-98dc-0b3283006cfa', NULL, true, 'b3056afa-160f-45f2-803f-69e276496a56');
INSERT INTO value_list_values VALUES ('81f2c264-feef-4d87-bd46-5c3e5e911b8e', '64023cb6-f807-46c1-b63e-1dac9088a750', NULL, true, 'b3056afa-160f-45f2-803f-69e276496a56');
INSERT INTO value_list_values VALUES ('35256f0c-bad5-4629-9b36-e81c773510ac', 'bac60238-f809-4ec3-9010-1ac4f86c1e6a', NULL, true, 'b3056afa-160f-45f2-803f-69e276496a56');
INSERT INTO value_list_values VALUES ('f28ccc95-729f-461c-980e-ce3744e92db8', 'c4891097-d895-4bfb-9a9a-2fd55d63d978', NULL, true, 'b3056afa-160f-45f2-803f-69e276496a56');
INSERT INTO value_list_values VALUES ('f29c2a56-0fa1-47be-b25a-76abd01e70aa', '5ae60eee-c8f4-42b6-8deb-dcfe4059c5d7', NULL, true, 'b3056afa-160f-45f2-803f-69e276496a56');
INSERT INTO value_list_values VALUES ('5225e8f5-fde1-4fb2-a02d-fd5321ea21d5', 'cbf04994-30a5-455d-9aab-95a798ae7b67', NULL, true, 'b3056afa-160f-45f2-803f-69e276496a56');
INSERT INTO value_list_values VALUES ('db90bc1e-8ff4-4142-8265-411423da767f', '82314e55-e51f-4e82-ab26-534cac409001', NULL, true, 'b3056afa-160f-45f2-803f-69e276496a56');
INSERT INTO value_list_values VALUES ('49a73e79-374f-4f37-b93a-6e65e0ff852c', '412646a4-548d-4d42-9d29-8658ff2958c5', NULL, true, 'b3056afa-160f-45f2-803f-69e276496a56');
INSERT INTO value_list_values VALUES ('6ecaacee-addb-4733-be77-f2a92f3d98ae', 'b8025f00-e1a0-4385-8ce1-7f3669dc87e8', NULL, true, 'b3056afa-160f-45f2-803f-69e276496a56');
INSERT INTO value_list_values VALUES ('6b4f8a00-7c77-40a8-9625-1527ab77b568', '9813e085-a96c-4aeb-a10b-fabbe8af8edf', NULL, true, 'b3056afa-160f-45f2-803f-69e276496a56');
INSERT INTO value_list_values VALUES ('e04b99e5-b082-475a-96c5-780d0245593c', '0d5566df-d984-4f3d-8136-3d7f5a89c339', NULL, true, 'b3056afa-160f-45f2-803f-69e276496a56');
INSERT INTO value_list_values VALUES ('9f4041eb-a7d0-4a88-9beb-fd7b28e29568', '1ee25c54-3b42-4389-9335-01bd17e287eb', NULL, true, 'b3056afa-160f-45f2-803f-69e276496a56');
INSERT INTO value_list_values VALUES ('752fc105-f93b-4b22-bae2-87b2e31653b4', '3339150e-8593-4cd3-b725-b2c6baec7322', NULL, true, '0007cdc1-41c7-4237-841f-af6b63bc6c85');
INSERT INTO value_list_values VALUES ('7ea709cf-d31d-4c40-bc7a-4e700ae3cb69', '76943c12-ba86-4d13-a465-0a9ee5fd3e0b', NULL, true, '0007cdc1-41c7-4237-841f-af6b63bc6c85');
INSERT INTO value_list_values VALUES ('c10ddb22-babd-437d-a04a-f44f068ff62b', 'af460423-307d-4279-a28e-39095e1d62e3', NULL, true, '0007cdc1-41c7-4237-841f-af6b63bc6c85');
INSERT INTO value_list_values VALUES ('f5a22fd3-1b19-408c-8b6a-94f5d090d89f', 'ca5645ff-d523-46ab-8a14-85a93d6cf78f', NULL, true, '0007cdc1-41c7-4237-841f-af6b63bc6c85');
INSERT INTO value_list_values VALUES ('e2545e48-b07e-4295-85b5-e68b7f82a0e8', '8e43906c-7b91-4237-bc63-00c18941be3e', NULL, true, '0007cdc1-41c7-4237-841f-af6b63bc6c85');
INSERT INTO value_list_values VALUES ('1453be24-2b0c-4b40-a648-ecccf0f382a3', 'a8536d3e-ecac-47eb-95a0-19251933bb6b', NULL, true, '0007cdc1-41c7-4237-841f-af6b63bc6c85');
INSERT INTO value_list_values VALUES ('7c043561-8e6f-41a8-9290-fc81a2582037', '59da8265-4d09-4392-b9b2-3ec1823b693b', NULL, true, '0007cdc1-41c7-4237-841f-af6b63bc6c85');
INSERT INTO value_list_values VALUES ('eaef7daa-8301-4dc1-a763-4edd3ae03b90', '5832596c-cf60-4ec3-a9be-e8ceda5268ae', NULL, true, '0007cdc1-41c7-4237-841f-af6b63bc6c85');
INSERT INTO value_list_values VALUES ('36ca15c3-dc8c-4cf6-a1a3-d015b020bfd3', '68d42cfb-b350-45e4-a313-00c7d690d7fb', NULL, true, '0007cdc1-41c7-4237-841f-af6b63bc6c85');
INSERT INTO value_list_values VALUES ('1b92382e-bdcd-48c1-bf5a-7d084f12cdcf', 'fc6af4fa-2cc1-40c3-a59e-ff64203ea1fb', NULL, true, '0007cdc1-41c7-4237-841f-af6b63bc6c85');
INSERT INTO value_list_values VALUES ('fb1c8af6-4ffa-4178-895b-6d9bfbc95c66', '37103971-3927-4d2b-9ee2-84531c962891', NULL, true, '0007cdc1-41c7-4237-841f-af6b63bc6c85');
INSERT INTO value_list_values VALUES ('63ecd3d4-7e5d-4631-b7a4-3843f2866476', '414fbfcb-178e-4eb2-9626-ad449817e951', NULL, true, 'f64e20bc-55da-4efa-a2f5-ab664faef886');
INSERT INTO value_list_values VALUES ('35fe2530-fe24-44bf-a55d-020718d51bd1', '8c9cd4cf-0457-4b4b-b7e2-799768eb4695', NULL, true, 'f64e20bc-55da-4efa-a2f5-ab664faef886');
INSERT INTO value_list_values VALUES ('0c724d32-5f3b-4278-bdb1-b4352152a99f', 'b4fd7232-85c7-4962-b749-d5d9fbc60010', NULL, true, 'f64e20bc-55da-4efa-a2f5-ab664faef886');
INSERT INTO value_list_values VALUES ('9ce4a45e-13b3-4bbe-ae14-04e8bc2654bb', '5891a851-21b9-4601-92b8-c78513ab4ea0', NULL, true, 'f64e20bc-55da-4efa-a2f5-ab664faef886');
INSERT INTO value_list_values VALUES ('4e73296a-d010-43d5-b21f-c8b82a285318', '6b8160a3-d176-428b-8a58-68ec76a7c81d', NULL, true, 'f64e20bc-55da-4efa-a2f5-ab664faef886');
INSERT INTO value_list_values VALUES ('21cf872c-5a0b-4332-a9da-a08b42cbef66', '2459dcd0-d67e-439e-a0e4-2b70d1721985', NULL, true, 'f64e20bc-55da-4efa-a2f5-ab664faef886');

-- activate insert trigger on value_list_values that inhibit insert values to the value list "vl_data_type"
ALTER TABLE value_list_values ENABLE TRIGGER ALL;