SET search_path TO "project", "constraints", "public";
SET CLIENT_ENCODING TO "UTF8";

INSERT INTO localized_character_string VALUES ('d4bbc73b-85ed-4b63-9568-061d71742063', 'c0d76ff3-a711-42af-920d-09132a287015', 'Test-Projekt');
INSERT INTO localized_character_string VALUES ('d4bbc73b-85ed-4b63-9568-061d71742063', 'b36320a4-0c74-484e-8c5b-402693deee0f', 'Test project');
INSERT INTO localized_character_string VALUES ('b40828c1-6ba8-4a84-aa32-6b234774a819', 'c0d76ff3-a711-42af-920d-09132a287015', 'Dies ist ein Test Projekt!');
INSERT INTO localized_character_string VALUES ('b40828c1-6ba8-4a84-aa32-6b234774a819', 'b36320a4-0c74-484e-8c5b-402693deee0f', 'This is a test project!');
INSERT INTO localized_character_string VALUES ('829b6c94-e5db-4b78-ae90-fe3be19ee261', 'c0d76ff3-a711-42af-920d-09132a287015', 'Raum TC');
INSERT INTO localized_character_string VALUES ('829b6c94-e5db-4b78-ae90-fe3be19ee261', 'b36320a4-0c74-484e-8c5b-402693deee0f', 'Room TC');
INSERT INTO localized_character_string VALUES ('6dcec2b0-5231-42f2-a65d-42eeacdbba70', 'c0d76ff3-a711-42af-920d-09132a287015', 'Wand TC');
INSERT INTO localized_character_string VALUES ('6dcec2b0-5231-42f2-a65d-42eeacdbba70', 'b36320a4-0c74-484e-8c5b-402693deee0f', 'Wall TC');
INSERT INTO localized_character_string VALUES ('52b01345-2afb-4fef-93c7-9b9c08ae9761', 'c0d76ff3-a711-42af-920d-09132a287015', 'Metadaten TC');
INSERT INTO localized_character_string VALUES ('52b01345-2afb-4fef-93c7-9b9c08ae9761', 'b36320a4-0c74-484e-8c5b-402693deee0f', 'Meta data TC');
INSERT INTO localized_character_string VALUES ('beafb936-9e2e-4ff0-a035-fdc787cef5b7', 'c0d76ff3-a711-42af-920d-09132a287015', 'Raum');
INSERT INTO localized_character_string VALUES ('beafb936-9e2e-4ff0-a035-fdc787cef5b7', 'b36320a4-0c74-484e-8c5b-402693deee0f', 'Room');
INSERT INTO localized_character_string VALUES ('25018772-54bb-4682-b4fe-856fdda2eda4', 'c0d76ff3-a711-42af-920d-09132a287015', 'Wand');
INSERT INTO localized_character_string VALUES ('25018772-54bb-4682-b4fe-856fdda2eda4', 'b36320a4-0c74-484e-8c5b-402693deee0f', 'Wall');
INSERT INTO localized_character_string VALUES ('3c164632-1db0-471c-abc7-7c8634ad24e1', 'c0d76ff3-a711-42af-920d-09132a287015', 'Metadaten');
INSERT INTO localized_character_string VALUES ('3c164632-1db0-471c-abc7-7c8634ad24e1', 'b36320a4-0c74-484e-8c5b-402693deee0f', 'Meta data');
INSERT INTO localized_character_string VALUES ('e12fef7c-872a-4ab3-970c-98e19d682726', 'c0d76ff3-a711-42af-920d-09132a287015', 'Raum-Gruppe');
INSERT INTO localized_character_string VALUES ('e12fef7c-872a-4ab3-970c-98e19d682726', 'b36320a4-0c74-484e-8c5b-402693deee0f', 'room group');
INSERT INTO localized_character_string VALUES ('f876dcac-a36d-4cde-871f-e1f18a70e24f', 'c0d76ff3-a711-42af-920d-09132a287015', 'Wand-Gruppe');
INSERT INTO localized_character_string VALUES ('f876dcac-a36d-4cde-871f-e1f18a70e24f', 'b36320a4-0c74-484e-8c5b-402693deee0f', 'wall group');
INSERT INTO localized_character_string VALUES ('f6038513-5d0f-4392-877d-7727cbe2bbda', 'c0d76ff3-a711-42af-920d-09132a287015', 'Metadaten-Gruppe');
INSERT INTO localized_character_string VALUES ('f6038513-5d0f-4392-877d-7727cbe2bbda', 'b36320a4-0c74-484e-8c5b-402693deee0f', 'Meta data group');
INSERT INTO localized_character_string VALUES ('d73aae78-f4cc-4af7-ae06-9c2b337340e7', 'c0d76ff3-a711-42af-920d-09132a287015', 'Farbe');
INSERT INTO localized_character_string VALUES ('d73aae78-f4cc-4af7-ae06-9c2b337340e7', 'b36320a4-0c74-484e-8c5b-402693deee0f', 'Color');
INSERT INTO localized_character_string VALUES ('738e8c2e-7c9e-45c4-ba38-8c5e4a114729', 'c0d76ff3-a711-42af-920d-09132a287015', 'Höhe');
INSERT INTO localized_character_string VALUES ('738e8c2e-7c9e-45c4-ba38-8c5e4a114729', 'b36320a4-0c74-484e-8c5b-402693deee0f', 'Height');
INSERT INTO localized_character_string VALUES ('5903ba62-20ae-46b1-a191-407d8e90a7f9', 'c0d76ff3-a711-42af-920d-09132a287015', 'Quadratmeter');
INSERT INTO localized_character_string VALUES ('5903ba62-20ae-46b1-a191-407d8e90a7f9', 'b36320a4-0c74-484e-8c5b-402693deee0f', 'Square metre');
INSERT INTO localized_character_string VALUES ('1674f343-7393-4e00-b3c0-3b6f365e061b', 'c0d76ff3-a711-42af-920d-09132a287015', 'Bearbeiter');
INSERT INTO localized_character_string VALUES ('1674f343-7393-4e00-b3c0-3b6f365e061b', 'b36320a4-0c74-484e-8c5b-402693deee0f', 'Editor');
INSERT INTO localized_character_string VALUES ('116f90de-38ef-411a-a248-6649fb5d53aa', 'c0d76ff3-a711-42af-920d-09132a287015', 'letzte Bearbeitung');
INSERT INTO localized_character_string VALUES ('116f90de-38ef-411a-a248-6649fb5d53aa', 'b36320a4-0c74-484e-8c5b-402693deee0f', 'Last edit');
INSERT INTO localized_character_string VALUES ('d5a0b050-1a4c-4b7e-a412-8d408eb5ef2d', 'c0d76ff3-a711-42af-920d-09132a287015', 'Alex');
INSERT INTO localized_character_string VALUES ('d5a0b050-1a4c-4b7e-a412-8d408eb5ef2d', 'b36320a4-0c74-484e-8c5b-402693deee0f', 'Alex');
INSERT INTO localized_character_string VALUES ('5833a6d2-373f-416b-8ceb-daab82c05da6', 'bd0fcf55-547a-44da-b7c7-915e6e4ec40e', '2015-05-20 09:30:00+02');
INSERT INTO localized_character_string VALUES ('bbb5af67-d5f9-4dba-9c74-fd5a8c6fbc8e', 'c0d76ff3-a711-42af-920d-09132a287015', 'Tino');
INSERT INTO localized_character_string VALUES ('bbb5af67-d5f9-4dba-9c74-fd5a8c6fbc8e', 'b36320a4-0c74-484e-8c5b-402693deee0f', 'Tino');
INSERT INTO localized_character_string VALUES ('9e4e7cbc-9537-4e21-a377-3e73a6da301d', 'bd0fcf55-547a-44da-b7c7-915e6e4ec40e', '2014-02-19 08:45:00+01');
INSERT INTO localized_character_string VALUES ('7fb8bce8-b246-4fca-9c6c-23d3b8d6b6cd', 'bd0fcf55-547a-44da-b7c7-915e6e4ec40e', 25.0);
INSERT INTO localized_character_string VALUES ('d5375e94-d7e8-45e0-af52-08d952d8f3f0', 'bd0fcf55-547a-44da-b7c7-915e6e4ec40e', 5.0);
INSERT INTO localized_character_string VALUES ('8e7db6d5-cfe9-48a4-a6fb-01631b43a0c9', 'bd0fcf55-547a-44da-b7c7-915e6e4ec40e', 5.0);
INSERT INTO localized_character_string VALUES ('6989ec52-5c5e-4179-abd0-fb3c212974d0', 'bd0fcf55-547a-44da-b7c7-915e6e4ec40e', 5.0);
INSERT INTO localized_character_string VALUES ('d97352e5-35a6-485b-adb1-b2b16fb70c01', 'bd0fcf55-547a-44da-b7c7-915e6e4ec40e', 5.2);
INSERT INTO localized_character_string VALUES ('ef77bac4-4756-4020-9e77-db0e70d3c86c', 'bd0fcf55-547a-44da-b7c7-915e6e4ec40e', 4.8);
INSERT INTO localized_character_string VALUES ('d2f2b8f8-d4cd-4132-a594-f77057a85842', 'c0d76ff3-a711-42af-920d-09132a287015', 'gelb');
INSERT INTO localized_character_string VALUES ('d2f2b8f8-d4cd-4132-a594-f77057a85842', 'b36320a4-0c74-484e-8c5b-402693deee0f', 'yellow');
INSERT INTO localized_character_string VALUES ('104e48ce-3b77-420a-8615-f7f83acbd675', 'c0d76ff3-a711-42af-920d-09132a287015', 'blau');
INSERT INTO localized_character_string VALUES ('104e48ce-3b77-420a-8615-f7f83acbd675', 'b36320a4-0c74-484e-8c5b-402693deee0f', 'blue');
INSERT INTO localized_character_string VALUES ('1512b94c-dd78-4d16-99ed-ca03b5a0b769', 'c0d76ff3-a711-42af-920d-09132a287015', 'rot');
INSERT INTO localized_character_string VALUES ('1512b94c-dd78-4d16-99ed-ca03b5a0b769', 'b36320a4-0c74-484e-8c5b-402693deee0f', 'red');
INSERT INTO localized_character_string VALUES ('28a15c62-239e-474e-8785-ddab759022c6', 'c0d76ff3-a711-42af-920d-09132a287015', 'grün');
INSERT INTO localized_character_string VALUES ('28a15c62-239e-474e-8785-ddab759022c6', 'b36320a4-0c74-484e-8c5b-402693deee0f', 'green');
INSERT INTO localized_character_string VALUES ('4902bc22-1591-428b-b456-885a8b451b1e', 'c0d76ff3-a711-42af-920d-09132a287015', 'ist Teil von');
INSERT INTO localized_character_string VALUES ('4902bc22-1591-428b-b456-885a8b451b1e', 'b36320a4-0c74-484e-8c5b-402693deee0f', 'is part of');

INSERT INTO project VALUES ('e7d42bff-4e40-4f43-9d1b-1dc5a190cd75', 'd4bbc73b-85ed-4b63-9568-061d71742063', 'b40828c1-6ba8-4a84-aa32-6b234774a819', NULL); -- Test-Projekt

INSERT INTO attribute_type_group VALUES ('92c8b3ee-61cb-44ec-be29-312c1fbb33d6', 'e12fef7c-872a-4ab3-970c-98e19d682726', NULL, NULL); -- Raum-Gruppe
INSERT INTO attribute_type_group VALUES ('dbe9b7d4-710d-4418-bd28-95004dece304', 'f876dcac-a36d-4cde-871f-e1f18a70e24f', NULL, NULL); -- Wand-Gruppe
INSERT INTO attribute_type_group VALUES ('24e81d76-b7ea-4adf-bb46-4ee81b5b83ec', 'f6038513-5d0f-4392-877d-7727cbe2bbda', NULL, NULL); -- Metadaten-Gruppe

INSERT INTO multiplicity VALUES ('2d8bc741-c775-4932-b9ea-83f7251eee04', 0, 4);
INSERT INTO multiplicity VALUES ('dd051168-b938-4b2f-9361-cfbc7fc5dce4', 1, 1);

INSERT INTO value_list_values VALUES ('5de1f2f4-e766-400a-a1cb-2fe8a4373fc3', 'beafb936-9e2e-4ff0-a035-fdc787cef5b7', NULL, true, 'd145bf95-f6ea-4405-832b-55da75e825e5'); -- Raum in WL_Thema
INSERT INTO value_list_values VALUES ('f534260a-1173-41e3-99a7-98b4103b5e16', '25018772-54bb-4682-b4fe-856fdda2eda4', NULL, true, 'd145bf95-f6ea-4405-832b-55da75e825e5'); -- Wand in WL_Thema
INSERT INTO value_list_values VALUES ('e1d98bbb-d7c7-48fa-a770-57a3664fb38e', '3c164632-1db0-471c-abc7-7c8634ad24e1', NULL, true, 'd145bf95-f6ea-4405-832b-55da75e825e5'); -- Metadaten in WL_Thema

INSERT INTO attribute_type VALUES ('1d6f37c8-cdb7-4b0a-9a76-c3ae2513a013', 'd73aae78-f4cc-4af7-ae06-9c2b337340e7', NULL, '752fc105-f93b-4b22-bae2-87b2e31653b4', NULL, NULL); -- Farbe, varchar
INSERT INTO attribute_type VALUES ('091a2936-c1b5-4775-814c-0b4db70fe6cd', '5903ba62-20ae-46b1-a191-407d8e90a7f9', NULL, 'f5a22fd3-1b19-408c-8b6a-94f5d090d89f', NULL, NULL); -- Quadratmeter, float
INSERT INTO attribute_type VALUES ('8c3b7917-8975-46bb-8c08-3aa5076f8580', '738e8c2e-7c9e-45c4-ba38-8c5e4a114729', NULL, 'f5a22fd3-1b19-408c-8b6a-94f5d090d89f', NULL, NULL); -- Höhe, float
INSERT INTO attribute_type VALUES ('1f39489b-657d-4568-bbaa-ea191131814d', '1674f343-7393-4e00-b3c0-3b6f365e061b', NULL, '752fc105-f93b-4b22-bae2-87b2e31653b4', NULL, NULL); -- Bearbeiter, varchar
INSERT INTO attribute_type VALUES ('0226a839-4d1e-4a6f-aa67-d57dd5ea7de2', '116f90de-38ef-411a-a248-6649fb5d53aa', NULL, '1453be24-2b0c-4b40-a648-ecccf0f382a3', NULL, NULL); -- letzte Bearbeitung, date

INSERT INTO topic_characteristic VALUES ('3aac556e-0ca7-4d0f-8f6a-1886174b00c7', '829b6c94-e5db-4b78-ae90-fe3be19ee261', '5de1f2f4-e766-400a-a1cb-2fe8a4373fc3', 'e7d42bff-4e40-4f43-9d1b-1dc5a190cd75'); -- Raum-TC, Raum
INSERT INTO topic_characteristic VALUES ('3b218dd8-09a0-42e0-b570-efaba66c4c31', '6dcec2b0-5231-42f2-a65d-42eeacdbba70', 'f534260a-1173-41e3-99a7-98b4103b5e16', 'e7d42bff-4e40-4f43-9d1b-1dc5a190cd75'); -- Wand-TC, Wand
INSERT INTO topic_characteristic VALUES ('5bb8588a-8f0a-4198-a7cc-96ce498731a9', '52b01345-2afb-4fef-93c7-9b9c08ae9761', 'e1d98bbb-d7c7-48fa-a770-57a3664fb38e', 'e7d42bff-4e40-4f43-9d1b-1dc5a190cd75'); -- Metadaten-TC, Metadaten

INSERT INTO attribute_type_group_to_topic_characteristic VALUES ('b92c8ce1-278b-4926-8490-24918ac1799a', '92c8b3ee-61cb-44ec-be29-312c1fbb33d6', '3aac556e-0ca7-4d0f-8f6a-1886174b00c7', '2d8bc741-c775-4932-b9ea-83f7251eee04', 1); -- Raum-TC & Raum-Gruppe, m 0:4
INSERT INTO attribute_type_group_to_topic_characteristic VALUES ('4b75cfc5-cf3b-4ac0-b132-75bcf83b8e19', 'dbe9b7d4-710d-4418-bd28-95004dece304', '3b218dd8-09a0-42e0-b570-efaba66c4c31', '2d8bc741-c775-4932-b9ea-83f7251eee04', 1); -- Wand-TC & Wand-Gruppe, m 0:4
INSERT INTO attribute_type_group_to_topic_characteristic VALUES ('a381262e-2d5f-405e-9e8b-98bd43155ea0', '24e81d76-b7ea-4adf-bb46-4ee81b5b83ec', '5bb8588a-8f0a-4198-a7cc-96ce498731a9', '2d8bc741-c775-4932-b9ea-83f7251eee04', 1); -- Metadaten-TC & Metadaten-Gruppe, m 0:4

INSERT INTO attribute_type_to_attribute_type_group VALUES ('d0fb2968-0186-4d15-b7a0-895678cf2657', '091a2936-c1b5-4775-814c-0b4db70fe6cd', '92c8b3ee-61cb-44ec-be29-312c1fbb33d6', 'b92c8ce1-278b-4926-8490-24918ac1799a', 'dd051168-b938-4b2f-9361-cfbc7fc5dce4', NULL, 1); -- Quadratmeter - Raum-Gruppe, m 1:1
INSERT INTO attribute_type_to_attribute_type_group VALUES ('dd0f585e-b270-4140-a2be-eaff549e7dd1', '8c3b7917-8975-46bb-8c08-3aa5076f8580', '92c8b3ee-61cb-44ec-be29-312c1fbb33d6', 'b92c8ce1-278b-4926-8490-24918ac1799a', 'dd051168-b938-4b2f-9361-cfbc7fc5dce4', NULL, 1); -- Höhe - Raum-Gruppe, m 1:1

INSERT INTO attribute_type_to_attribute_type_group VALUES ('193b97e6-e8f8-4a4e-aa47-2b72916d24e8', '1d6f37c8-cdb7-4b0a-9a76-c3ae2513a013', 'dbe9b7d4-710d-4418-bd28-95004dece304', '4b75cfc5-cf3b-4ac0-b132-75bcf83b8e19', 'dd051168-b938-4b2f-9361-cfbc7fc5dce4', NULL, 1); -- Farbe - Wand-Gruppe, m 1:1
INSERT INTO attribute_type_to_attribute_type_group VALUES ('7dee86a0-b04d-4236-8516-bc7aa8baba98', '8c3b7917-8975-46bb-8c08-3aa5076f8580', 'dbe9b7d4-710d-4418-bd28-95004dece304', '4b75cfc5-cf3b-4ac0-b132-75bcf83b8e19', 'dd051168-b938-4b2f-9361-cfbc7fc5dce4', NULL, 1); -- Höhe - Wand-Gruppe, m 1:1

INSERT INTO attribute_type_to_attribute_type_group VALUES ('df853fd6-c1eb-48a0-91ab-9bf194ca4dd5', '1f39489b-657d-4568-bbaa-ea191131814d', '24e81d76-b7ea-4adf-bb46-4ee81b5b83ec', 'a381262e-2d5f-405e-9e8b-98bd43155ea0', 'dd051168-b938-4b2f-9361-cfbc7fc5dce4', NULL, 1); -- Bearbeiter - Metadaten-Gruppe, m 1:1
INSERT INTO attribute_type_to_attribute_type_group VALUES ('005d75d2-bd72-4a81-a83f-ec0596225581', '0226a839-4d1e-4a6f-aa67-d57dd5ea7de2', '24e81d76-b7ea-4adf-bb46-4ee81b5b83ec', 'a381262e-2d5f-405e-9e8b-98bd43155ea0', 'dd051168-b938-4b2f-9361-cfbc7fc5dce4', NULL, 1); -- letzte Bearbeitung - Metadaten-Gruppe, m 1:1

INSERT INTO topic_instance VALUES ('fab4e287-3b8e-48fa-9282-63fc123dff47', '3aac556e-0ca7-4d0f-8f6a-1886174b00c7'); -- Raum-TI-1
INSERT INTO topic_instance VALUES ('53f85242-2cb0-427c-882b-d4bdbf27e360', '3b218dd8-09a0-42e0-b570-efaba66c4c31'); -- Wand-TI-1
INSERT INTO topic_instance VALUES ('07be6a08-d8a7-4c80-ae7e-281d2d306a59', '3b218dd8-09a0-42e0-b570-efaba66c4c31'); -- Wand-TI-2
INSERT INTO topic_instance VALUES ('0e15494c-e461-448c-81a3-f362b782feaa', '3b218dd8-09a0-42e0-b570-efaba66c4c31'); -- Wand-TI-3
INSERT INTO topic_instance VALUES ('d99a195f-f977-4b88-8246-1c3caca45fd4', '3b218dd8-09a0-42e0-b570-efaba66c4c31'); -- Wand-TI-4
INSERT INTO topic_instance VALUES ('e01a9b89-a9dd-4a18-ac60-3bdf08dff492', '5bb8588a-8f0a-4198-a7cc-96ce498731a9'); -- Metadaten-TI-1
INSERT INTO topic_instance VALUES ('c335daac-5bb3-4152-9b47-84b9694a7fbe', '5bb8588a-8f0a-4198-a7cc-96ce498731a9'); -- Metadaten-TI-2

INSERT INTO value_list_values VALUES ('c34c9b66-25b8-4e45-9abb-2854fc901aef', '4902bc22-1591-428b-b456-885a8b451b1e', NULL, true, '85bc27a7-dfa5-4a79-adaf-1e8886053b2e'); -- "beinhaltet" in WL_Beziehungstyp

INSERT INTO relationship_type VALUES ('63a9125e-7c0e-4c85-abe5-56905900a150', '5de1f2f4-e766-400a-a1cb-2fe8a4373fc3', 'c34c9b66-25b8-4e45-9abb-2854fc901aef'); -- Relationstyp "beinhaltet" für Thema "Raum" aus WL_Thema

INSERT INTO relationship_type_to_topic_characteristic VALUES ('3b218dd8-09a0-42e0-b570-efaba66c4c31', '63a9125e-7c0e-4c85-abe5-56905900a150', '2d8bc741-c775-4932-b9ea-83f7251eee04'); -- Relationstyp "beínhaltet" für Wand-TC mit Multiplizität 0:4

INSERT INTO topic_instance_x_topic_instance VALUES ('1af5b2d8-5854-4dcb-b31c-1778c5015e1b', '53f85242-2cb0-427c-882b-d4bdbf27e360', 'fab4e287-3b8e-48fa-9282-63fc123dff47', '63a9125e-7c0e-4c85-abe5-56905900a150'); -- Raum-TI-1 beinhaltet Wand-TI-1
INSERT INTO topic_instance_x_topic_instance VALUES ('aa427e06-8fa1-4df6-a367-39a479d0f29e', '07be6a08-d8a7-4c80-ae7e-281d2d306a59', 'fab4e287-3b8e-48fa-9282-63fc123dff47', '63a9125e-7c0e-4c85-abe5-56905900a150'); -- Raum-TI-1 beinhaltet Wand-TI-2
INSERT INTO topic_instance_x_topic_instance VALUES ('72892807-6f35-4b21-a3aa-9b346a432671', '0e15494c-e461-448c-81a3-f362b782feaa', 'fab4e287-3b8e-48fa-9282-63fc123dff47', '63a9125e-7c0e-4c85-abe5-56905900a150'); -- Raum-TI-1 beinhaltet Wand-TI-3
INSERT INTO topic_instance_x_topic_instance VALUES ('8702ac0c-4483-4221-b018-f30c3bdd6b93', 'd99a195f-f977-4b88-8246-1c3caca45fd4', 'fab4e287-3b8e-48fa-9282-63fc123dff47', '63a9125e-7c0e-4c85-abe5-56905900a150'); -- Raum-TI-1 beinhaltet Wand-TI-4


INSERT INTO attribute_value_value ("id", "value", "attribute_type_to_attribute_type_group_id", "topic_instance_id") VALUES ('3a1175c5-9a7a-4526-b0f3-03b85a4ec770', '7fb8bce8-b246-4fca-9c6c-23d3b8d6b6cd', 'd0fb2968-0186-4d15-b7a0-895678cf2657', 'fab4e287-3b8e-48fa-9282-63fc123dff47'); -- Quadratmeter: 25.0 / Raum-TI-1
INSERT INTO attribute_value_value ("id", "value", "attribute_type_to_attribute_type_group_id", "topic_instance_id") VALUES ('d8f54644-6f0e-4bef-b1f7-d088c06c1c88', 'd5375e94-d7e8-45e0-af52-08d952d8f3f0', 'dd0f585e-b270-4140-a2be-eaff549e7dd1', 'fab4e287-3b8e-48fa-9282-63fc123dff47'); -- Höhe: 5.0 / Raum-TI-1

INSERT INTO attribute_value_value ("id", "value", "attribute_type_to_attribute_type_group_id", "topic_instance_id") VALUES ('b1b9277d-eb84-4308-b127-1b5fdc5677dd', '8e7db6d5-cfe9-48a4-a6fb-01631b43a0c9', '7dee86a0-b04d-4236-8516-bc7aa8baba98', '53f85242-2cb0-427c-882b-d4bdbf27e360'); -- Höhe: 5.0 / Wand-TI-1
INSERT INTO attribute_value_value ("id", "value", "attribute_type_to_attribute_type_group_id", "topic_instance_id") VALUES ('f0a4e4cd-d1af-4e58-be92-487b4cd45160', 'd2f2b8f8-d4cd-4132-a594-f77057a85842', '193b97e6-e8f8-4a4e-aa47-2b72916d24e8', '53f85242-2cb0-427c-882b-d4bdbf27e360'); -- Farbe: gelb / Wand-TI-1

INSERT INTO attribute_value_value ("id", "value", "attribute_type_to_attribute_type_group_id", "topic_instance_id") VALUES ('01e85d4d-a620-420a-81fc-224ecf51f73f', 'd97352e5-35a6-485b-adb1-b2b16fb70c01', '7dee86a0-b04d-4236-8516-bc7aa8baba98', '07be6a08-d8a7-4c80-ae7e-281d2d306a59'); -- Höhe: 5.2 / Wand-TI-2
INSERT INTO attribute_value_value ("id", "value", "attribute_type_to_attribute_type_group_id", "topic_instance_id") VALUES ('cfdeb3d7-a3c5-4a5e-9a2e-145b08c7d203', '104e48ce-3b77-420a-8615-f7f83acbd675', '193b97e6-e8f8-4a4e-aa47-2b72916d24e8', '07be6a08-d8a7-4c80-ae7e-281d2d306a59'); -- Farbe: blau / Wand-TI-2

INSERT INTO attribute_value_value ("id", "value", "attribute_type_to_attribute_type_group_id", "topic_instance_id") VALUES ('5b658b7b-e035-449e-9403-0a319654be68', 'ef77bac4-4756-4020-9e77-db0e70d3c86c', '7dee86a0-b04d-4236-8516-bc7aa8baba98', '0e15494c-e461-448c-81a3-f362b782feaa'); -- Höhe: 4.8 / Wand-TI-3
INSERT INTO attribute_value_value ("id", "value", "attribute_type_to_attribute_type_group_id", "topic_instance_id") VALUES ('f156b555-4603-473a-b21c-d5211601aedb', '1512b94c-dd78-4d16-99ed-ca03b5a0b769', '193b97e6-e8f8-4a4e-aa47-2b72916d24e8', '0e15494c-e461-448c-81a3-f362b782feaa'); -- Farbe: rot / Wand-TI-3

INSERT INTO attribute_value_value ("id", "value", "attribute_type_to_attribute_type_group_id", "topic_instance_id") VALUES ('d6fbc1ec-c0cd-43f4-8f26-0b8f15070d50', '6989ec52-5c5e-4179-abd0-fb3c212974d0', '7dee86a0-b04d-4236-8516-bc7aa8baba98', 'd99a195f-f977-4b88-8246-1c3caca45fd4'); -- Höhe: 5.0 / Wand-TI-4
INSERT INTO attribute_value_value ("id", "value", "attribute_type_to_attribute_type_group_id", "topic_instance_id") VALUES ('76fab6bf-1402-4691-8bd2-4deb3dbd0bd6', '28a15c62-239e-474e-8785-ddab759022c6', '193b97e6-e8f8-4a4e-aa47-2b72916d24e8', 'd99a195f-f977-4b88-8246-1c3caca45fd4'); -- Farbe: grün / Wand-TI-4

INSERT INTO attribute_value_value ("id", "value", "attribute_type_to_attribute_type_group_id", "topic_instance_id") VALUES ('faaac2c3-07f5-4c9b-bdd1-ed65f146d14d', 'd5a0b050-1a4c-4b7e-a412-8d408eb5ef2d', 'df853fd6-c1eb-48a0-91ab-9bf194ca4dd5', 'e01a9b89-a9dd-4a18-ac60-3bdf08dff492'); -- Bearbeiter: Alex / Metadaten-TI-1
INSERT INTO attribute_value_value ("id", "value", "attribute_type_to_attribute_type_group_id", "topic_instance_id") VALUES ('d0a6222c-f38a-40d1-af2c-9ea8633d6d1b', '5833a6d2-373f-416b-8ceb-daab82c05da6', '005d75d2-bd72-4a81-a83f-ec0596225581', 'e01a9b89-a9dd-4a18-ac60-3bdf08dff492'); -- letzte Bearbeitung: 2015-05-20 09:30:00+02 / Metadaten-TI-1

INSERT INTO attribute_value_value ("id", "value", "attribute_type_to_attribute_type_group_id", "topic_instance_id") VALUES ('2174b9d1-785e-4b0f-9a7d-37649697eeec', 'bbb5af67-d5f9-4dba-9c74-fd5a8c6fbc8e', 'df853fd6-c1eb-48a0-91ab-9bf194ca4dd5', 'c335daac-5bb3-4152-9b47-84b9694a7fbe'); -- Bearbeiter: Tino / Metadaten-TI-2
INSERT INTO attribute_value_value ("id", "value", "attribute_type_to_attribute_type_group_id", "topic_instance_id") VALUES ('01f00f36-ac30-4c83-9dac-ef1b24abc79c', '9e4e7cbc-9537-4e21-a377-3e73a6da301d', '005d75d2-bd72-4a81-a83f-ec0596225581', 'c335daac-5bb3-4152-9b47-84b9694a7fbe'); -- letzte Bearbeitung: 2014-02-19 08:45:00+01 / Metadaten-TI-2

--ROLLBACK;